{
  "patient_identifiers": "Arav Sharma, age 5, with persistent cough and weight loss, being evaluated",
  "demographics": {
    "age": "The patient’s age is 5 years.",
    "sex": "The patient’s gender"
  },
  "visit": {
    "date_time": "The visit occurred sometime between October 1st and November 1st,",
    "type": "It was an outpatient visit with a child’s"
  },
  "chief_complaint": "Persistent cough with weight loss over several months, plus nocturnal exacerbation. No acute distress",
  "onset_duration": "The cough has persisted for about nine months with weight",
  "symptom_description": "Persistent cough with weight loss, nocturnal exacerbation, mild appetite changes, no fever or severe distress. No definitive diagnosis yet. Needs",
  "aggravating_factors": "Cough, poor appetite, dehydration, fatigue, and weight loss. These factors can worsen the condition",
  "relieving_factors": "Parent-led home management strategies suggested by the health team include maintaining good hydration, avoiding",
  "associated_symptoms": [
    "Persistent cough with nocturnal exacerbation",
    "weight loss",
    "poor appetite",
    "intermittent nasal congestion",
    "mild fatigue",
    "no fever or severe breathlessness"
  ],
  "past_medical_history": "No prior medical history was recorded in this conversation. The focus was on current symptoms, risk",
  "past_surgical_history": "No surgical history was recorded in this dialogue. The focus was on presenting symptoms, risk factors,",
  "family_history": "Family history was not explicitly mentioned in the dialogue. There is no summary available for it.",
  "current_medications": [
    "Semicolumn-separated list of medications currently taken by Arav: - Ayurvedic medicines: Gomdeva, Chyavanjura, Vamana",
    "Antihistamines: Lenzine",
    "Antibiotics: Cefixime",
    "Other"
  ],
  "allergies": "None of the patients had known food allergies. They were",
  "social_history": "Social history includes tobacco use (cigarettes and bidis), alcohol consumption (once per week), and access to healthcare services.",
  "functional_status": "Arav’s functional status is stable with mild fatigue and reduced energy. He has weight loss but",
  "vital_signs": "Weight: ~60 kg; height ~140 cm; BMI ~18.5; normal range 18–25; current stable but close to ideal. Note:",
  "examination_findings": "No exam details were provided in this conversation. The focus was on risk factors, symptoms, and an upcoming",
  "investigations": [
    "Growth monitoring, nutrition assessment, respiratory exam, chest imaging if indicated",
    "stool caloric density testing",
    "vitamin/mineral supplementation",
    "referral to specialist if nee"
  ],
  "assessment_primary_diagnosis": "Primary diagnosis was not established by this conversation. The plan focused on collecting history,",
  "differential_diagnoses": [
    "Asthma with chronic cough - Cystic fibrosis (CF) - TB (with malnutrition risk) - Pneumonia-like"
  ],
  "management_plan": "- Plan highlights: - Primary focus: chronic cough in an infant with weight loss and poor appetite. - Key steps: growth monitoring,",
  "tests_referrals_planned": [
    "Complete blood count (CBC) - Chest X-ray - Pulmonary function test (PFT) - Urine analysis - Genetic testing (if indicated by history or risk factors) - Referral letters to"
  ],
  "follow_up_plan": "- Follow-up plan includes re-measurement of weight and height with growth charting; nutrition assessment including feeding",
  "chronology_response_to_treatment": "Arav’s condition remains unclear with persistent cough over nine months, weight loss, and inadequate dietary intake. No definitive",
  "patient_concerns_preferences_consent": "- Arav’s concerns: Persistent cough for over nine months with weight loss; no fever or severe illness reported.",
  "safety_issues_red_flags": "Red flags mentioned by the child’s parent include persistent cough with weight loss, poor appetite, nasal congestion, and",
  "coding_terms": "CPT: 0480-0480-0480 (cough, growth, nutrition); 0480-0480-0480 (growth chart); 0480-0480-0480 (diary); 0480-0480-0480 (diet); 0480-0480-0480 (fever/cold); 0480-0480-0480 (air"
}