{
  "patient_identifiers": "The patient’s name was not provided in the dialogue. The conversation focused",
  "demographics": {
    "age": "The patient’s age is 45 years",
    "sex": "The patient is"
  },
  "visit": {
    "date_time": "The visit occurred sometime between October 2025 and December 2025,",
    "type": "It was a clinic-based visit focused on evaluating"
  },
  "chief_complaint": "Persistent throat pain for ~two months, no fever, weight loss, and changes in voice.",
  "onset_duration": "Symptoms were present for about two months. The exact duration",
  "symptom_description": "Persistent throat pain for ~2 months, weight loss, reduced appetite, no fever or night sweats. No clear lump reported yet.",
  "aggravating_factors": "Persistent dry mouth, fatigue, weight loss, and hoarseness during voice use. These symptoms suggest",
  "relieving_factors": "The relief strategy involves maintaining good hydration, eating small, frequent meals, avoiding irritants like",
  "associated_symptoms": [
    "Persistent throat pain for ~2 months",
    "weight loss",
    "difficulty swallowing",
    "no fever or night sweats reported. Semiclosed list preferred"
  ],
  "past_medical_history": "Patient has no known major health issues before today’s visit. He mentions tobacco use (beedis, gutka),",
  "past_surgical_history": "Rajesh Kumar presented with persistent throat pain for about two months, weight loss, and reduced appetite.",
  "family_history": "Family history was not provided in the dialogue. The conversation focused on presenting symptoms, risk factors,",
  "current_medications": [
    "Medications listed today: none known. We'll collect them when we have access to Rajesh's records later. The doctor will review his medication history during"
  ],
  "allergies": "Rajesh Kumar has no known food allergies. N/A for other",
  "social_history": "Social history includes tobacco use (beedi/cigarettes), alcohol use (beer, wine), and poor dental hygiene. These risk factors are",
  "functional_status": "Rajesh Kumar presents with persistent throat pain for ~2 months, weight loss, and reduced appetite. He",
  "vital_signs": "- Blood pressure: normal. - Heart rate: stable. - Respiratory rate: steady. - Temperature: normal. - Overall condition:",
  "examination_findings": "No exam was conducted during the dialogue. The focus was on presenting symptoms and risk assessment rather than",
  "investigations": [
    "Biopsies: Neck lump",
    "FNAC of neck lymph nodes",
    "MRI/CT for staging",
    "PET-CT if needed",
    "HPV testing as indicated. Semicolumns: biopsy",
    "FNAC"
  ],
  "assessment_primary_diagnosis": "The primary diagnosis isn't specified yet. The conversation focuses on evaluating potential head-and-neck cancer",
  "differential_diagnoses": [
    "Cervical/oropharyngeal malignancy (cancer) - Lymphadenopathy without obvious mass - Suspicious non-cancerous lesion (infection/inflammation) - Poor"
  ],
  "management_plan": "- Initial diagnosis and plan: The patient presented with throat pain for ~two months, weight loss, and reduced appetite. He was referred",
  "tests_referrals_planned": [
    "Biopsy",
    "FNAC",
    "MRI/CT",
    "HPV testing",
    "referral to ENT",
    "dietary guidance"
  ],
  "follow_up_plan": "- Follow-up plan includes scheduling a second visit in 2–3 weeks, with earlier contact if symptoms",
  "chronology_response_to_treatment": "The conversation describes a series of questions and responses focused on a patient named Rajesh Kumar who presents",
  "patient_concerns_preferences_consent": "Patient concerns: Painful throat for ~2 months, weight loss, reduced appetite. No definitive diagnosis yet. HPV testing discussed",
  "safety_issues_red_flags": "Red flags mentioned during the dialogue include: - Persistent throat pain for >2 months - Unexplained weight loss",
  "coding_terms": "Cancer staging: TNM; HPV testing; biopsy; imaging; multidisciplinary team; dietary guidance; supportive care; follow-up scheduling. N/A"
}