{
  "patient_identifiers": "The patient’s name was not explicitly identified in the dialogue. The conversation",
  "demographics": {
    "age": "Patient is 45 years old.",
    "sex": "The patient’s gender"
  },
  "visit": {
    "date_time": "The visit occurred at some point between October 1st and",
    "type": "The visit was an outpatient consultation with Rajesh"
  },
  "chief_complaint": "Persistent cough with hoarseness for ~three months, along with weight loss and appetite reduction,",
  "onset_duration": "Symptoms were present for about three months with hoarseness noted",
  "symptom_description": "Persistent cough with hoarseness, weight loss over two-three months, and a larger-than-normal neck lump. No fever, night sweats, or significant",
  "aggravating_factors": "Persistent cough with hoarseness, weight loss over two-three months, and poor appetite. These are",
  "relieving_factors": "Relief strategies mentioned include humidification, warm water gargles, and gentle neck massage; rest and",
  "associated_symptoms": [
    "Persistent cough for ~3 months with hoarseness noted recently. - Significant weight loss over 2–3 months. - Dysphagia (difficulty swallowing). - No fever, night sweats, or other"
  ],
  "past_medical_history": "Patient has a long-standing cough with hoarseness, weight loss over 2–3 months, and an enlarged neck",
  "past_surgical_history": "- Rajesh Kumar’s history includes chronic cough with hoarseness for ~three months, weight loss over two-three",
  "family_history": "Family history includes a paternal history of cancer, with no reported family history of smoking or",
  "current_medications": [
    "Antihistamine",
    "Antibiotics",
    "Analgesic",
    "Anti-inflammatory",
    "Hypotensive agent",
    "Diuretic"
  ],
  "allergies": "Allergies: None reported. No food/dietary restrictions mentioned. If there were",
  "social_history": "- Rajesh Kumar has a long-standing cough with hoarseness, weight loss over 2–3 months, and a history of",
  "functional_status": "Patient has chronic cough with hoarseness, weight loss over 2–3 months, and risk factors of long-term",
  "vital_signs": "- Respiratory rate: normal. - Heart rate: stable. - Temperature: normal. - Blood pressure: normal. - Oxygen saturation:",
  "examination_findings": "Key findings from the examination: - Respiratory system: No obvious respiratory distress; mild intermittent cough with hoarseness noted",
  "investigations": [
    "Throat/laryngeal examination with possible endoscopic view. - Chest X-ray. - Blood tests (CBC, liver function test, kidney function). - FNAC/biopsy if indicated by exam/imaging"
  ],
  "assessment_primary_diagnosis": "Primary diagnosis was not established at this visit. The plan focused on symptom evaluation,",
  "differential_diagnoses": [
    "Chronic rhinosinusitis with suspected malignancy (e.g., lung cancer). - Hypertension with respiratory symptoms. - Possible"
  ],
  "management_plan": "- Primary diagnosis: Chronic cough with hoarseness, associated weight loss, and risk factor of smoking/alcohol exposure. - Immediate actions: Comprehensive physical exam,",
  "tests_referrals_planned": [
    "ENT evaluation with possible endoscopy",
    "CT/MRI if indicated",
    "FNAC/biopsy if suspicious lesions found. - Endoscopy planned first",
    "biopsy/FNAC if lesion confirmed. - Staging based"
  ],
  "follow_up_plan": "- Follow-up plan includes repeating the initial symptom diary with new data, re-evaluating risk factors (smoking/alcohol),",
  "chronology_response_to_treatment": "Patient has completed an initial evaluation with a plan for detailed diagnostics (laryngoscopy, chest X-ray, blood tests), followed",
  "patient_concerns_preferences_consent": "Patient-reported concerns include persistent cough with hoarseness, weight loss over two-three months, and a history of smoking and",
  "safety_issues_red_flags": "Red flags identified: - Persistent cough with hoarseness for >three months. - Significant weight loss over two to",
  "coding_terms": "- The patient’s risk category would likely fall into higher-risk group due to long-standing cough with"
}