{
  "patient_identifiers": "The patient’s name was not explicitly stated in the dialogue. The conversation",
  "demographics": {
    "age": "5 years old.",
    "sex": "Male, 5 years"
  },
  "visit": {
    "date_time": "The visit occurred sometime between March 2024 through May 2024,",
    "type": "It was an outpatient visit focused on evaluating"
  },
  "chief_complaint": "Persistent cough, fatigue, weight loss, and intermittent chest tightness over several months. No definitive",
  "onset_duration": "The patient has had symptoms for about 3–4 weeks, with",
  "symptom_description": "Persistent cough, fatigue, weight loss, intermittent wheezing, poor appetite, intermittent nasal congestion. No fever reported. Headache noted intermittently. N/A if",
  "aggravating_factors": "Fatigue, fever, night sweats, weight loss, poor appetite, cough, breathlessness, nasal congestion, dehydration, diarrhea,",
  "relieving_factors": "The patient has been relieved by a combination of nutritional strategies—high-protein diet, fat-soluble vitamins,",
  "associated_symptoms": [
    "Persistent cough, weight loss, fatigue, intermittent breathlessness, nasal congestion, occasional wheezing, recurrent ear infections, poor appetite, night sweats, mild abdominal"
  ],
  "past_medical_history": "Past medical history was limited. No specific diagnoses were mentioned. The focus was on current symptoms",
  "past_surgical_history": "No prior surgery was performed. The focus is on current symptoms, risk factors, and plan for",
  "family_history": "Family history was noted as having asthma and tuberculosis exposure; no specific genetic risk factors were",
  "current_medications": [
    "Rifampicin",
    "Isoniazid",
    "Ethambazon",
    "Azithromycin",
    "Ceftriaxone",
    "Loperamide"
  ],
  "allergies": "Allergies noted: No known food allergy, no known drug allergy,",
  "social_history": "Social history notes tobacco use: Aarav has been smoking cigarettes and smokeless tobacco products (khaini/gutkha/pan masala). The patient",
  "functional_status": "- Aarav has been evaluated for chronic cough, weight loss, fatigue, and poor appetite. The plan",
  "vital_signs": "- Temperature: normal. - Heart rate: usually steady. - Blood pressure: not measured routinely unless indicated. - Oxygen",
  "examination_findings": "No exam details were provided in this exchange. The dialogue focuses on patient education and management rather than",
  "investigations": [
    "CBC/LFT/KFT - Chest X-ray - Pulmonary function test (PFT) - Imaging (CT/MRI) if indicated by findings - Genetic testing (e.g., CFTR mutation screening) - Nutritional status revie"
  ],
  "assessment_primary_diagnosis": "Primary diagnosis was suspected TB because of chronic cough, weight loss, and poor growth",
  "differential_diagnoses": [
    "Chronic cough with weight loss and poor growth: CF/CF-like condition",
    "cystic fibrosis. - TB: ongoing"
  ],
  "management_plan": "- Plan highlights: - Primary goal: manage chronic cough, weight loss, fatigue, and poor appetite through nutrition, hydration, and symptom monitoring. -",
  "tests_referrals_planned": [
    "CBC/LFT/KFT - Chest X-ray/CT/MRI if indicated - Pulmonary function test (PFT) - Genetic testing (e.g., CFTR mutation screening) - Referral letters to ENT/Pulmonology - Imaging pl"
  ],
  "follow_up_plan": "- Follow-up plan after initial workup: - Continue symptom diary and weight tracking; review recent data",
  "chronology_response_to_treatment": "Patient follows a structured plan with a stepwise approach: first, CBC, LFT, KFT; then imaging if indicated; TB",
  "patient_concerns_preferences_consent": "Patient concerns noted: Persistent cough, weight loss, fatigue, intermittent fever, poor appetite, and risk factors for TB exposure.",
  "safety_issues_red_flags": "- Persistent fever >7 days, new or worsening cough, rapid breathing, or signs of dehydration (very dry mouth,",
  "coding_terms": "CPT: 710-711-712-713-714-715-716-717-718-719-720-721-722-723-724-725-726-727-728-729-730-731-732-733-734-735-736-737-738-"
}