{
  "patient_identifiers": "The patient’s name was not explicitly stated in the dialogue. The conversation",
  "demographics": {
    "age": "3 years old.",
    "sex": "The patient’s gender"
  },
  "visit": {
    "date_time": "The visit occurred around mid-January 2025, with follow-up appointments scheduled",
    "type": "It was an outpatient clinic visit focused on"
  },
  "chief_complaint": "Persistent cough, poor weight gain, oily stools, noted by the child's family. The primary",
  "onset_duration": "Cough and poor weight gain started around three months ago;",
  "symptom_description": "Persistent cough, poor weight gain, oily stools, intermittent fever, recurrent infections. No definitive diagnosis yet. Needs evaluation by a pediatrician",
  "aggravating_factors": "Fatigue, fever, dehydration, worsening breathing, or new severe pain.",
  "relieving_factors": "Fat malabsorption, hydration, nutrition, airway clearance, and infection prevention.",
  "associated_symptoms": [
    "Persistent cough",
    "poor weight gain",
    "oily stools",
    "intermittent fever",
    "fatigue",
    "occasional night sweats"
  ],
  "past_medical_history": "No prior medical history was recorded in this conversation. The focus was on current symptoms, diagnostic",
  "past_surgical_history": "Surgical history was not discussed in this conversation. The focus was on evaluating CF suspicion via",
  "family_history": "Family history noted: Father had cancer; Mother has thyroid issues. Carrier status for CF discussed; genetic",
  "current_medications": [
    "Nebulizer inhaler",
    "Pancreatic enzymes (Panlipase, Enzar Forte)",
    "Vitamin D supplementation",
    "Antibiotics when prescribed by doctor",
    "Antihistamines for itching"
  ],
  "allergies": "None of the patients mentioned known food allergies or other",
  "social_history": "Social history notes tobacco use: occasional smoking; no heavy alcohol intake. No known tobacco exposure during pregnancy noted.",
  "functional_status": "The child has chronic cough, poor weight gain, and oily stools suggestive of cystic fibrosis. No",
  "vital_signs": "Weight ~7 kg; height ~65 cm; breathing sounds clear; no fever or night sweats reported. No other urgent",
  "examination_findings": "No exam details were provided in this exchange. The focus was on establishing a CF workup pathway and",
  "investigations": [
    "Physical exam: neck lymph nodes, chest/abdomen assessment. - Sweat test: planned at a major center (CMC Vellore, AIIMS Delhi, PGI Chandigarh). - Genetic counseling: initiated aft"
  ],
  "assessment_primary_diagnosis": "Primary diagnosis: CF suspicion due to persistent cough, poor weight gain, and oily stools.",
  "differential_diagnoses": [
    "Cystic fibrosis (CF): malabsorption, chronic cough, and fat malabsorption",
    "TB considered if CF negative or inconclusive"
  ],
  "management_plan": "- Summary of management plan: - Primary diagnosis: CF suspicion due to persistent cough, poor weight gain, and oily stools. - Immediate",
  "tests_referrals_planned": [
    "Sweat test: performed at a nearby center",
    "results expected in 1–2 days. - Genetic counseling: scheduled after sweat test",
    "results discussed with family. - Nutrition plan: high-ca"
  ],
  "follow_up_plan": "- Follow-up plan after sweat test: - Continue nutrition optimization and ongoing monitoring. - Consider genetic",
  "chronology_response_to_treatment": "Patient follows structured plan: physical exam, nutrition optimization, and genetic counseling; sweat test arranged at a nearby center;",
  "patient_concerns_preferences_consent": "Cough since birth, poor weight gain, oily stools; no fever; no previous diagnosis; no known allergies; consent obtained",
  "safety_issues_red_flags": "Red flags include persistent cough, poor weight gain, oily stools, and fever with breathing difficulty. These should prompt",
  "coding_terms": "CF, CFTR mutation, genetic counseling, nutrition, enzymes, infection prevention, vaccination, follow-up, home monitoring, school accommodations, social"
}