{
  "patient_identifiers": "The patient’s name was not explicitly mentioned in the dialogue. The conversation",
  "demographics": {
    "age": "The patient is an infant aged",
    "sex": "The patient’s gender"
  },
  "visit": {
    "date_time": "The visit occurred around mid-January 2025, with Rajesh's mother attending.",
    "type": "In-person visit with telemedicine options. Two-week follow-up planned;"
  },
  "chief_complaint": "Persistent cough since birth, poor weight gain, oily stools. No specific diagnosis yet. Two-week",
  "onset_duration": "Cough has been present since birth, with worsening over time.",
  "symptom_description": "Persistent cough, oily stools, slow weight gain, intermittent fever, fatigue, mild nasal congestion. No clear diagnosis yet. Focus on gathering",
  "aggravating_factors": "Cough, poor weight gain, oily stools, dehydration, fever, and fatigue. These exacerbate risk factors",
  "relieving_factors": "Relief through good nutrition, adequate fluids, rest, and gentle activity; antibiotics used only when",
  "associated_symptoms": [
    "Cough, poor weight gain, oily stools, intermittent nasal congestion, mild fatigue, occasional sleep disturbance, intermittent wheeze, recurrent ear infection, pale complexion, dela"
  ],
  "past_medical_history": "No prior medical history was recorded. The focus is on current symptoms, risk factors, and planned",
  "past_surgical_history": "No surgical history was recorded in the dialogue. The focus was on presenting symptoms, risk factors,",
  "family_history": "Family history was not explicitly recorded in the dialogue. No specific family history-related risk factors were",
  "current_medications": [
    "No medications listed yet. The conversation focuses on gathering baseline data, starting investigations, and preparing for treatment based on results. Medications would appear once"
  ],
  "allergies": "None of the parents have known food allergies. They do",
  "social_history": "Social history notes tobacco use: occasional smoking; alcohol use limited but not excluded; no confirmed addiction yet. No",
  "functional_status": "- Rajesh’s condition is ongoing, with persistent cough, poor weight gain, and oily stools. No definitive",
  "vital_signs": "Weight: ~3.3 kg; height: ~65 cm; age: 7 months; current BMI: ~19.5–20.5 kg/m². Note: these values are approximate",
  "examination_findings": "No clear examination findings were reported in the dialogue. The focus was on symptom description, risk factors, and",
  "investigations": [
    "Chest X-ray",
    "Complete blood count (CBC)",
    "Liver function tests (LFTs)",
    "Kidney function tests (KFTs)",
    "Urine testing if indicated",
    "Stool analysis if available"
  ],
  "assessment_primary_diagnosis": "Primary diagnosis was not established at this visit. The plan focused on gathering baseline",
  "differential_diagnoses": [
    "Chronic cough in an infant with poor weight gain and oily stools should consider cystic"
  ],
  "management_plan": "- Management plan focuses on nutritional optimization, infection prevention, and supportive care. - Feed adjustment and energy-dense diet; emphasize fat-soluble vitamins D",
  "tests_referrals_planned": [
    "CBC, LFTs, KFTs, stool analysis",
    "chest X-ray if lung signs suspected",
    "MRI or CT as indicated",
    "referral to pediatric gastroenterology if lung signs persist or worsen. HPV testing"
  ],
  "follow_up_plan": "Follow-up plan emphasizes ongoing monitoring and management based on new symptom reports and test results. Key",
  "chronology_response_to_treatment": "The conversation describes ongoing management of an infant suspected of having cystic fibrosis (CF). Key points covered include:",
  "patient_concerns_preferences_consent": "- Rajesh’s primary concerns: persistent cough since birth, poor weight gain, oily stools; plans to collect baseline data,",
  "safety_issues_red_flags": "Red flags noted: persistent cough, poor weight gain, oily stools—these warrant urgent investigation and further management. Also consider",
  "coding_terms": "Coding terms used in the conversation: C03 (chronic cough), TB risk factors, neonatal diarrhea, malnutrition, weight"
}