{
  "patient_identifiers": "The patient’s name was not explicitly identified in the dialogue. The conversation",
  "demographics": {
    "age": "The patient’s age is unclear from",
    "sex": "The patient’s gender"
  },
  "visit": {
    "date_time": "The visit occurred sometime around mid-January 2025, with some dates",
    "type": "The visit involved an in-person consultation with the"
  },
  "chief_complaint": "Persistent cough, nasal congestion, throat irritation, fatigue, and weight loss over several weeks. No",
  "onset_duration": "Symptoms started around 6–7 weeks ago, with intermittent cough, nasal",
  "symptom_description": "Persistent cough, nasal congestion, occasional throat irritation, mild voice change, weight loss over several weeks, no fever, no obvious pain.",
  "aggravating_factors": "Cigarettes, alcohol, poor diet, lack of exercise, dust exposure, and other irritants can exacerbate",
  "relieving_factors": "The main relief strategies mentioned were pain relief with acetaminophen, hydration, and avoiding irritants",
  "associated_symptoms": [
    "Persistent cough",
    "nasal congestion",
    "occasional throat irritation",
    "mild hoarseness",
    "weight loss over several weeks",
    "intermittent fever"
  ],
  "past_medical_history": "Past medical history was not provided in the dialogue. The summary focuses on current symptoms, diagnostic",
  "past_surgical_history": "No prior surgeries were performed by the team. The conversation focuses on current symptoms, diagnostic steps,",
  "family_history": "Family history was noted as having a father who had cancer. This raises concern for genetic",
  "current_medications": [
    "Medications listed today: none known. N/A if no meds. If there were any, please provide later"
  ],
  "allergies": "Allergies noted: no known food allergy, no known drug allergy,",
  "social_history": "Social history includes tobacco exposure (smoking and smokeless), alcohol use, and family history of cancer. The family member",
  "functional_status": "- The summary highlights key events, symptoms, diagnostic steps, and treatment considerations from the dialogue: -",
  "vital_signs": "- BP: 120/80 mmHg; heart rate 60 bpm; no other immediate life-threatening issues noted. Results pending imaging/bloodwork. Results",
  "examination_findings": "No clear examination findings were reported by the doctor in the dialogue. The conversation focused on presenting symptoms",
  "investigations": [
    "CT/MRI: scheduled for suspected malignancy",
    "blood tests pending",
    "HPV testing may be pursued depending on findings",
    "imaging/blood tests to be arranged within 1–2 weeks",
    "results revi"
  ],
  "assessment_primary_diagnosis": "The primary diagnosis isn't specified in the conversation. The patient presents with chronic cough,",
  "differential_diagnoses": [
    "Cough variant: post-vaccination cough",
    "recurrent cough",
    "persistent cough after vaccination",
    "post-infectious cough",
    "post-radiotherapy cough",
    "post-surgical cough"
  ],
  "management_plan": "- Management plan focuses on confirming diagnosis by imaging and lab tests, then discussing appropriate treatment options depending on staging and health.",
  "tests_referrals_planned": [
    "CBC, LFT, HbA1C, kidney function, liver enzymes, stool analysis, nutritional screening",
    "HPV testing may be pursued depending on exam findings. - Chest X-ray or other imaging if i"
  ],
  "follow_up_plan": "Follow-up plan includes: - Annual visits with updated screening forms and dietary logs. - Monthly or",
  "chronology_response_to_treatment": "The conversation covers an ongoing series of visits with Aarav’s mother and doctor discussing symptoms, diagnostic steps, and",
  "patient_concerns_preferences_consent": "Consent given by the parent to proceed with investigations and subsequent management. The patient’s name was not provided,",
  "safety_issues_red_flags": "Red flags mentioned by the child’s parents include persistent cough, nasal congestion, throat irritation, and weight loss over",
  "coding_terms": "Cancer-related codes: 150-153 (head-and-neck cancers); 154 (lung cancer). HPV-related codes may be added later. Head-and-neck cancer"
}