{
  "patient_identifiers": "The patient’s name was not explicitly identified in this conversation. The primary",
  "demographics": {
    "age": "The patient’s age is 45 years",
    "sex": "The patient’s gender"
  },
  "visit": {
    "date_time": "The visit occurred sometime between October 1st and October 8th,",
    "type": "The visit was an in-person consultation focused on"
  },
  "chief_complaint": "Persistent cough for about three months with weight loss and intermittent abdominal discomfort. No",
  "onset_duration": "Symptoms were present for about three months, with weight loss",
  "symptom_description": "Persistent cough for ~three months, weight loss over two weeks, intermittent mild abdominal discomfort, no fever or night sweats. Appetite",
  "aggravating_factors": "Cough, fatigue, weight loss, and worsening breathlessness are aggravating symptoms. These can indicate infection,",
  "relieving_factors": "The patient reports relief from throat irritation after using a saline gargle twice daily.",
  "associated_symptoms": [
    "Persistent cough for ~3 months",
    "weight loss over 2 weeks",
    "intermittent mild abdominal discomfort",
    "possible hoarseness",
    "no fever or night sweats reported. - Key observations: chro"
  ],
  "past_medical_history": "Past medical history was not explicitly documented here. The summary focuses on current symptoms, risk factors,",
  "past_surgical_history": "No surgical history was recorded in this encounter. The focus was on presenting symptoms, risk factors,",
  "family_history": "Family history was not explicitly reported in this conversation. The clinician noted that there was no",
  "current_medications": [
    "The patient does not have current medications listed in this conversation. The clinician did not report any medications currently being taken. If there were"
  ],
  "allergies": "Rajesh has no known food allergies. He mentions he had",
  "social_history": "- Tobacco use: Regular bidi smoking; intermittent cigarette use; dual-use pattern noted. - Alcohol use: Moderate daily drinking;",
  "functional_status": "Patient has completed an ENT-focused evaluation including symptom review, physical exam, and basic labs. No definitive",
  "vital_signs": "- BP: 160/105 mmHg; heart rate 70 bpm; oxygen saturation ~98% on room air. - No acute distress",
  "examination_findings": "No current examination findings were reported in this dialogue. The focus was on presenting symptoms, risk factors, and",
  "investigations": [
    "CBC with differential",
    "LFTs",
    "TSH",
    "Urine dipstick",
    "Chest X-ray",
    "MRI of neck if indicated"
  ],
  "assessment_primary_diagnosis": "Primary diagnosis is suspected upper airway infection due to chronic cough, weight loss, and",
  "differential_diagnoses": [
    "Cough variant: post-vaccination cough",
    "post-infectious cough",
    "post-radiotherapy cough",
    "post-surgery cough",
    "post-treatment cough",
    "post-breathing therapy cough"
  ],
  "management_plan": "- Management plan focuses on initial evaluation and risk reduction, followed by targeted investigations and ongoing monitoring. - Immediate steps: complete blood",
  "tests_referrals_planned": [
    "CBC, LFTs, HbA1c, kidney function, thyroid function",
    "CT/MRI if indicated by findings",
    "HPV testing only if specific signs/symptoms arise",
    "Genetic counseling and referral to"
  ],
  "follow_up_plan": "- Follow-up plan after initial evaluation: - Review blood test results and determine whether additional imaging/biopsy",
  "chronology_response_to_treatment": "Patient has completed initial evaluation and is ready for imaging/biopsy if indicated. No definitive diagnosis yet; focus remains",
  "patient_concerns_preferences_consent": "Patient concerns: - Persistent cough for ~3 months; weight loss over 2 weeks; intermittent mild abdominal discomfort. -",
  "safety_issues_red_flags": "Red flags mentioned in the context include persistent cough for 3 months, weight loss over two weeks, and",
  "coding_terms": "Cancer: esophageal/barium swallow, head-and-neck mass, laryngeal involvement; non-cancer: tuberculosis, infection, malignancy, benign lesion. Head-and-neck mass: tumor,"
}