{
  "patient_identifiers": "The patient's name was not explicitly identified in the dialogue. The conversation",
  "demographics": {
    "age": "Patient is 48 years old.",
    "sex": "The patient is"
  },
  "visit": {
    "date_time": "The visit occurred sometime between October 1st and October 15th,",
    "type": "In-person visit with possible telemedicine consultation. The doctor"
  },
  "chief_complaint": "Persistent cough for ~two months with mild weight loss and intermittent breathlessness during exertion.",
  "onset_duration": "Rajesh has had persistent cough for about two months, with",
  "symptom_description": "Persistent cough for ~two months, mild weight loss, intermittent breathlessness during exertion, no fever, normal blood pressure. No acute chest",
  "aggravating_factors": "Persistent cough, fatigue, and worsening breathing during exertion. These are common signs that prompt",
  "relieving_factors": "Relieving symptoms includes maintaining good nutrition, hydration, and regular physical activity; avoiding irritants like",
  "associated_symptoms": [
    "Persistent cough for ~two months",
    "mild weight loss",
    "intermittent breathlessness during exertion",
    "no fever or night sweats reported. Semiclosed list preferred"
  ],
  "past_medical_history": "Rajesh Kumar has had several years of chronic cough, mild weight loss, and tobacco/alcohol exposure. There",
  "past_surgical_history": "Rajesh Kumar presented with chronic cough for ~two months, mild weight loss, and tobacco/alcohol exposure. The",
  "family_history": "Family history was not explicitly documented in the dialogue. The clinician notes that it should be",
  "current_medications": [
    "Albuterol inhaler",
    "Azithromycin",
    "Cetirizine",
    "Diclofenac sodium gel",
    "Folic acid supplements",
    "Hyaluronic acid eye drops"
  ],
  "allergies": "Rajesh has no known food allergies. He reports no severe",
  "social_history": "Social history includes tobacco use (khaini/gutkha chewing daily, beedi smoking occasionally); alcohol use (weekly or less); no prior",
  "functional_status": "- Rajesh Kumar undergoes a structured evaluation including oral cavity and throat exam, possible laryngoscopy, and",
  "vital_signs": "- Blood pressure: 120/80 mmHg; no other abnormality noted. - Respiratory rate: normal. - Heart rate: 70 bpm.",
  "examination_findings": "No clear exam findings were reported by the clinician in the given dialogue. The exchange focused on risk",
  "investigations": [
    "Physical exam: full mouth/throat exam",
    "possible laryngoscopy",
    "biopsy if abnormal findings. - Biopsy: usually done under local anesthesia",
    "results typically available in 2–7 days"
  ],
  "assessment_primary_diagnosis": "Primary diagnosis was not established at that visit. The plan was to conduct a",
  "differential_diagnoses": [
    "Chronic obstructive pulmonary disease (COPD) - Lung infection (pneumonia) - Allergic rhinitis - Hypothyroidism"
  ],
  "management_plan": "- Rajesh Kumar undergoes a structured risk reduction and surveillance pathway starting with an oral cavity/throat exam and possible laryngoscopy/biopsy if abnormalities",
  "tests_referrals_planned": [
    "CBC with differential",
    "liver function test (LFT)",
    "kidney function test (KFT) - Chest X-ray",
    "CT scan if indicated by findings - Urine analysis",
    "blood pressure measurement - Geneti"
  ],
  "follow_up_plan": "- Follow-up plan includes re-measurement of weight and height, dental evaluation, and possible CT/MRI imaging depending",
  "chronology_response_to_treatment": "Patient has completed a structured intake including history of tobacco/alcohol use, HPV vaccination discussion, and risk-factor assessment. A",
  "patient_concerns_preferences_consent": "Patient reported several concerns: worsening cough for ~two months, mild weight loss, intermittent breathlessness during exertion, tobacco exposure",
  "safety_issues_red_flags": "Red flags include persistent cough for two months, fatigue, unintentional weight loss, hoarseness, breathing difficulty, or worsening dyspnea.",
  "coding_terms": "Coding notes: - Head & Neck cancer risk factor: tobacco exposure (khaini/gutkha chewing, beedi smoking); alcohol"
}