{
  "patient_identifiers": "The patient’s name was not provided in the dialogue. The conversation focused",
  "demographics": {
    "age": "Aarav is 4 months old.",
    "sex": "The patient’s gender"
  },
  "visit": {
    "date_time": "The visit occurred sometime around mid-January 2025, with no specific",
    "type": "Visit was an outpatient consultation with a multidisciplinary"
  },
  "chief_complaint": "Persistent cough with steatorrhea since birth, along with growth issues and oily stools, prompting",
  "onset_duration": "The patient's symptoms started around 4 months of age with",
  "symptom_description": "Persistent cough with poor weight gain, oily stools (steatorrhea); no fever; intermittent mild breathing difficulty; overall fatigue. No acute distress",
  "aggravating_factors": "Fatigue, dehydration, fever, worsening breathing, chest tightness, severe pain, or sudden weakness.",
  "relieving_factors": "Fatigue, dehydration, fever, chest congestion, dry mouth, reduced energy, fatigue, thirst, weight loss, breathing",
  "associated_symptoms": [
    "Persistent cough since birth - Poor weight gain - Oily stools (steatorrhea) - Fat malabsorption signs - Chronic respiratory symptoms - Possible growth delay - No definitive diagn"
  ],
  "past_medical_history": "Past medical history was not provided in this case. No specific past medical history is reported.",
  "past_surgical_history": "Surgical history was not provided in this conversation. No surgical history was recorded. The focus was",
  "family_history": "Family history was not provided in this case. No specific family history is reported. The focus",
  "current_medications": [
    "Medications currently used: 1) Pancreatic enzyme replacement therapy (PERT): generic versions of Panlipase and Enzar Forte",
    "dosed according to age/gender with meals. 2) Antibiotics"
  ],
  "allergies": "None of the patient’s known allergies were mentioned. So we’ll",
  "social_history": "Social history notes tobacco use: occasional smoking; no heavy daily use; alcohol use limited; no regular tobacco exposure",
  "functional_status": "- Aarav’s condition is being evaluated for possible cystic fibrosis (CF). He has chronic cough, poor",
  "vital_signs": "- Temperature: normal body temperature. - Heart rate: usually within normal range. - Respiratory rate: generally stable with",
  "examination_findings": "No exam was conducted here. The conversation focused on CF suspicion and management planning rather than performing an",
  "investigations": [
    "Sweat chloride testing planned",
    "if unavailable, refer to larger centers with access to sweat tests. - Chest X-ray considered if lung findings warrant further investigation. - CBC"
  ],
  "assessment_primary_diagnosis": "Primary diagnosis: Chronic respiratory symptoms with steatorrhea suggestive of cystic fibrosis. No definitive diagnosis",
  "differential_diagnoses": [
    "Cystic fibrosis, tuberculosis, malnutrition, infections",
    "N/A if no differential. Other possibilities discussed briefly: pancreatic insufficiency, idiopathic"
  ],
  "management_plan": "- Plan focuses on confirming CF with sweat testing, then initiating multidisciplinary CF care if positive, and continuing evaluation if negative. -",
  "tests_referrals_planned": [
    "Sweat chloride test: scheduled at a nearby center",
    "results expected in 2–7 days. - Genetic testing: considered if sweat test is inconclusive",
    "referral to a genetic counselor disc"
  ],
  "follow_up_plan": "- Follow-up plan: - Revisit within 3–5 days with Aarav’s growth data and stool observations. -",
  "chronology_response_to_treatment": "The conversation covers an infant with chronic cough, steatorrhea, and growth issues that prompted consideration of cystic fibrosis",
  "patient_concerns_preferences_consent": "Patient concerns and consent: - Symptoms: Persistent cough since birth, poor weight gain, oily stools (steatorrhea). - Risk",
  "safety_issues_red_flags": "Red flags discussed include persistent cough with weight loss, oily stools (steatorrhea), and recurrent pneumonia-like episodes. These warrant",
  "coding_terms": "CPT: CF, cystic-fibrosis, steatorrhea, malabsorption, sweat-test, genotype-testing, nutrition, multidisciplinary care, vaccination, access, cost, insurance, government schemes,"
}