{
  "patient_identifiers": "Arav Sharma, age 5, presented with chronic cough over three months, intermittent",
  "demographics": {
    "age": "The patient’s age is 5 years.",
    "sex": "The patient’s gender"
  },
  "visit": {
    "date_time": "The visit occurred sometime around mid-January through late January 2024,",
    "type": "The visit was telemedicine-based, with in-person follow-up planned"
  },
  "chief_complaint": "Persistent cough for ~three months with occasional chest tightness, slight weight loss, no fever,",
  "onset_duration": "Arav has had persistent cough for about three months, with",
  "symptom_description": "Persistent cough for ~3 months, occasional chest tightness, mild fatigue, slight weight loss; no fever or night sweats noted. These",
  "aggravating_factors": "Cough, nasal congestion, fatigue, weight loss, poor appetite, fever, night sweats, sleep disturbances, and",
  "relieving_factors": "The patient reports relief from throat irritation and dry mouth after using saline gargles",
  "associated_symptoms": [
    "Persistent cough for ~3 months",
    "occasional chest tightness",
    "mild fatigue",
    "weight loss reported by family",
    "intermittent nasal congestion",
    "no fever or night sweats noted. Note: The"
  ],
  "past_medical_history": "Past medical history was not provided in this conversation. The summary focuses on current symptoms, planned",
  "past_surgical_history": "No surgical history was recorded during this dialogue. The focus was on presenting symptoms, diagnostic plan,",
  "family_history": "Family history was not explicitly mentioned in the dialogue. There were no specific details about family",
  "current_medications": [
    "The patient has no known medications listed so I provide \"N/A\" for all lines. The full medication list would appear after the complete history"
  ],
  "allergies": "Allergies noted: no known food allergy, no known drug allergy,",
  "social_history": "Social history includes tobacco use (cigarettes and pan masala) and alcohol use (beverages). Both exposures increase cancer risk",
  "functional_status": "Arav’s functional status is stable but needs continued attention. He has chronic cough and mild fatigue,",
  "vital_signs": "- Blood pressure: 140/95 mmHg; heart rate 70 bpm; no other immediate arrhythmias noted. - Respiratory status: normal",
  "examination_findings": "No exam was conducted during this visit. The dialogue focuses on presenting symptoms and planned diagnostic steps rather",
  "investigations": [
    "Physical examination of throat/lungs/chest",
    "Blood tests",
    "Imaging (CT/MRI) if indicated",
    "Chest X-ray if lung abnormalities suspected",
    "Endoscopy considered if findings warr"
  ],
  "assessment_primary_diagnosis": "Primary diagnosis isn't specified in this conversation. The plan focuses on evaluating symptoms and",
  "differential_diagnoses": [
    "Chronic cough with weight loss: tuberculosis (TB)",
    "non-tubercular infection like chronic lung disease or malnutrition"
  ],
  "management_plan": "- Primary goal: Early diagnosis and timely intervention based on suspected cancer risk. - Immediate actions: Physical exam, labs, and imaging as",
  "tests_referrals_planned": [
    "CBC, LFT, HbA1c, kidney function, thyroid function",
    "Chest X-ray",
    "Endoscopy with biopsy if indicated",
    "Genetic testing (e.g., BRCA1/2)",
    "Imaging (CT/MRI) if findings warrant"
  ],
  "follow_up_plan": "Follow-up plan after initial visit: - Complete physical exam and blood tests as indicated. - Review",
  "chronology_response_to_treatment": "Patient has completed a series of questions about Arav’s history, current symptoms, planned diagnostics, and expected outcomes. No",
  "patient_concerns_preferences_consent": "Patient concerns and consent: - Persistent cough for ~3 months with occasional chest tightness and mild fatigue. -",
  "safety_issues_red_flags": "Red flags mentioned during the dialogue include persistent cough over three months, fatigue, unintentional weight loss, and nasal",
  "coding_terms": "Cancer: Head-and-neck cancer; HPV: associated with some throat cancers; lymph nodes may be involved; TNM staging:"
}