{
  "patient_identifiers": "The patient's name was not explicitly stated in the dialogue. The conversation",
  "demographics": {
    "age": "The patient’s age is 45 years",
    "sex": "The patient’s gender"
  },
  "visit": {
    "date_time": "The visit occurred sometime between March 2023 and April 2023,",
    "type": "It was a face-to-face visit with some telemedicine"
  },
  "chief_complaint": "Persistent hoarseness with mild throat discomfort and dysphagia for about two months. No fever",
  "onset_duration": "The symptoms were present for about two months. The exact",
  "symptom_description": "Persistent hoarseness with mild throat discomfort, intermittent dysphagia, slight weight loss over several weeks. No fever or significant pain reported.",
  "aggravating_factors": "The main symptom that exacerbates Rajesh’s condition is persistent hoarseness with mild throat discomfort",
  "relieving_factors": "The patient has been advised to quit tobacco and limit alcohol; these are primary",
  "associated_symptoms": [
    "Persistent hoarseness",
    "mild throat discomfort",
    "occasional dysphagia",
    "weight loss over several weeks",
    "no fever or systemic symptoms. No definitive diagnosis yet"
  ],
  "past_medical_history": "Past medical history was not explicitly documented in the dialogue. The clinician noted that it would",
  "past_surgical_history": "The summary highlights that there was no surgical history recorded during the dialogue. The conversation focused",
  "family_history": "Rajesh’s family history was not explicitly documented in the dialogue. The clinician noted that it would",
  "current_medications": [
    "No medications listed yet",
    "no medication history noted. The conversation focuses on evaluating symptoms, assessing risk factors, establishing a baseline plan, and preparing"
  ],
  "allergies": "None of the patients mentioned known food allergies or other",
  "social_history": "Social history includes tobacco/alcohol use: tobacco use with both smokeless and smoked forms; occasional smoking; no regular alcohol.",
  "functional_status": "Patient has completed a structured intake with lifestyle and dietary assessments, plans to undergo laryngoscopy and",
  "vital_signs": "- Baseline vitals: Blood pressure measured once; heart rate normal; temperature not specified. No other vital signs noted.",
  "examination_findings": "The summary highlights that no specific examination findings were reported during the dialogue. The conversation focused on identifying",
  "investigations": [
    "Physical examination with possible laryngoscopy",
    "blood tests",
    "imaging only if indicated by exam/results. - HPV vaccination discussed as optional",
    "not mandatory now. - Nutritional"
  ],
  "assessment_primary_diagnosis": "Primary diagnosis was not established during the dialogue. The plan focused on evaluating symptoms",
  "differential_diagnoses": [
    "Chronic cough with dysphagia: consider esophageal disease (e.g., esophagitis, achalasia) or chronic respiratory issues"
  ],
  "management_plan": "- Rajesh Kumar’s plan includes lifestyle modification (reduce tobacco and alcohol) with counseling, dietary guidance (increase fruits/vegetables, moderate salt), and regular follow",
  "tests_referrals_planned": [
    "ENT referral for laryngoscopy",
    "biopsy if suspicious lesions found",
    "FNAC if neck lymph nodes involved",
    "CT/MRI for staging",
    "HPV testing as part of risk stratification",
    "genetic test"
  ],
  "follow_up_plan": "- Follow-up plan includes: - Complete lifestyle questionnaire and dietary log; review with wife. - Schedule",
  "chronology_response_to_treatment": "Patient has completed a structured intake with a step-by-step plan including physical exam, laryngoscopy if indicated, blood tests,",
  "patient_concerns_preferences_consent": "Patient concerns and consent: - Hoarseness for ~two months with mild throat discomfort and intermittent dysphagia. - Significant",
  "safety_issues_red_flags": "Red flags mentioned include persistent hoarseness with weight loss, worsening dysphagia, neck lump, or new respiratory symptoms that",
  "coding_terms": "Cancer type: Laryngeal/laryngopharyngeal cancer; HPV-related risk factor; tobacco/alcohol risk; dental hygiene; diet/nutrition; lifestyle changes; follow-up plan;"
}