{
  "patient_identifiers": "Ravi Sharma, 45, Delhi, recent onset of throat pain, hoarseness, fatigue, weight",
  "demographics": {
    "age": "45 years old",
    "sex": "The patient’s gender"
  },
  "visit": {
    "date_time": "The visit occurred sometime around mid-January 2025, with the exact",
    "type": "In-person visit with telemedicine options. The doctor will"
  },
  "chief_complaint": "Persistent throat discomfort with hoarseness, fatigue, and weight loss over several weeks. No definitive",
  "onset_duration": "Symptoms started around 2 weeks ago, with persistent throat pain,",
  "symptom_description": "Persistent throat discomfort, voice change, fatigue, weight loss, and persistent cough. No definitive diagnosis yet. Headache not mentioned. Appetite remains",
  "aggravating_factors": "Persistent cough, throat irritation, fatigue, weight loss, and changes in voice or swallowing. These",
  "relieving_factors": "Relief strategies mentioned include voice rest, warm water gargles, humidified air, gentle jaw exercises,",
  "associated_symptoms": [
    "Persistent hoarseness",
    "dysphagia",
    "fatigue",
    "weight loss",
    "night voice changes",
    "persistent cough"
  ],
  "past_medical_history": "No prior history was recorded. The focus is on presenting symptoms, risk factors, and diagnostic steps",
  "past_surgical_history": "No prior surgeries were performed. The focus remains on current symptoms, risk factors, and diagnostic workup",
  "family_history": "Family history was not explicitly reported in this dialogue. The clinician did not provide details about",
  "current_medications": [
    "Cisplatin",
    "Paclitaxel",
    "Taxol",
    "Etoposide",
    "Carboplatin",
    "Neoadjuvant chemotherapy"
  ],
  "allergies": "Allergies noted: no known food allergy, no severe skin reactions,",
  "social_history": "Social history includes tobacco use (beedi/cigarettes), alcohol use (beer, wine), and smoking cessation attempts. The patient has quit",
  "functional_status": "- The patient has completed a detailed history and risk-assessment process, including symptom review, risk factors,",
  "vital_signs": "- Blood pressure: 120/80 mmHg; heart rate: 60 bpm; respiratory rate: 18 breaths per minute; no fever noted.",
  "examination_findings": "- Examination findings were not reported in this brief encounter. The dialogue focused on presenting symptoms and next",
  "investigations": [
    "Physical exam of mouth/throat and neck lymph nodes. - CT/MRI imaging if indicated by exam. - Biopsy/FNAC if indicated by exam/biopsy results. - Blood tests (CBC, liver function t"
  ],
  "assessment_primary_diagnosis": "Primary diagnosis was not established in this conversation. The patient presented with throat pain,",
  "differential_diagnoses": [
    "Cancer differential: - Head and neck cancers: laryngeal cancer, hypopharyngeal cancer, or esophageal cancer. - Risk"
  ],
  "management_plan": "- Immediate management plan: - Complete physical exam of mouth/throat and neck lymph nodes; CT/MRI if indicated. - Biopsy/FNAC considered if indicated",
  "tests_referrals_planned": [
    "ENT laryngoscopy and/or CT/MRI imaging",
    "FNAC (fine needle aspiration cytology) for suspected lesions",
    "Tumor markers (TNM staging)",
    "Blood tests (CBC, liver/kidney function"
  ],
  "follow_up_plan": "- Follow-up plan includes scheduling a second visit within one week to review the current status",
  "chronology_response_to_treatment": "The conversation shows steady progress over time: - The patient’s condition remains unclear due to lack of definitive",
  "patient_concerns_preferences_consent": "Consent given for MRI and CT scans; no prior allergy to contrast. No known allergies or sensitivities reported.",
  "safety_issues_red_flags": "Red flags noted include persistent hoarseness lasting more than 2 weeks, new lump in the neck, non-healing mouth",
  "coding_terms": "Cancer staging: TNM; HPV testing; dietary counseling; supportive care; follow-up schedule; biopsy vs FNAC; imaging plan;"
}