{
  "patient_identifiers": "The patient’s name was not explicitly stated in the conversation. The health",
  "demographics": {
    "age": "Infant, around 2 months old.",
    "sex": "The patient’s gender"
  },
  "visit": {
    "date_time": "The visit occurred sometime between October 15th and November 1st,",
    "type": "The visit involved an in-person assessment with possible"
  },
  "chief_complaint": "Persistent cough since birth, poor weight gain, oily stools, ongoing cough, and suspected cystic",
  "onset_duration": "Symptoms were present for several weeks, starting around birth. The",
  "symptom_description": "Persistent cough, poor weight gain, oily stools, recurrent diarrhea, oily stools, oily stools, oily stools, oily stools, oily stools, oily",
  "aggravating_factors": "Fat malabsorption, dehydration, and respiratory infections are common exacerbating factors for infants with suspected",
  "relieving_factors": "Fat malabsorption, dehydration, and fatigue are addressed by pancreatic enzymes, hydration, and nutrition adjustments.",
  "associated_symptoms": [
    "Persistent cough since birth",
    "poor weight gain",
    "oily stools",
    "intermittent cough",
    "diarrhea",
    "abdominal distension"
  ],
  "past_medical_history": "- The patient’s past medical history is missing. No prior diagnoses or treatments are documented here.",
  "past_surgical_history": "No prior surgery was mentioned in this encounter. The focus is on presenting symptoms, diagnostic steps,",
  "family_history": "Family history was limited to the mother’s pregnancy complications and maternal diabetes. No specific CF-related family",
  "current_medications": [
    "Medications listed today: None known currently. The patient will undergo sweat testing soon, which may require additional medications depending on findings. If needed, we"
  ],
  "allergies": "Allergies: None known. No food/dietary restrictions mentioned. If there were",
  "social_history": "Social history includes tobacco use (cigarettes and hookah) and alcohol consumption (beverages). The family has no known CF",
  "functional_status": "The summary highlights the patient’s age, presenting symptoms, diagnostic plan, and core treatment elements: - Age",
  "vital_signs": "- Heart rate: 140 bpm (fast heart rate). - Blood pressure: 125/80 mmHg (normal range). - Respiratory rate:",
  "examination_findings": "No exam was conducted here. The conversation describes a patient presenting with cough, poor weight gain, and oily",
  "investigations": [
    "CBC with differential",
    "LFTs",
    "TSH",
    "kidney function",
    "vitamin levels",
    "stool analysis"
  ],
  "assessment_primary_diagnosis": "The primary diagnosis was suspected cystic fibrosis (CF). The plan included collecting detailed family",
  "differential_diagnoses": [
    "Chronic diarrhea without other clear causes (e.g., TB, malnutrition). - Possible viral gastroenteritis due to"
  ],
  "management_plan": "- Management plan focuses on confirming CF diagnosis through sweat testing, establishing a structured growth-monitoring program, optimizing nutrition, and initiating airway clearan",
  "tests_referrals_planned": [
    "Sweat test: scheduled at major centers like AIIMS, PGI Chandigarh, CMC Vellore",
    "telemedicine or travel assistance possible if local testing isn't feasible. - Genetic counseling"
  ],
  "follow_up_plan": "Follow-up plan includes: - Continue sweat testing and genetic counseling; arrange referral if local testing is",
  "chronology_response_to_treatment": "The conversation focuses on establishing a diagnosis pathway for suspected cystic fibrosis in a young infant, including symptom",
  "patient_concerns_preferences_consent": "Patient reports cough since birth, poor weight gain, oily stools, and ongoing respiratory symptoms. No definitive diagnosis yet.",
  "safety_issues_red_flags": "Red flags for this patient include persistent cough since birth, poor weight gain, oily stools, and ongoing respiratory",
  "coding_terms": "Cystic_fibrosis, pancreatic_enzyme_replacement, nutrition_stress, vaccine_schedule, genetics_counseling, home_monitoring, diary, telemedicine, school_support, family_history, vacci"
}