{
  "patient_identifiers": "The patient's name was not provided in the conversation. The primary focus",
  "demographics": {
    "age": "Patient is 45 years old.",
    "sex": "The patient is"
  },
  "visit": {
    "date_time": "The visit occurred sometime between March 2025 and April 2025,",
    "type": "The visit was an ENT-focused evaluation with telemedicine"
  },
  "chief_complaint": "Persistent throat irritation with hoarseness and dysphagia for several months, prompting evaluation. No definitive",
  "onset_duration": "Symptoms started around three months ago with persistent throat irritation",
  "symptom_description": "Persistent throat irritation with hoarseness and progressive dysphagia for several months, along with weight loss. No definitive diagnosis yet. Risk",
  "aggravating_factors": "Persistent cough, throat irritation, hoarseness, and worsening swallowing difficulties with weight loss. These are",
  "relieving_factors": "The patient reports relief with a combination of antihistamine and topical steroid eye drops,",
  "associated_symptoms": [
    "Persistent throat irritation",
    "hoarseness",
    "difficulty swallowing",
    "weight loss over time",
    "no fever or night sweats reported. No clear diagnosis yet. Semiclosed list preferred"
  ],
  "past_medical_history": "Past medical history noted briefly: no specific cancer history reported; tobacco use with gutkha/paan masala; alcohol",
  "past_surgical_history": "No surgical history provided in this exchange. The focus was on presenting symptoms, risk factors, and",
  "family_history": "Family history was not provided in this conversation. The summary focuses on the patient’s symptoms, risk",
  "current_medications": [
    "Medications listed at presentation: no known medications reported. No specific allergies noted. The plan will include reviewing all medications with the patient and family"
  ],
  "allergies": "Allergies noted: no known food allergy, no known drug allergy,",
  "social_history": "Social history includes tobacco use (beedi/cigarette smoking), alcohol use (beer, wine), and dual-use with some periods of abstinence.",
  "functional_status": "Patient has a long-standing throat discomfort with hoarseness and dysphagia for several years. No definitive diagnosis",
  "vital_signs": "- Blood pressure: normal; heart rate stable; respiratory rate 16 breaths per minute; no fever noted. - Overall",
  "examination_findings": "No clear examination findings were provided in this dialogue. The focus was on presenting symptoms and risk factors",
  "investigations": [
    "Biopsies: Neck tissue biopsy under local anesthesia",
    "FNAC of suspicious nodes",
    "CT/MRI for staging",
    "HPV testing as appropriate. Results expected 24–72 hours post-biopsy/imaging. Ima"
  ],
  "assessment_primary_diagnosis": "Primary diagnosis is suspected head-and-neck cancer due to chronic throat symptoms with weight loss",
  "differential_diagnoses": [
    "Chronic laryngeal condition with suspected malignancy (e.g., squamous cell carcinoma). - Possible inflammatory conditions (infections"
  ],
  "management_plan": "- A comprehensive summary of the management plan for Rajesh Kumar’s suspected head-and-neck cancer with supportive care and follow-up: 1) Presenting issues",
  "tests_referrals_planned": [
    "ENT evaluation with possible referral to head-and-neck specialist. - Endoscopy/biopsy plan if indicated. - CT/MRI imaging to assess tumor size, location, and nodal spread. - Bloo"
  ],
  "follow_up_plan": "Follow-up plan includes: - Regular follow-ups every 2–3 weeks initially, then adjusted based on progress. -",
  "chronology_response_to_treatment": "Patient has completed an ENT-focused evaluation with a plan for biopsy and imaging if indicated. The following points",
  "patient_concerns_preferences_consent": "Patient concerns include ongoing throat symptoms with hoarseness and dysphagia for several months, along with weight loss. No",
  "safety_issues_red_flags": "Red flags noted include persistent hoarseness with worsening swallowing pain, significant weight loss, new lump sensation, or non-healing",
  "coding_terms": "Cancer: head-and-neck cancer; HPV risk factor; tobacco/alcohol exposure; dental issues; poor diet; weight loss; mouth ulcers;"
}