{
  "patient_identifiers": "Patient name not specified in the dialogue. The conversation focuses on presenting",
  "demographics": {
    "age": "The patient’s age is 45 years",
    "sex": "The patient’s gender"
  },
  "visit": {
    "date_time": "The visit occurred sometime around mid-January through late January 2025,",
    "type": "In-person clinic visit with telemedicine as backup. The"
  },
  "chief_complaint": "Fatigue, weight loss, dyspnea, intermittent cough, persistent dry mouth, no fever, altered taste, reduced",
  "onset_duration": "Symptoms started around 2 weeks ago, with fatigue, weight loss,",
  "symptom_description": "Fatigue, weight loss, dyspnea, intermittent chest discomfort; no fever or night sweats reported. These are typical signs prompting urgent evaluation.",
  "aggravating_factors": "Fatigue, weight loss, dysphagia, coughing, fever, night sweats, dry mouth, hoarseness, irritability, sleep disturbances,",
  "relieving_factors": "The patient has been advised to adopt a low-residue diet, increase protein intake, and",
  "associated_symptoms": [
    "Fatigue, weight loss, fatigue-related breathlessness, persistent cough, night sweats, dry mouth, hoarseness, altered taste, changes in voice, fatigue when standing up, increased"
  ],
  "past_medical_history": "- Past medical history noted briefly: No prior cancer diagnosis or active malignancy reported. The patient",
  "past_surgical_history": "- History highlights: - Presenting symptoms: four weeks of fatigue, weight loss, reduced breathlessness, intermittent chest",
  "family_history": "Family history was not explicitly documented in the conversation. The patient’s immediate family members were not",
  "current_medications": [
    "Anticoagulants: warfarin",
    "Antiplatelet agents: aspirin",
    "Other meds: nonsteroidal anti-inflammatory drugs (NSAIDs)",
    "HIV-related: antiretrovirstues",
    "Chemotherapy: cisplatin"
  ],
  "allergies": "Patient has no known food allergies. No specific food intolerances",
  "social_history": "Social history includes tobacco exposure (smoking and smokeless tobacco) and alcohol use (beverages). The patient has quit smoking",
  "functional_status": "- Patient status and prognosis: - The patient has been evaluated for possible cancer-related issues but",
  "vital_signs": "- Weight: 50 kg; height 165 cm; BMI 22.5. - Vital signs: BP 120/80 mmHg; heart rate 70",
  "examination_findings": "- Examination highlights and findings: - Physical signs: patient reports fatigue, weight loss, reduced appetite, mild breathlessness, and",
  "investigations": [
    "Physical examination: head, neck, oral cavity, throat palpation, and assessment of breathing/voice. - Laboratory tests: CBC, LFT, KFT",
    "results expected in 1 week. - Imaging: CT/M"
  ],
  "assessment_primary_diagnosis": "Primary diagnosis was not established through the conversation. The patient presented with fatigue, weight",
  "differential_diagnoses": [
    "Hypotheses related to suspected diagnoses: - Malnutrition and associated issues: Malnutrition likely due to inadequate"
  ],
  "management_plan": "- Immediate management plan based on symptoms and investigations: - Confirm diagnosis: Malnutrition, possible anemia, suspected malabsorption. - Initiate nutrition-focused interven",
  "tests_referrals_planned": [
    "Full blood panel: CBC, LFT, KFT",
    "results expected in 1–2 days. - Imaging plans: CT/MRI as indicated by exam findings",
    "results typically in 2–3 days. - Nutrition assessment: nutri"
  ],
  "follow_up_plan": "- Follow-up plan includes reviewing recent results and adjusting the nutrition plan; scheduling a second visit",
  "chronology_response_to_treatment": "Progress note: The patient has completed the diagnostic pathway, received a diagnosis, and initiated a structured treatment plan.",
  "patient_concerns_preferences_consent": "- Patient-reported symptoms: fatigue, weight loss, reduced appetite, intermittent breathlessness, mild cough, and pain in neck/lymph nodes. -",
  "safety_issues_red_flags": "Red flags noted by the patient include persistent fatigue, weight loss, dyspnea, and intermittent chest discomfort. These symptoms",
  "coding_terms": "Coding terms used in the conversation: - Head & Neck cancer-related codes: TNM stage I–IV; HPV-positive"
}