{
  "patient_identifiers": "Ayra, 28-year-old farmer from rural area, presented with persistent throat pain, hoarseness,",
  "demographics": {
    "age": "Ayra is 28 years old.",
    "sex": "The patient’s gender"
  },
  "visit": {
    "date_time": "The visit occurred sometime between October 1st and October 15th,",
    "type": "The visit was an outpatient face-to-face visit focused"
  },
  "chief_complaint": "Ayra presents with persistent throat pain, hoarseness, fatigue, reduced appetite, and weight loss. These",
  "onset_duration": "Ayra has had persistent throat pain, hoarseness, fatigue, reduced appetite,",
  "symptom_description": "Ayra presents with persistent throat pain, hoarseness, fatigue, reduced appetite, and weight loss. These features raise suspicion for head-and-neck malignancy,",
  "aggravating_factors": "Fatigue, dry mouth, oral discomfort, and mild dysphagia are common symptoms that Ayra experiences",
  "relieving_factors": "Ayra has been experiencing throat pain, hoarseness, fatigue, reduced appetite, and weight loss. The",
  "associated_symptoms": [
    "Persistent sore throat",
    "hoarseness",
    "fatigue",
    "reduced appetite",
    "weight loss",
    "difficulty swallowing"
  ],
  "past_medical_history": "Ayra has had tobacco use (beedi) and alcohol consumption for many years. There is no specific",
  "past_surgical_history": "Ayra undergoes head-and-neck cancer risk assessment with focus on tobacco use, alcohol consumption, and HPV status.",
  "family_history": "Ayra’s family history is unclear. There is no mention of any known cancers or significant family",
  "current_medications": [
    "ayrapetin (cyclosporine A) - azathioprine (azathioprin) - levothyroxine (levothyroxine sodium) - metformin (metformin) - pioglitazone (pioglitazone) - sulindac (sulindac sofosbur"
  ],
  "allergies": "Ayra has no known food allergies or severe drug sensitivities.",
  "social_history": "Ayra has quit tobacco use recently and is trying to reduce alcohol consumption. She reports no significant past",
  "functional_status": "Ayra undergoes an ENT-focused assessment including imaging and biopsy, followed by a multidisciplinary approach to determine",
  "vital_signs": "- Baseline vitals: Blood pressure measured; heart rate noted; no oxygen saturation data yet. - Current status: No",
  "examination_findings": "Examination findings were not reported here. The dialogue focuses on Ayra’s symptoms and risk factors, diagnostic steps, and",
  "investigations": [
    "Blood pressure check - Chest X-ray - Neck ultrasound - Biopsy (under local anesthesia) - CT/MRI (if imaging/symptoms warrant) - HPV testing (optional) - Nutritional assessment (p"
  ],
  "assessment_primary_diagnosis": "Primary diagnosis was not specified in the summary. The patient presented with persistent throat",
  "differential_diagnoses": [
    "Hypotheses related to suspected conditions: - Cancer-related concerns: Lung cancer, head-and-neck cancer, esophageal cancer, laryngeal/pharyngeal"
  ],
  "management_plan": "- Ayra undergoes head-and-neck cancer risk assessment and plans immediate investigations including imaging and biopsy. - Imaging and biopsy results will determine",
  "tests_referrals_planned": [
    "Blood pressure check",
    "Chest X-ray",
    "Neck ultrasound. - If imaging is suspicious, biopsy may be performed under local anesthesia. - Biopsy results expected in ~two weeks. - HPV tes"
  ],
  "follow_up_plan": "- Follow-up plan after initial assessment and biopsy: - Complete blood count (CBC) and thyroid function",
  "chronology_response_to_treatment": "Ayra undergoes an ENT-focused assessment including imaging and biopsy, followed by discussion of staged treatment options. The plan",
  "patient_concerns_preferences_consent": "Ayra presents with persistent throat pain, hoarseness, fatigue, reduced appetite, and unintentional weight loss. The clinician plans an",
  "safety_issues_red_flags": "Red flags noted: - Persistent sore throat lasting more than 2 weeks. - Weight loss (>5%). - Night-time",
  "coding_terms": "Cancer-related codes: 18-20, 21-22, 23-24, 25-26, 27-28, 29-30, 31-32, 33-34, 35-36, 37-38, 39-40, 41-42, 43-44, 45-46,"
}