{
  "patient_identifiers": "The patient's name was not explicitly identified in the dialogue. The conversation",
  "demographics": {
    "age": "The patient’s age is not specified",
    "sex": "Gender isn't specified"
  },
  "visit": {
    "date_time": "The visit occurred sometime between February 2024 through April 2024,",
    "type": "The visit was a telemedicine consultation focused on"
  },
  "chief_complaint": "Persistent cough for several months with weight loss and fatigue, no fever. No acute",
  "onset_duration": "Rahuul has had persistent cough for several months, along with",
  "symptom_description": "Persistent cough for many months, weight loss, intermittent abdominal discomfort, fatigue. No fever or night sweats reported. Appetite remains low",
  "aggravating_factors": "Fatigue, weight loss, intermittent fever, cough, nasal congestion, dry mouth, poor appetite, and changes",
  "relieving_factors": "The team will provide relief through a combination of symptomatic treatments and supportive measures—antihistamines",
  "associated_symptoms": [
    "Persistent cough for many months",
    "Weight loss over time",
    "Fatigue",
    "Abdominal discomfort occasionally",
    "No fever or night sweats reported",
    "No acute bleeding or severe"
  ],
  "past_medical_history": "Past medical history was not explicitly mentioned in this dialogue. The focus was on current symptoms,",
  "past_surgical_history": "Rahuul has no known cancer history. He reports ongoing cough, weight loss, fatigue, and intermittent abdominal",
  "family_history": "Family history was not explicitly reported in this conversation. The focus was on presenting symptoms, risk",
  "current_medications": [
    "Cefixme/Amoxicillin",
    "metronidazole",
    "azithromycin",
    "levociracoxib",
    "aspirin",
    "warfarin"
  ],
  "allergies": "Allergies: None known. N/A.",
  "social_history": "Social history notes tobacco exposure: heavy past-smoker (beedi/cigarette/pipe); intermittent cigarette use; dual-use pattern observed. Alcohol use limited but",
  "functional_status": "Rahul presents with chronic cough, weight loss, fatigue, and intermittent abdominal discomfort. He has no fever",
  "vital_signs": "Height/weight: approximately 60 kg, BMI ~24.5; no major lab results yet. No hypertension or diabetes reported. Appetite stable",
  "examination_findings": "No exam results were reported here. The conversation focused on presenting symptoms, risk factors, and initial diagnostic steps",
  "investigations": [
    "CBC, LFT, ALP/ALT, chest X-ray, CT/MRI as indicated, HPV testing, vaccination history, dietary logs, nutrition plan, tobacco/alcohol cessation plan, follow-up schedule, telemedicin"
  ],
  "assessment_primary_diagnosis": "The primary diagnosis isn't specified in this conversation. The focus was on gathering symptoms,",
  "differential_diagnoses": [
    "Cystic fibrosis: CF has a genetic basis and can cause malabsorption and growth issues",
    "sweat"
  ],
  "management_plan": "- Management plan focuses on risk reduction and supportive care for Rahuul’s suspected cancer-related condition. Key elements include: - Risk modification: tobacco",
  "tests_referrals_planned": [
    "CBC, LFT/ALT, chest X-ray, CT/MRI as indicated",
    "refer to ENT/Oncology if cancer suspected",
    "HPV testing considered",
    "vaccination history reviewed",
    "dietary counseling provided",
    "teleme"
  ],
  "follow_up_plan": "Sure, I'll summarize the follow-up plan concisely: - Follow-up schedule: Two-week check-in to monitor symptoms, nutrition,",
  "chronology_response_to_treatment": "Rahul’s condition remains unclear due to lack of detailed data. The conversation focuses on establishing a baseline plan",
  "patient_concerns_preferences_consent": "Patient reports ongoing cough for many months, weight loss, fatigue, intermittent abdominal discomfort. No major trauma or bleeding",
  "safety_issues_red_flags": "Red flags mentioned in the dialogue include sudden onset of breathing difficulty, severe chest pain, rapid heart rate,",
  "coding_terms": "Cancer: No cancer detected yet. Likely benign conditions like laryngeal papilloma or chronic laryngitis remain possibilities."
}