{
  "patient_identifiers": "Rajesh Kumar, 45, farmer, presents with chronic cough and mild breathlessness; tobacco/alcohol",
  "demographics": {
    "age": "Patient is 45 years old.",
    "sex": "The patient is"
  },
  "visit": {
    "date_time": "The visit occurred sometime between March 1st and April 1st,",
    "type": "In-person visit with possible telemedicine consultation depending on"
  },
  "chief_complaint": "Persistent cough for ~two months with mild breathlessness and intermittent chest tightness. No fever,",
  "onset_duration": "Symptoms were present for about two months. The exact duration",
  "symptom_description": "Persistent cough for ~two months, mild breathlessness on exertion, intermittent chest tightness, fatigue during work. No fever, no weight loss",
  "aggravating_factors": "Cigarette smoke, alcohol, and combined tobacco/alcohol use exacerbate respiratory symptoms and increase cancer risk.",
  "relieving_factors": "Relief via antitussives, decongestants, expectorants, and hydration; avoid irritants; monitor for worsening symptoms. If",
  "associated_symptoms": [
    "Persistent cough for ~two months",
    "intermittent shortness of breath",
    "fatigue during work",
    "weight loss",
    "hoarseness",
    "dry cough"
  ],
  "past_medical_history": "No prior medical history was recorded. The conversation focuses on current symptoms, risk factors, and planned",
  "past_surgical_history": "No prior surgery was performed. The focus is on current symptoms, risk factors, and planned diagnostics/treatment.",
  "family_history": "Family history was not explicitly reported in the dialogue. The clinician noted that family history could",
  "current_medications": [
    "No medications listed yet. The conversation ends before any medication details were entered. The next step would involve asking about current medications and then"
  ],
  "allergies": "Rajesh Kumar has no known food allergies or severe skin",
  "social_history": "Rajesh Kumar has a dual tobacco exposure: daily khaini/gutkha use plus occasional smoking. This combination raises his overall",
  "functional_status": "Rajesh Kumar presents with chronic cough and fatigue, along with possible weight loss and hoarseness. He",
  "vital_signs": "- Blood pressure: 160/95 mmHg; no hypertension noted. - Heart rate: 70 bpm; normal range 60–100 bpm. -",
  "examination_findings": "No clear examination findings were reported in the dialogue. The focus was on presenting symptoms, risk factors, and",
  "investigations": [
    "Chest X-ray - CT/MRI - Endoscopic evaluation of the airway - Blood tests (CBC, liver function tests, kidney function tests) - Tumor markers (e.g., PSA, CA19-9) - Genetic testing"
  ],
  "assessment_primary_diagnosis": "Primary diagnosis was not established in the conversation. The patient presented with chronic cough",
  "differential_diagnoses": [
    "Cough pattern with weight loss and fatigue",
    "possible tuberculosis",
    "pneumonia",
    "lung infection",
    "malignancy",
    "other infections"
  ],
  "management_plan": "- Primary care approach: comprehensive evaluation with a multidisciplinary team (surgeon, radiologist, oncologist, nutritionist, speech therapist). Immediate actions: complete hist",
  "tests_referrals_planned": [
    "CBC with differential",
    "liver function tests",
    "urinalysis",
    "thyroid function tests",
    "dental screening",
    "nutritional evaluation"
  ],
  "follow_up_plan": "Follow-up plan: - Complete physical examination and neck lymph node assessment. - If indicated, perform laryngoscopy",
  "chronology_response_to_treatment": "The conversation covers an ongoing series of questions and responses regarding a patient named Rajesh Kumar who presents",
  "patient_concerns_preferences_consent": "Consent given for tests and procedures; no prior consent recorded. No explicit concerns expressed about pain or discomfort",
  "safety_issues_red_flags": "Red flags noted: persistent cough over two months, weight loss, dyspnea on exertion, hoarseness, non-healing mouth ulcers, night",
  "coding_terms": "Cancer type: Lung cancer; head-and-neck cancer; skin cancer; other malignancies possible based on findings. HPV-related risk"
}