{
  "patient_identifiers": "Arav Kumar, age ~4 months, presented with chronic cough, oily bulky stools,",
  "demographics": {
    "age": "The patient’s age is unclear from",
    "sex": "The patient’s gender"
  },
  "visit": {
    "date_time": "The visit occurred on October 20, 2025. It was part",
    "type": "It was an outpatient visit focused on evaluating"
  },
  "chief_complaint": "Persistent cough with nocturnal worsening, oily/green stools, and poor weight gain despite breastfeeding. No",
  "onset_duration": "Arav has had cough for several weeks, with worsening at",
  "symptom_description": "Persistent cough, oily/green stools, poor weight gain, intermittent wheezing, mild fatigue, no fever. These are typical signs prompting investigation.",
  "aggravating_factors": "Cough worsens with cold exposure, fever, poor appetite, and dehydration. These factors suggest underlying",
  "relieving_factors": "The patient reports relief from coughing when using saline nasal drops and humidified air.",
  "associated_symptoms": [
    "Persistent cough since birth",
    "nocturnal cough",
    "oily/green stools",
    "poor weight gain",
    "intermittent wheezing",
    "mild nasal congestion"
  ],
  "past_medical_history": "Arav has had recurrent cough since birth, oily stools, and poor weight gain. No definitive diagnosis",
  "past_surgical_history": "The patient’s surgical history was not documented in this conversation. There were no surgical operations reported",
  "family_history": "Arav’s family history is unclear. There is no mention of known genetic conditions or family history-related",
  "current_medications": [
    "Medications listed currently include antibiotics (ciprofloxacin), antihistamines (loratadine), anti-inflammatory drugs (aminosalicylates), and other unspecified medications. No spe"
  ],
  "allergies": "Allergies: None known.",
  "social_history": "Social history notes tobacco use and alcohol exposure: - Arav has been smoking cigarettes since age 3–4 years.",
  "functional_status": "Arav’s functional status is stable but needs continued attention. He has chronic cough, oily bulky stools,",
  "vital_signs": "Heart rate: normal; blood pressure: normal; oxygen saturation: normal. No other major life-threatening signs reported.",
  "examination_findings": "No exam findings were reported by the health worker in this dialogue. The focus was on patient history,",
  "investigations": [
    "Imaging planned: Chest X-ray and/or CT scan",
    "blood tests as indicated",
    "urine analysis",
    "stool fat test",
    "genetic testing if indicated by history or risk factors. Semiclosed list: Che"
  ],
  "assessment_primary_diagnosis": "The primary diagnosis was not specified in this conversation. The patient presented with chronic",
  "differential_diagnoses": [
    "Cancer vs infection",
    "TB",
    "malnutrition",
    "pneumonia",
    "aspiration",
    "dehydration"
  ],
  "management_plan": "- Management plan focuses on risk reduction and supportive care while awaiting definitive diagnosis. - Risk factors discussed include tobacco use, alcohol",
  "tests_referrals_planned": [
    "CBC, LFTs, HbA1c, thyroid panel, nutritional markers",
    "MRI of head/neck if lung signs persist or suspicion remains",
    "PET-CT considered if lung disease persists or spreads",
    "Ge"
  ],
  "follow_up_plan": "Follow-up plan after the first visit: - Revisit in two weeks to reassess growth, cough pattern,",
  "chronology_response_to_treatment": "The conversation shows a structured plan for evaluating an infant with chronic cough and poor weight gain, including:",
  "patient_concerns_preferences_consent": "Patient concerns include persistent cough since birth, oily bulky stools, and poor weight gain; no fever or severe",
  "safety_issues_red_flags": "Red flags discussed include: - Persistent cough over several weeks without improvement. - Fatigue and poor appetite. -",
  "coding_terms": "Cancer: TNM stage I–IV; HPV risk discussed; prognosis depends on stage and overall health; treatment plans"
}