{
  "patient_identifiers": "The patient’s name was not provided in the dialogue. The conversation focused",
  "demographics": {
    "age": "The patient’s age is 45 years",
    "sex": "Male, 45 years"
  },
  "visit": {
    "date_time": "The visit occurred sometime between March 2024 and April 2024,",
    "type": "It was an outpatient visit focused on initial"
  },
  "chief_complaint": "Persistent cough, weight loss, fatigue, and difficulty swallowing. No fever or night sweats reported.",
  "onset_duration": "The duration of symptoms was unclear at this point, so",
  "symptom_description": "Persistent cough, weight loss, fatigue, difficulty swallowing, intermittent fever, occasional chest pain. No clear diagnosis yet. Risk factors noted: tobacco",
  "aggravating_factors": "If known, list aggravating factors such as cold weather, high humidity, heavy exercise, spicy",
  "relieving_factors": "The patient reports relief through a combination of pain-relief medicines and a soft, high-protein",
  "associated_symptoms": [
    "Persistent cough",
    "weight loss",
    "difficulty swallowing",
    "fatigue",
    "occasional chest discomfort",
    "fever"
  ],
  "past_medical_history": "Past medical history was limited; no specific cancers or other serious conditions were reported. The focus",
  "past_surgical_history": "The summary highlights that Arjun has a long-standing history of tobacco exposure (beedi/cigarette) and alcohol use,",
  "family_history": "Family history was noted as having a father with cancer, but there were no known family",
  "current_medications": [
    "No medications listed at this time",
    "the plan focuses on initial investigations and management decisions. Medications will be added once they become known"
  ],
  "allergies": "None of the listed conditions cause an allergy reaction. The",
  "social_history": "Social history includes tobacco exposure (cigarettes, hookah), alcohol use (occasional beer), and poor dental hygiene. These factors raise",
  "functional_status": "Arjun’s functional status at presentation: No definitive diagnosis yet. He has chronic cough, weight loss, and",
  "vital_signs": "- Baseline vitals: Blood pressure measured at rest; heart rate noted; temperature checked briefly; respiratory rate observed briefly.",
  "examination_findings": "No clear examination findings were reported in this dialogue. The focus was on identifying symptoms, establishing a plan",
  "investigations": [
    "Physical examination of the head, neck, and chest",
    "endoscopy considered if suspicious lesions found. - CT/MRI imaging to assess extent and staging",
    "MRI preferred for soft tissue"
  ],
  "assessment_primary_diagnosis": "Primary diagnosis is suspected malignancy based on chronic cough, weight loss, and dysphagia. The",
  "differential_diagnoses": [
    "Chronic obstructive pulmonary disease (COPD)/asthma",
    "Pulmonary infection (pneumonia)",
    "Lung neoplasia (lung cancer)"
  ],
  "management_plan": "- Arjun’s initial plan includes a comprehensive workup: thorough physical exam, CT/MRI if indicated, CBC, LFT, KFT, and kidney function testing. The",
  "tests_referrals_planned": [
    "CBC, LFT, HbA1c, renal/liver function tests",
    "chest X-ray",
    "MRI/CT as indicated by findings",
    "endoscopy if suspicious",
    "HPV testing considered if relevant",
    "genetic testing if warrant"
  ],
  "follow_up_plan": "Sure, here’s an example summary of the follow-up plan: - Follow-up strategy: - First visit within",
  "chronology_response_to_treatment": "Patient follows up at 8-10 days after initial visit. Diaries show worsening cough, weight loss, and dysphagia. No",
  "patient_concerns_preferences_consent": "Patient concerns noted: No specific symptoms reported at this visit. The plan focuses on risk-factor modification (tobacco/alcohol), lifestyle",
  "safety_issues_red_flags": "Red flags noted by the patient include persistent cough, weight loss, and dysphagia. These should prompt urgent evaluation",
  "coding_terms": "Cancer: Yes, head-and-neck cancer; possible diagnosis after ENT exam and imaging; staging by TNM; treatment depends"
}