{
  "patient_identifiers": "The patient’s name isn’t provided in this conversation. The primary identifier given",
  "demographics": {
    "age": "The patient is a newborn aged",
    "sex": "The patient’s gender"
  },
  "visit": {
    "date_time": "The visit occurred sometime after March 2025, but no exact",
    "type": "In-person visit with possible telemedicine consultation. Two-week follow-up"
  },
  "chief_complaint": "Chief complaint: Fat malabsorption with steatorrhea and poor weight gain.",
  "onset_duration": "Symptoms started around 3 months old, with persistent steatorrhea and",
  "symptom_description": "Oily stools (steatorrhea) and intermittent cough, along with mild breathing difficulties. These are early clues prompting investigation.",
  "aggravating_factors": "Stool oiliness (steatorrhea) and fat malabsorption are major triggers for steatorrhea and fat malabsorption.",
  "relieving_factors": "The main symptom relief strategies discussed were dietary modifications (high-calorie, easily digestible foods) and",
  "associated_symptoms": [
    "Persistent oily stools (steatorrhea) - Steady weight loss - Nasal congestion - Occasional cough - Mild breathing difficulty - Fatigue - Oily stools (steatorrhea) persisted despit"
  ],
  "past_medical_history": "No prior medical history provided. The conversation focuses on current symptoms, growth, stool characteristics, and planned",
  "past_surgical_history": "No surgical history provided in this dialogue. The focus is on current symptoms, growth, and planned",
  "family_history": "Family history is not provided in this conversation. There is no mention of known cancer, heart",
  "current_medications": [
    "No medications listed currently. The conversation focuses on initial assessment and planning rather than prescribing medications. Medications will be added once they become known"
  ],
  "allergies": "None of the child has known food allergy. There are",
  "social_history": "Social history includes tobacco exposure (smoking) and alcohol use (binge drinking). These factors raise cancer risk and need",
  "functional_status": "- The summary highlights key events, symptoms, diagnostic steps, and planned treatments for this infant’s suspected",
  "vital_signs": "Weight: ~4 kg; height ~50 cm; age ~3 months; no fever or dehydration noted. Note that weight is",
  "examination_findings": "No exam results provided in this dialogue. The session focused on establishing a growth-monitoring plan and outlining initial",
  "investigations": [
    "Complete blood count (CBC) planned",
    "liver function test (LFT)",
    "urinalysis",
    "thyroid panel",
    "chest X-ray",
    "MRI if needed"
  ],
  "assessment_primary_diagnosis": "Primary diagnosis is suspected infectious disease due to persistent malnutrition and steatorrhea, with no",
  "differential_diagnoses": [
    "TB-like illness due to malnutrition",
    "Severe pneumonia",
    "Infection after antibiotic therapy",
    "Malabsorption"
  ],
  "management_plan": "- Management plan focuses on establishing a growth-monitoring diary, collecting stool and feeding data, and scheduling follow-ups every two weeks. Diaries cover",
  "tests_referrals_planned": [
    "Complete blood count (CBC) and liver function test (LFTs)",
    "urinalysis",
    "thyroid panel",
    "chest X-ray",
    "genetic testing if indicated",
    "microbiology cultures if infection suspected"
  ],
  "follow_up_plan": "Follow-up plan includes re-evaluating growth, stool pattern, and respiratory status; consider labs if needed; telemedicine available;",
  "chronology_response_to_treatment": "The conversation shows steady progression through initial assessment, diary-based data collection, and planned diagnostics/treatment steps for the infant.",
  "patient_concerns_preferences_consent": "Patient concerns noted: loss of appetite, oily stools (steatorrhea), intermittent cough, and mild breathing difficulties. No fever reported.",
  "safety_issues_red_flags": "Red flags noted: persistent vomiting, rapid weight loss, failure to thrive, lethargy, fever without obvious cause, or worsening",
  "coding_terms": "CPT: 045789 (growth monitoring); 045790 (stool diary); 045791 (feeding diary); 045792 (lab results); 045793 (antibiotics). N/A"
}