{
  "patient_identifiers": "Aryan Sharma, age 25, presented with persistent cough, weight loss, fatigue, and",
  "demographics": {
    "age": "The patient is approximately 25 years",
    "sex": "Gender isn't specified"
  },
  "visit": {
    "date_time": "The visit occurred sometime between February 1st and March 3rd,",
    "type": "In-person visit with possible telemedicine options depending on"
  },
  "chief_complaint": "Persistent cough with weight loss and fatigue, plus voice changes, for at least one",
  "onset_duration": "Cough and weight loss started around one year ago, with",
  "symptom_description": "Persistent cough, weight loss, fatigue, voice changes, with no fever or night sweats at baseline. These features suggest possible chronic",
  "aggravating_factors": "Fatigue, weight loss, voice changes, dry mouth, swallowing difficulties, and sleep disturbances.",
  "relieving_factors": "Nutrition, exercise, sleep, and stress-management strategies.",
  "associated_symptoms": [
    "Persistent cough",
    "weight loss",
    "fatigue",
    "voice changes",
    "intermittent swallowing difficulties",
    "occasional hoarseness"
  ],
  "past_medical_history": "No prior medical history reported. The intake focuses on current symptoms and risk factors rather than",
  "past_surgical_history": "Surgical history was not provided in this intake. No surgical history was recorded. The intake focused",
  "family_history": "Family history was not explicitly mentioned in the dialogue. There is no information about known cancers",
  "current_medications": [
    "No medications listed at this stage. Medications will be identified and added once results come back. If there were no medications, just \"No"
  ],
  "allergies": "None of the patients reported known food allergies. They did",
  "social_history": "Tobacco exposure: Occasional cigarette smoking; occasional hookah use; no regular heavy smoking reported. Alcohol use: Light drinking with",
  "functional_status": "Aryan undergoes a comprehensive intake with emphasis on persistent cough, weight loss, fatigue, voice changes, and",
  "vital_signs": "weight, height, neck circumference, pulse, oxygen saturation, temperature.",
  "examination_findings": "No exam results were reported in this intake. The dialogue focuses on setting up a diagnostic pathway with",
  "investigations": [
    "blood test",
    "chest X-ray",
    "throat exam",
    "HPV testing",
    "dietary and exercise counseling",
    "family involvement"
  ],
  "assessment_primary_diagnosis": "The primary diagnosis was not specified in this intake note. The discussion focused on",
  "differential_diagnoses": [
    "Cancer-related differential diagnoses mentioned include lung disease, tuberculosis, and lymphoma. Head-and-neck malignancies are also possible but"
  ],
  "management_plan": "- Plan highlights: - Primary goals: establish a diagnostic pathway with thorough symptom evaluation, consider HPV testing, and implement lifestyle modification counseling.",
  "tests_referrals_planned": [
    "blood test",
    "chest X-ray",
    "throat exam",
    "HPV testing",
    "dietary and exercise counseling",
    "referral to ENT"
  ],
  "follow_up_plan": "- Follow-up plan: - Schedule a follow-up visit within two weeks to review progress and finalize",
  "chronology_response_to_treatment": "The session ended with the health worker completing intake and preparing to discuss diagnostic steps and lifestyle changes.",
  "patient_concerns_preferences_consent": "Cough for >1 year, weight loss, fatigue, voice change; no fever; no new skin lesions reported; no pain",
  "safety_issues_red_flags": "Red flags mentioned: persistent cough with weight loss, voice changes, fatigue, worsening breathing difficulties, fever, neck lump, or",
  "coding_terms": "Cancer-related codes: 4630 (cancer of the larynx); 4631 (cancer of the trachea/lung). HPV-related issues: 4632 (HPV-associated"
}