{
  "patient_identifiers": "Rajan Sharma (patient) is identified from the dialogue. He has been referred",
  "demographics": {
    "age": "Patient is 45 years old.",
    "sex": "The patient is"
  },
  "visit": {
    "date_time": "The visit occurred sometime between March 2023 and April 2023,",
    "type": "In-person visit with physical examination and lab/imaging; telemedicine"
  },
  "chief_complaint": "Persistent throat discomfort with hoarseness, fatigue, and weight loss over recent weeks. No definitive",
  "onset_duration": "Rajan has had throat pain, hoarseness, fatigue, and weight loss",
  "symptom_description": "Rajan presents with throat discomfort, hoarseness, fatigue, weight loss, and persistent fatigue. These features raise suspicion for head-and-neck cancer but",
  "aggravating_factors": "Rapid onset of severe coughing, breathing difficulty, weight loss, and fatigue are important indicators",
  "relieving_factors": "Relieving symptoms involves maintaining good nutrition, staying hydrated, avoiding irritants, and using prescribed medications",
  "associated_symptoms": [
    "Persistent throat discomfort and hoarseness",
    "weight loss",
    "fatigue",
    "difficulty swallowing solids",
    "mouth ulcers",
    "occasional coughing"
  ],
  "past_medical_history": "Rajan has no known cancer history. He reports recent throat symptoms including hoarseness, fatigue, weight loss,",
  "past_surgical_history": "Rajan has no known head-and-neck cancer history. He presents with throat pain, hoarseness, fatigue, and weight",
  "family_history": "Family history was not explicitly reported in this dialogue. The focus was on symptoms, risk factors,",
  "current_medications": [
    "Amitraza: Lopinex",
    "Ayurvedic medicines: Chyawanprakasham, - Antihypertensive: Losartan 100 mg once daily",
    "Antiplatelet: Aspirin 75 mg once daily",
    "Other meds:"
  ],
  "allergies": "Rajan has no known food allergies. He mentions he had",
  "social_history": "Rajan has quit tobacco but continues to use alcohol; no specific details given about frequency or quantity. Alcohol",
  "functional_status": "Patient has been evaluated for potential head-and-neck cancer based on symptoms and risk factors. Key findings",
  "vital_signs": "- Blood pressure checked; heart rate normal; no acute distress noted. - Respiratory rate not specified; no respiratory",
  "examination_findings": "No clear exam findings were reported in this dialogue. The focus was on presenting symptoms, risk factors, and",
  "investigations": [
    "ENT examination of mouth/throat and neck lymph nodes",
    "Chest X-ray",
    "Neck ultrasound",
    "Laryngoscopy",
    "Blood pressure check",
    "Biopsy if cancer suspicion exists"
  ],
  "assessment_primary_diagnosis": "Primary diagnosis was not specified in this dialogue. The focus was on evaluating symptoms",
  "differential_diagnoses": [
    "cancer vs infection",
    "lymphoma vs non-Hodgkin’s lymphoma",
    "HPV risk",
    "head-and-neck cancer",
    "benign causes like inflammation/fungal infections"
  ],
  "management_plan": "- Rajan undergoes thorough assessment including symptom diary, physical exam (blood pressure, chest X-ray, neck ultrasound, laryngoscopy), and risk-factor counseling (tobacco/alcoh",
  "tests_referrals_planned": [
    "CBC with differential",
    "LFTs",
    "TST",
    "CT/MRI if cancer suspected",
    "FNAC if suspicious lesion",
    "HPV testing"
  ],
  "follow_up_plan": "- Follow-up plan after initial assessment: - Complete diagnostic workup (blood pressure, chest X-ray, neck ultrasound,",
  "chronology_response_to_treatment": "Patient follows up with clear goals: complete diary, start imaging/biopsy when indicated, initiate nutrition counseling, arrange telemedicine follow-ups,",
  "patient_concerns_preferences_consent": "Patient reported throat pain, hoarseness, fatigue, weight loss, and fatigue. No definitive diagnosis yet. He asked for a",
  "safety_issues_red_flags": "Red flags noted: persistent hoarseness, weight loss, fatigue, worsening voice quality, night coughing, swallowing difficulties, non-healing mouth ulcers,",
  "coding_terms": "Cancer risk assessment, throat symptoms, HPV discussion, tobacco/alcohol history, dietary advice, follow-up plan, cost/access, family involvement,"
}