{
  "patient_identifiers": "The patient's name was not explicitly identified in the dialogue. The conversation",
  "demographics": {
    "age": "The patient is 45 years old.",
    "sex": "The patient is"
  },
  "visit": {
    "date_time": "The visit occurred sometime between March 2025 and April 2025,",
    "type": "It was a face-to-face clinic visit focused on"
  },
  "chief_complaint": "Persistent cough for ~3 months with intermittent voice change and mild weight loss. No",
  "onset_duration": "Symptoms were present for about three months. No definitive date",
  "symptom_description": "Persistent cough for ~3 months, intermittent voice change, mild weight loss over weeks, no fever or severe pain. Headache occasionally",
  "aggravating_factors": "Cough, fatigue, weight loss, and worsening voice quality are reported as aggravating symptoms. These",
  "relieving_factors": "The patient reports relief from throat irritation and dry mouth after using saline rinses",
  "associated_symptoms": [
    "Persistent cough for ~3 months",
    "intermittent voice change",
    "unintentional weight loss over several weeks",
    "fatigue",
    "no fever or night sweats reported. Semiclosed list preferred"
  ],
  "past_medical_history": "Past medical history was not explicitly mentioned in the dialogue. The focus was on current symptoms,",
  "past_surgical_history": "Rajesh Kumar had no prior surgery reported by the doctor. He was referred for a physical",
  "family_history": "Family history was not explicitly mentioned in the dialogue. There were no specific family history noted",
  "current_medications": [
    "The patient does not have known medications at this time. There are no listed medications mentioned in the dialogue. If there were medications, they"
  ],
  "allergies": "Rajesh Kumar has no known food allergies. N/A indicates missing",
  "social_history": "Social history includes tobacco use (smokeless tobacco) and alcohol use (weekly intake). Both raise cancer risk when combined.",
  "functional_status": "Patient has completed a series of consultations focused on identifying risk factors (tobacco/alcohol), assessing symptoms, planning",
  "vital_signs": "- BP: 160/105 mmHg; heart rate 70 bpm; no other immediate life-threatening issues noted. No acute distress reported.",
  "examination_findings": "No current exam findings were reported by the dialogue. The focus was on presenting symptoms and risk factors",
  "investigations": [
    "Physical examination",
    "auscultation of lungs",
    "head/neck exam",
    "possible laryngoscopy. - Imaging planned: CT/MRI of head/neck",
    "PET-CT considered if needed. - Biopsy: FNAC of neck lu"
  ],
  "assessment_primary_diagnosis": "Primary diagnosis isn't specified in the dialogue. The focus is on evaluating symptoms, assessing",
  "differential_diagnoses": [
    "Cough pattern, weight loss, nasal congestion, voice changes, swallowing difficulties—these can indicate respiratory tract infection, chronic"
  ],
  "management_plan": "- Aims to summarize the core management plan for Rajesh Kumar, including initial steps, diagnostic pathways, and expected next steps, without going",
  "tests_referrals_planned": [
    "ENT referral for laryngoscopy and possible biopsy",
    "CT/MRI for staging",
    "FNAC for neck lump",
    "Blood tests for markers",
    "HPV testing considered depending on results"
  ],
  "follow_up_plan": "Follow-up plan includes: - Complete physical exam and possible imaging/biopsy if indicated. - Lifestyle counseling focused",
  "chronology_response_to_treatment": "Patient has completed a series of physical exams and investigations at a rural clinic. No definitive diagnosis yet.",
  "patient_concerns_preferences_consent": "Patient reported coughing for 3 months, intermittent voice change, unintentional weight loss, and fatigue. No fever or night",
  "safety_issues_red_flags": "Red flags mentioned include persistent cough for three months, intermittent voice changes, unintentional weight loss, and dysphagia. These",
  "coding_terms": "Cancer-related codes: 0789-0790 (head-and-neck cancers), 0791-0792 (cervical-skin lesions), 0793-0794 (oral-facial lesions). Head-and-neck cancer risk factor discussion"
}