{
  "patient_identifiers": "Rajesh Kumar, 45, farmer, presents with chronic nocturnal cough, hoarseness, and weight",
  "demographics": {
    "age": "45 years old.",
    "sex": "Gender not specified;"
  },
  "visit": {
    "date_time": "The visit occurred sometime between March 2025 and April 2025,",
    "type": "In-person visit with physical examination and possible endoscopy/biopsy;"
  },
  "chief_complaint": "Persistent nocturnal cough with hoarseness and throat discomfort, plus weight loss over months. Risk",
  "onset_duration": "Symptoms were present for several months, starting around 3 months",
  "symptom_description": "Persistent nocturnal cough, hoarseness, throat discomfort, mild weight loss over months. N/A if no specific symptoms noted.",
  "aggravating_factors": "No known exacerbating factors identified during the discussion. The patient reports nocturnal cough, hoarseness,",
  "relieving_factors": "Relief strategies discussed include humidification, saline nasal rinses, and gentle neck massage; avoid harsh",
  "associated_symptoms": [
    "Persistent nocturnal cough",
    "hoarseness",
    "throat discomfort",
    "mild weight loss over several months",
    "intermittent hoarseness",
    "no fever or night sweats reported. N/A if not known"
  ],
  "past_medical_history": "Past medical history noted briefly: no prior cancer diagnosis. Current presentation includes chronic nocturnal cough, hoarseness,",
  "past_surgical_history": "No prior surgery reported. The encounter focuses on current symptoms, risk factors, and planned diagnostic workup",
  "family_history": "Family history was not explicitly documented here. The conversation focused on presenting symptoms, risk factors, and",
  "current_medications": [
    "No medications listed",
    "no prior history noted. The conversation focuses on risk factors, symptoms, and planned diagnostics rather than medication histories. Medications would be"
  ],
  "allergies": "Rajesh Kumar has no known food allergies. N/A for any",
  "social_history": "Social history includes tobacco use (khaini/gutkha) and alcohol use (occasional weekend). Both increase cancer risk when combined. No",
  "functional_status": "Patient has chronic cough, hoarseness, throat discomfort, and weight loss over several months. Risk factors identified:",
  "vital_signs": "- Baseline vitals: blood pressure 120/80 mmHg, heart rate 70 bpm, respiratory rate 16 breaths/min; no fever noted.",
  "examination_findings": "No clear examination findings were reported in the dialogue. The conversation focused on risk factors, symptoms, and an",
  "investigations": [
    "Throat examination and laryngoscopy planned",
    "biopsy if abnormal findings identified. - FNAC considered for neck nodes if indicated. - Imaging (CT/MRI) planned if necessary to def"
  ],
  "assessment_primary_diagnosis": "Primary diagnosis was not established during the conversation. The patient presented with chronic nocturnal",
  "differential_diagnoses": [
    "Chronic cough with hoarseness: tuberculosis (TB) can mimic chronic cough and hoarseness",
    "TB screening with"
  ],
  "management_plan": "- Immediate management plan based on current data: - Complete throat examination and laryngoscopy today; biopsy if indicated. - Pathology results anticipated",
  "tests_referrals_planned": [
    "Throat examination and laryngoscopy planned",
    "biopsy if abnormal tissue seen. - FNAC considered for neck nodes if indicated. - Imaging (CT/MRI) planned if biopsy results warrant i"
  ],
  "follow_up_plan": "- Follow-up plan after biopsy results: - Within 1–2 weeks: schedule CT/MRI to confirm staging and",
  "chronology_response_to_treatment": "Patient has completed throat examination and laryngoscopy; biopsy results pending. Imaging may be required based on findings. Next",
  "patient_concerns_preferences_consent": "- Rajesh Kumar presents with chronic nocturnal cough, hoarseness, and throat discomfort; no fever or night sweats reported.",
  "safety_issues_red_flags": "Red flags noted during the discussion: - Persistent night cough, hoarseness, and throat discomfort raise suspicion for respiratory",
  "coding_terms": "CT/MRI, HPV testing, biopsy, endoscopy, laryngoscopy, nutrition, detoxification, rehabilitation, supportive care, referral pathways, financial assistance, family"
}