{
  "patient_identifiers": "The patient’s name was not explicitly stated in the dialogue. The conversation",
  "demographics": {
    "age": "Patient is 45 years old.",
    "sex": "The patient is"
  },
  "visit": {
    "date_time": "The visit occurred sometime between March 2024 and April 2024,",
    "type": "The visit was an in-person outpatient visit where"
  },
  "chief_complaint": "Persistent cough, fatigue, weight loss, and intermittent abdominal pain.",
  "onset_duration": "Symptoms were present for about three months. The exact duration",
  "symptom_description": "Persistent cough, mild breathlessness, fatigue, weight loss, intermittent abdominal pain, no fever or night sweats. Appetite reduced, thirst increased. Headache",
  "aggravating_factors": "Persistent cough, fatigue, weight loss, and worsening breathing difficulties are aggravating symptoms that prompt",
  "relieving_factors": "The patient reports relief from throat irritation after using a humidifier and improved hydration.",
  "associated_symptoms": [
    "Persistent cough",
    "weight loss",
    "fatigue",
    "dyspnea",
    "painless lump in throat",
    "hoarseness"
  ],
  "past_medical_history": "Past medical history was limited. The patient reported no prior cancer diagnoses or active chronic conditions.",
  "past_surgical_history": "No prior surgery was performed by the patient. The discussion focuses on current symptoms, risk factors,",
  "family_history": "Family history was not explicitly documented in the dialogue. The clinician did not provide any specific",
  "current_medications": [
    "Medications listed today: none known. We will collect any new medications during the next visit. If you have any questions later, please ask"
  ],
  "allergies": "Rajesh has no known food allergies. He reports no severe",
  "social_history": "Social history includes tobacco use (daily khaini/gutkha), alcohol use (weekly), combined tobacco and alcohol exposure, and no known",
  "functional_status": "Patient has completed an ENT-focused head-and-neck cancer screening and is awaiting final diagnostic decisions. The discussion",
  "vital_signs": "Height/weight: ~57–60 cm, ~60 kg; BMI ~22.5–23.0; stable over time; no acute distress reported. No hypertension or diabetes",
  "examination_findings": "No clear examination findings were reported by the clinician in the dialogue. The conversation focused on risk factors,",
  "investigations": [
    "Physical examination of throat, nasal passages, and chest",
    "auscultation of lungs",
    "palpation of neck lymph nodes",
    "endoscopy if indicated. - Chest X-ray or CT/MRI if findings warra"
  ],
  "assessment_primary_diagnosis": "The primary diagnosis isn't specified in the dialogue. The patient presents with chronic cough,",
  "differential_diagnoses": [
    "Cough variant: post-vaccination cough",
    "post-infectious cough",
    "post-radiotherapy cough",
    "post-surgery cough",
    "post-treatment cough",
    "post-breathing therapy cough"
  ],
  "management_plan": "- A comprehensive summary of the management plan based on the dialogue: - Primary goals and immediate actions - Goal: establish a",
  "tests_referrals_planned": [
    "CBC with differential",
    "LFTs",
    "HbA1c",
    "thyroid function tests",
    "urinalysis",
    "chest X-ray"
  ],
  "follow_up_plan": "Follow-up plan includes: - Reassessing symptoms and lifestyle with Rajesh’s consent. - Conducting a comprehensive physical",
  "chronology_response_to_treatment": "The conversation covers a series of steps toward diagnosing suspected head-and-neck cancer in Rajesh Kumar, including physical exam,",
  "patient_concerns_preferences_consent": "Patient concerns include persistent cough, fatigue, weight loss, and intermittent abdominal pain; no fever reported. He has been",
  "safety_issues_red_flags": "Red flags mentioned include persistent cough, weight loss, fatigue, and new or worsening breathing difficulty. These warrant prompt",
  "coding_terms": "Cancer-related codes: 7800-7900; throat/laryngeal cancers; head-and-neck cancers; HPV infection; dental/oral health issues; nutrition/dietary guidelines; tobacco/alcohol risk"
}