{
  "patient_identifiers": "The patient’s name was not explicitly identified in the dialogue. The conversation",
  "demographics": {
    "age": "The patient’s age is 5 years.",
    "sex": "The patient’s gender"
  },
  "visit": {
    "date_time": "The visit occurred sometime between February 16th and March 3rd,",
    "type": "The visit involved an in-person consultation with the"
  },
  "chief_complaint": "Persistent cough with voice changes, dysphagia, weight loss, and night sweats. No clear diagnosis",
  "onset_duration": "Arav has had persistent cough, hoarseness, dysphagia, weight loss, fatigue,",
  "symptom_description": "Persistent cough, hoarseness, dysphagia, weight loss, nocturnal sweating, with no clear cause at onset. No fever or significant pain reported.",
  "aggravating_factors": "Cough, voice changes, fatigue, weight loss, and nocturnal sweating. These can indicate infection, inflammation,",
  "relieving_factors": "The main relief strategies discussed were improved nutrition, increased fluid intake, gentle exercise, and",
  "associated_symptoms": [
    "Persistent cough",
    "hoarseness",
    "difficulty swallowing",
    "weight loss",
    "nocturnal sweating",
    "intermittent dysphonia"
  ],
  "past_medical_history": "Past medical history was not explicitly documented in this conversation. No specific details were provided regarding",
  "past_surgical_history": "No prior surgery was performed. The focus is on current symptoms and risk factors rather than",
  "family_history": "Family history was not explicitly reported in this conversation. There were no specific details about parental",
  "current_medications": [
    "Medications listed at last check: 1) Betacarboxylase inhibitor with antihypertensive drugs (e.g., lisinoprolin). 2) Antidepressant (e.g., sertraline). 3) Anti-inflammatory agent (e"
  ],
  "allergies": "Allergies noted: no known allergies reported. If allergies exist, they",
  "social_history": "Social history includes tobacco use (beedi/cigarette/hookah/paunch) and alcohol use (beer/spirits); no specific details provided. No mention of dual-use",
  "functional_status": "Arav’s condition includes chronic cough with hoarseness, dysphagia, weight loss, fatigue, and night sweats. No clear",
  "vital_signs": "Height: ~106 cm; weight: ~13 kg; BMI: 19.5 (normal range 18–25); no major growth issues noted. No hypertension",
  "examination_findings": "No clear examination findings were reported in this dialogue. The focus was on symptoms, risk factors, and planning",
  "investigations": [
    "Complete blood count (CBC) - Lymphocyte counts - Chest X-ray (if indicated by history or risk factors) - Thyroid function tests (TSH) - Urine analysis - Dental screening"
  ],
  "assessment_primary_diagnosis": "Primary diagnosis isn't clear from this conversation. The plan focuses on evaluating symptoms with",
  "differential_diagnoses": [
    "Cough with voice changes and/or dysphagia: possible cystic fibrosis (CF)",
    "tuberculosis (TB)",
    "pneumonia",
    "influenza-like illness"
  ],
  "management_plan": "- Management plan focuses on nutritional optimization, dental hygiene, and risk-factor modification with follow-up every two weeks. - Nutritional strategy includes protein-rich",
  "tests_referrals_planned": [
    "CBC with differential",
    "LFTs",
    "TST",
    "HIV screening",
    "TB screening",
    "nutritional status"
  ],
  "follow_up_plan": "- Follow-up plan includes re-evaluating the child’s weight gain, nutritional status, and overall growth over time.",
  "chronology_response_to_treatment": "The conversation covers a series of steps aimed at evaluating a young child with suspected respiratory illness, including",
  "patient_concerns_preferences_consent": "Patient concerns include persistent cough, hoarseness, dysphagia, weight loss, fatigue, and night sweats. No specific diagnoses were made",
  "safety_issues_red_flags": "Red flags include persistent cough with hoarseness, dysphagia, weight loss, night sweats, and a lumpy voice. These should",
  "coding_terms": "Cancer: Head-and-neck cancer; Laryngeal-throat pathology; HPV risk factor; nutritional/dietary guidance; dental hygiene; supportive care. N/A if"
}