{
  "patient_identifiers": "Arav Sharma, 21-year-old, presented with persistent thirst, reduced appetite, weight loss, fatigue,",
  "demographics": {
    "age": "Patient is 21 years old.",
    "sex": "The patient is"
  },
  "visit": {
    "date_time": "The visit occurred sometime between March 1st and April 1st,",
    "type": "In-person visit with possible telemedicine options depending on"
  },
  "chief_complaint": "Persistent thirst, reduced appetite, weight loss, fatigue, intermittent cough, and mild abdominal discomfort. These",
  "onset_duration": "Arav has had symptoms for several weeks with persistent thirst,",
  "symptom_description": "Persistent thirst, reduced appetite, weight loss, fatigue, intermittent cough, mild abdominal discomfort. Appetite remains low despite efforts to increase protein",
  "aggravating_factors": "Fatigue, weight loss, fever, dehydration, worsening pain, breathing difficulties, severe vomiting, dehydration, respiratory distress.",
  "relieving_factors": "Relief strategies discussed include pain relief with acetaminophen, hydration, and avoiding irritants like spicy",
  "associated_symptoms": [
    "Fatigue",
    "weight loss",
    "nocturnal cough",
    "hoarseness",
    "difficulty swallowing",
    "dry mouth"
  ],
  "past_medical_history": "No prior medical history was recorded during this visit. The focus remains on current symptoms, investigations,",
  "past_surgical_history": "No surgical history was recorded during this encounter. The focus was on presenting symptoms, nutrition, and",
  "family_history": "Family history was not explicitly discussed in this conversation. The focus was on Arav’s current status,",
  "current_medications": [
    "Ceftriazone capsules",
    "Azithromycin chewable tablets",
    "Metformin oral suspension",
    "Lopinotran oral suspension",
    "Vitamin D3 oral suspension",
    "Antihistamine (e.g., loratadine)"
  ],
  "allergies": "Arava has no known severe allergies. No specific food allergy",
  "social_history": "Social history includes tobacco use (beedi/cigarettes), alcohol consumption (beer, wine), and dual-use with cigarettes/beedis. No specific details about",
  "functional_status": "Arav is 21 with a long-standing malnutrition case. The plan includes a stepwise workup starting with",
  "vital_signs": "Height: ~170 cm; Weight: ~55 kg; BMI: ~22.5; No major life-threatening issues noted. Normal range typically between 19–21",
  "examination_findings": "No clear examination findings were reported in this dialogue. The focus was on presenting symptoms, nutrition advice, and",
  "investigations": [
    "CBC, CBC with differential, liver function tests, stool fat test, chest X-ray, MRI/MR angiography, genetic testing, endoscopy, biopsy, nutrition review, dental screening, social wo"
  ],
  "assessment_primary_diagnosis": "Primary diagnosis was suspected malnutrition with possible infection-related issues, but definitive diagnosis wasn't made",
  "differential_diagnoses": [
    "Acute infection-related issues: bacterial pneumonia, viral infections like influenza, or upper respiratory tract infections"
  ],
  "management_plan": "- Management plan focuses on nutrition, dehydration prevention, and outpatient follow-up with telemedicine options. - Nutrition: High-protein, calorie-dense meals; emphasize fluids",
  "tests_referrals_planned": [
    "CBC, CBC with differential, liver function tests, stool fat test, chest X-ray, MRI/MR angiography, genetic testing, endoscopy, biopsy, nutrition review, dental screening, social wo"
  ],
  "follow_up_plan": "Follow-up plan includes: - Regular visits every 1–2 weeks with updates on weight, appetite, and symptoms.",
  "chronology_response_to_treatment": "The conversation shows steady progress with clear steps toward diagnosis and management: 1) Initial assessment: thorough history, physical",
  "patient_concerns_preferences_consent": "Patient concerns include persistent thirst, reduced appetite, weight loss, fatigue, and intermittent coughing. No major trauma or bleeding",
  "safety_issues_red_flags": "Red flags discussed include persistent thirst, weight loss with no gain, fatigue, and worsening cough. These warrant prompt",
  "coding_terms": "CPT: 0709-0709, 0709-0709, 0709-0709, 0709-0709, 0709-0709, 0709-0709, 0709-0709, 0709-0709, 0709-0709, 0709-0709, 0709-0"
}