{
  "patient_identifiers": "The patient’s name was not explicitly identified in the dialogue. The conversation",
  "demographics": {
    "age": "The patient’s age is 45 years",
    "sex": "The patient’s gender"
  },
  "visit": {
    "date_time": "The visit occurred sometime between March 1st and April 1st,",
    "type": "It was a telemedicine visit with in-person follow-up"
  },
  "chief_complaint": "Persistent cough with fatigue and weight loss over two months, no fever, occasional mild",
  "onset_duration": "Rajesh has had symptoms for about two months with persistent",
  "symptom_description": "Persistent cough, mild shortness of breath, fatigue, weight loss, intermittent dyspnea, no acute distress. No fever, no significant pain, no",
  "aggravating_factors": "Cough, fatigue, weight loss, poor appetite, dehydration, fever, worsening breathing, and/or difficulty swallowing can",
  "relieving_factors": "The main relief strategy was improved nutrition with higher calorie intake, dairy inclusion, and",
  "associated_symptoms": [
    "Persistent cough",
    "mild dyspnea",
    "weight loss",
    "fatigue",
    "intermittent hoarseness",
    "occasional throat irritation"
  ],
  "past_medical_history": "Past medical history was not provided in this conversation. The focus was on presenting symptoms, diagnostic",
  "past_surgical_history": "Rajesh Kumar’s surgical history is incomplete. He reports no previous surgeries or cancer treatments. The discussion",
  "family_history": "Rajesh’s family history isn’t fully documented here. The conversation focuses on his immediate symptoms and planned",
  "current_medications": [
    "Medications listed today include antihistamines, antibiotics, anti-inflammatory agents, and digestive aids",
    "no specific cancer-related drugs mentioned yet. The list will expand wit"
  ],
  "allergies": "Rajesh Kumar has no known food allergies or severe drug",
  "social_history": "Social history includes tobacco use (smoking and smokeless forms) and alcohol consumption. The patient reports occasional cigarette use",
  "functional_status": "Rajesh Kumar presents with chronic cough, mild dyspnea, weight loss, fatigue, and intermittent abdominal pain. He",
  "vital_signs": "- Temporal/tempo: No temperature measurement given; no core temp reported. - Vital signs: Not specified; focus remains on",
  "examination_findings": "No specific examination findings were reported in this dialogue. The focus was on symptom collection, risk factors, and",
  "investigations": [
    "CBC with differential",
    "LFT",
    "KFT",
    "stool analysis if indicated",
    "chest X-ray if clinically indicated",
    "MRI or CT if lung disease suspected"
  ],
  "assessment_primary_diagnosis": "Primary diagnosis isn't known yet; the plan focuses on establishing baseline data with a",
  "differential_diagnoses": [
    "Cystic fibrosis: CF has a genetic basis and can cause malabsorption with fat-soluble vitamins",
    "sweat"
  ],
  "management_plan": "- Rajesh Kumar’s plan focuses on establishing a structured, evidence-based workup with emphasis on nutrition, smoking/alcohol cessation, vaccinations, and timely follow-ups. -",
  "tests_referrals_planned": [
    "CBC with differential",
    "LFT",
    "KFT",
    "stool analysis if indicated",
    "HPV testing considered if relevant",
    "MRI or CT may be required if lung cancer suspicion arises"
  ],
  "follow_up_plan": "Sure, I'll summarize the follow-up plan concisely: - Follow-up timing: One-week interval starting today with a",
  "chronology_response_to_treatment": "The conversation describes a series of questions and responses focused on identifying symptoms, establishing a diagnostic pathway, outlining",
  "patient_concerns_preferences_consent": "Patient reports coughing, fatigue, weight loss, and intermittent shortness of breath. No major trauma or bleeding noted. No",
  "safety_issues_red_flags": "Red flags mentioned include persistent cough with weight loss, worsening shortness of breath, fever, or signs of dehydration.",
  "coding_terms": "Cancer: No cancer detected yet. Likely infections or chronic illness with worsening symptoms may require further"
}