{
  "patient_identifiers": "Raj Bhura, 42, Kolkata, India. He has throat pain, hoarseness, and mild swallowing difficulty. No definitive diagnosis yet. HPV risk",
  "demographics": {
    "age": "42 years old.",
    "sex": "The patient’s gender is unspecified. No explicit mention of sex"
  },
  "visit": {
    "date_time": "The visit occurred on October 1st, 2025, at 9:00 AM. The doctor began throat/laryngoscopy and obtained biopsy samples that were",
    "type": "In-person visit with possible telemedicine consultation. No specific date given. The plan includes throat/laryngoscopy, biopsy, imaging"
  },
  "chief_complaint": "Persistent throat irritation with hoarseness and mild swallowing difficulty for about two weeks. No fever or weight loss reported. No",
  "onset_duration": "Symptoms started around two weeks ago, with throat pain, hoarseness, and mild swallowing trouble. No definitive diagnosis yet. No definite",
  "symptom_description": "Persistent throat irritation, hoarseness, mild dysphagia, intermittent cough, no fever or weight loss. These features suggest an upper airway issue",
  "aggravating_factors": "Rhinopharyngeal congestion, dryness, and irritants like smoke/tobacco/alcohol exacerbate symptoms.",
  "relieving_factors": "Relief strategies mentioned include humidification, saltwater gargles, and gentle warm/hot fluids; avoid spicy/fatty foods; rest and hydration; consider topical analgesics",
  "associated_symptoms": [
    "Persistent sore throat",
    "hoarseness",
    "dysphagia",
    "fatigue",
    "weight loss",
    "night sweats"
  ],
  "past_medical_history": "No prior medical history was reported. The focus is on current symptoms, risk factors, and planned diagnostic steps rather than",
  "past_surgical_history": "No prior surgeries were reported. The focus remains on current symptoms, risk factors, and planned diagnostic",
  "family_history": "Family history was not explicitly reported in this encounter. The conversation focused on current symptoms, risk",
  "current_medications": [
    "Anticipated medications: Tylenol 650 mg twice daily",
    "Advantame 1 tab once daily",
    "Diclofen 1 tab once daily",
    "Albuterol inhaler 2 puffs/day",
    "Azithromycin 500 mg"
  ],
  "allergies": "Ragweed pollen allergy; no known severe food allergies.",
  "social_history": "Social history includes tobacco use (khaini/gutkha 3–5 times/day), alcohol use (2–3 drinks per week), combined tobacco and alcohol",
  "functional_status": "Provisional summary: - Patient is 42 years old with throat symptoms and risk factors (tobacco/khaini/gutkha use,",
  "vital_signs": "Blood pressure: 120/80 mmHg; heart rate 70 bpm; no other significant lab values reported at this time. No",
  "examination_findings": "Examination findings were not reported in this brief encounter. The dialogue focuses on risk factors, HPV considerations, and",
  "investigations": [
    "Throat/laryngoscopy",
    "endoscopic view of voice box",
    "tissue sampling possible if needed. - FNAC (fine needle aspiration cytology)",
    "sample sent to pathology. - CT/MRI",
    "imaging to de"
  ],
  "assessment_primary_diagnosis": "Primary diagnosis is suspected throat cancer due to persistent throat symptoms and risk factors.",
  "differential_diagnoses": [
    "cancer vs infection",
    "lymphoma vs non-Hodgkin lymphoma",
    "tuberculosis",
    "HPV-related lesions",
    "benign conditions like mucosal ulcers",
    "NCDs"
  ],
  "management_plan": "- Plan highlights: - Primary goal: early detection and timely intervention for suspected head-and-neck cancer. - Key components: physical exam, laryngoscopy, biopsy,",
  "tests_referrals_planned": [
    "ENT examination and basic labs (blood pressure, CBC, liver function tests). - Laryngoscopy with possible biopsy. - CT/MRI imaging for staging. - HPV testing as part of workup"
  ],
  "follow_up_plan": "- Follow-up plan includes regular check-ups at least once every six months, with more frequent visits",
  "chronology_response_to_treatment": "Consistent progress over time: - Biopsy confirmed cancer in the throat/larynx. - Staging determined using TNM system (Stage",
  "patient_concerns_preferences_consent": "Consent was obtained for biopsy and imaging; no prior consent required. No specific consent form shown. Consent process",
  "safety_issues_red_flags": "Red flags include persistent throat pain, voice changes, dysphagia, unintentional weight loss, night sweats, and non-healing mouth ulcers.",
  "coding_terms": "Cancer type: Head and Neck Cancer; possible diagnosis based on symptoms and tests. HPV-related considerations mentioned."
}