{
  "patient_identifiers": "Ary Das (name) – Ayushman Bharat scheme eligibility sought; current age 42; history of tobacco/beedi use and occasional cigarette smoking;",
  "demographics": {
    "age": "Ary Das is 42 years old.",
    "sex": "Ary Das is male. He identifies as male. His gender"
  },
  "visit": {
    "date_time": "The visit occurred on October 15th, 2025, around 9:00 AM. The patient was seen by an ENT doctor who conducted",
    "type": "In-person visit with physical exam and possible FNAC/biopsy; no imaging unless indicated by exam/fnac results. HPV"
  },
  "chief_complaint": "Persistent throat pain, hoarseness, difficulty swallowing, weight loss over several weeks. Symptoms suggest an underlying condition requiring careful evaluation.",
  "onset_duration": "Symptoms started around 2 weeks ago, with persistent throat pain, hoarseness, difficulty swallowing, and gradual weight loss. The duration was",
  "symptom_description": "Persistent throat pain, hoarseness, difficulty swallowing, weight loss over several weeks. These are key symptoms prompting investigation. The patient also",
  "aggravating_factors": "Persistent cough, hoarseness, difficulty swallowing, weight loss, fatigue, and night-time breathing difficulties. These are typical signs that prompt urgent evaluation.",
  "relieving_factors": "Relief strategies mentioned include: - Regular oral hygiene and good dental care. - Adequate fluid intake and electrolyte balance. -",
  "associated_symptoms": [
    "Persistent throat pain, hoarseness, difficulty swallowing, weight loss over several weeks",
    "no fever or night sweats",
    "occasional coughing",
    "mild fatigue",
    "no significant breathing t"
  ],
  "past_medical_history": "Past medical history: Ary Das has no known major chronic conditions. He reports occasional coughing, hoarseness, and difficulty swallowing. There",
  "past_surgical_history": "- Ary Das underwent an endoscopic examination today; no immediate pathology detected. FNAC was deferred pending",
  "family_history": "Family history was not explicitly documented here. The summary focuses on presenting symptoms, diagnostic steps, and",
  "current_medications": [
    "Medications listed currently: Tylenol 500 mg twice/day",
    "Advantiga 1 tablet once/day",
    "Metformin 80 mg once/day",
    "Lisdopa 60 mg once/day",
    "Amlodiptine 100 mg once/day",
    "Vitamin"
  ],
  "allergies": "Allergies: None known. If there were any, they would have",
  "social_history": "Social history highlights: - Tobacco use: Beedi/cigarette smoking; occasional cigarette use. - Alcohol: About 2–3 puffs per day.",
  "functional_status": "Symptoms and risk factors: Persistent throat pain, hoarseness, difficulty swallowing, weight loss over several weeks; tobacco/alcohol",
  "vital_signs": "- Blood pressure: 120/85 mmHg; no hypertension. - Heart rate: 60 bpm; normal range 60–100 bpm. - Respiratory",
  "examination_findings": "Examination findings (key points): - Throat appearance: soft palate red, no obvious swelling or bleeding seen. - Neck",
  "investigations": [
    "Physical examination of the throat, neck lymph nodes, and voice quality. - Laryngoscopy and possibly FNAC/biopsy if abnormalities are detected. - Imaging (CT/MRI) as indicated by"
  ],
  "assessment_primary_diagnosis": "Primary diagnosis was not established by this visit. The patient presented with chronic throat",
  "differential_diagnoses": [
    "Differential diagnoses discussed: 1) Chronic throat irritation without obvious cause – possible chronic reflux, dental issues"
  ],
  "management_plan": "- Symptom-driven plan: - Focus on persistent throat pain, hoarseness, difficulty swallowing, and weight loss. - Consideration of HPV-related risks and HPV",
  "tests_referrals_planned": [
    "Complete physical examination",
    "endoscopic laryngoscopy",
    "FNAC/biopsy if indicated",
    "HPV testing as part of risk stratification",
    "imaging as needed",
    "nutrition counseling"
  ],
  "follow_up_plan": "- Follow-up plan for Ary Das (age 42): - Complete physical examination today. - Consider FNAC/biopsy",
  "chronology_response_to_treatment": "- Ary Das undergoes a comprehensive physical exam and FNAC/biopsy if indicated. Pathology results usually arrive in 3–7",
  "patient_concerns_preferences_consent": "Symptoms and risk factors - Persistent throat pain, hoarseness, difficulty swallowing, weight loss over several weeks. - Tobacco",
  "safety_issues_red_flags": "Red flags for urgent evaluation: - Persistent sore throat lasting >3 weeks - Difficulty swallowing - Weight loss",
  "coding_terms": "- Stage I–II: Tumor small, no regional spread, no distant metastasis. - Stage III–IV: Larger tumor"
}