{
  "patient_identifiers": "Amol Baruah, 40, rural area, presents with throat pain, hoarseness, dry cough, fatigue, weight loss, and difficulty swallowing. No prior",
  "demographics": {
    "age": "40 years old.",
    "sex": "The patient’s gender is male. No explicit mention of gender"
  },
  "visit": {
    "date_time": "The visit occurred sometime between March 1st and April 3rd, depending on when the first question was asked. The exact",
    "type": "In-person visit with telemedicine option; no specific location mentioned yet. The next step will be an"
  },
  "chief_complaint": "Persistent throat pain, hoarseness, dry cough, fatigue, weight loss, and difficulty swallowing. No definitive diagnosis yet. The visit focuses on",
  "onset_duration": "The duration of symptoms was unclear at this point, so no specific time frame was provided. The clinician would need",
  "symptom_description": "Persistent throat discomfort, voice change, persistent weight loss, fatigue, and intermittent swallowing difficulty. These features suggest an underlying condition requiring",
  "aggravating_factors": "Saliva dryness, mouth discomfort, fatigue, and weight loss are aggravating symptoms. These can worsen quality of life and affect eating",
  "relieving_factors": "Saliva substitutes, saline rinses, and gentle mouth care help reduce discomfort during radiation.温和的口腔护理和盐水漱口有助于减轻放射性口干。保持充足的水分摄入也很重要，以减少干燥感。如果症状加剧或持续不改善，请及时联系医疗团队。",
  "associated_symptoms": [
    "Hoarseness, persistent throat discomfort, weight loss, fatigue, dry mouth, night-time cough, dysphagia, mild swelling in the throat, occasional chest tightness. No clear lump det"
  ],
  "past_medical_history": "No prior medical history provided. The focus remains on current symptoms, diagnostic plan, and treatment options rather than past medical",
  "past_surgical_history": "Surgical history was not provided in this encounter. The conversation focused on current symptoms, initial evaluation,",
  "family_history": "Family history was not provided in this case. No specific family history-related information was recorded. The",
  "current_medications": [
    "Saliva substitute",
    "saline rinse",
    "fluoride gel",
    "chlorhexidine mouthrinse",
    "soft diet",
    "protein-rich foods"
  ],
  "allergies": "None known allergy reported. If any allergies exist, they will",
  "social_history": "Tobacco use: Occasional khaini/gutkha chewing; no regular smoking; alcohol: 2–3 times per month, mostly at night; occasional weekend",
  "functional_status": "Functional status isn't provided in this brief encounter. The summary focuses on the initial history-taking and",
  "vital_signs": "- Blood pressure: 120/85 mmHg; heart rate: 70 bpm; no chest pain reported. - Respiratory rate: 16 breaths/min;",
  "examination_findings": "No visible lesions detected at initial exam. No definitive diagnosis yet. Next step: biopsy if suspicious areas found;",
  "investigations": [
    "Oral/throat exam and neck palpation today. - Biopsy if indicated by exam. - Imaging (CT/MRI) after biopsy results to define tumor size/location and stage. - TNM-based staging exp"
  ],
  "assessment_primary_diagnosis": "Primary diagnosis is suspected head-and-neck cancer due to persistent throat pain, hoarseness, weight loss,",
  "differential_diagnoses": [
    "Cervical cancer: voice change, dysphagia, neck lump",
    "HPV-related risk factor. - Head-and-neck cancer: systemic spread"
  ],
  "management_plan": "- Start with initial oral/throat exam and neck palpation; biopsy if indicated by exam. - Imaging (CT/MRI) to determine tumor size and",
  "tests_referrals_planned": [
    "Oral/facial exam",
    "neck palpation",
    "biopsy if indicated",
    "imaging (CT/MRI) if necessary",
    "pathology report in ~1 week",
    "FNAC if neck lump suspected"
  ],
  "follow_up_plan": "Follow-up plan: - Next visit: Schedule a follow-up appointment in two weeks to review results and",
  "chronology_response_to_treatment": "The session covered an initial evaluation for a 40-year-old man with persistent throat pain, hoarseness, fatigue, weight loss,",
  "patient_concerns_preferences_consent": "- Amol Baruah presents with throat pain, hoarseness, dry cough, fatigue, weight loss, and difficulty swallowing. He has",
  "safety_issues_red_flags": "Red flags to watch for during this process: - Persistent sore throat lasting >3 weeks - Unexplained weight",
  "coding_terms": "TNM, HPV testing, biopsy, staging, radiation therapy, chemotherapy, voice therapy, swallow rehab, dietary adjustments, social work,"
}