{
  "patient_identifiers": "Name of the patient: Raj Kumar (age 42).",
  "demographics": {
    "age": "The patient’s age is 42 years old.",
    "sex": "The patient’s gender is male."
  },
  "visit": {
    "date_time": "The visit occurred on October 1st, 2025, around 9:00 AM. The doctor performed an oral/throat examination and began a plan",
    "type": "In-person visit with possible telemedicine consultation; no mention of emergency room. The doctor will guide you"
  },
  "chief_complaint": "Chief complaint: persistent throat discomfort with hoarseness and difficulty swallowing over several weeks. No fever or weight loss reported. No",
  "onset_duration": "Symptoms started around two weeks ago, with worsening over time. The exact duration isn't specified here, so I'll say \"unknown\"",
  "symptom_description": "Persistent throat discomfort, hoarseness, difficulty swallowing, worsening over time, no fever or weight loss reported. These features suggest an ongoing",
  "aggravating_factors": "Mouth dryness, poor saliva production, fatigue, weight loss, and persistent sore throat persistently worsens symptoms. These can exacerbate swallowing difficulties",
  "relieving_factors": "The patient mentions relief through antiseptic mouthwash and dietary adjustments (more fruits, vegetables, dairy). He also notes improved oral comfort",
  "associated_symptoms": [
    "Persistent throat discomfort",
    "hoarseness",
    "difficulty swallowing",
    "weight loss",
    "fatigue",
    "night coughing"
  ],
  "past_medical_history": "No prior medical history reported. The focus is on current symptoms, risk factors, and planned diagnostic workup rather than a",
  "past_surgical_history": "No prior surgeries were performed by the patient. The team will document current status and prepare",
  "family_history": "Family history was not explicitly reported in the dialogue. The clinician noted that it could influence",
  "current_medications": [
    "Antibiotics: Ciprofloxacin",
    "Azithromycin",
    "Amoxicillin-clavulanate",
    "Metronidazole",
    "Vancomycin",
    "Clindamycin"
  ],
  "allergies": "Allergies: None known. N/A if none.",
  "social_history": "Past medical history: no prior cancer reported; past tobacco exposure noted (khaini/gutkha/paan masala); occasional beedi smoking; hookah use",
  "functional_status": "Raj Kumar undergoes an oral/throat exam with plans for laryngoscopy and biopsy if abnormalities are found.",
  "vital_signs": "Temperature: normal; heart rate: 70 bpm; blood pressure: 125/80 mmHg; no acute distress noted. No fever or other",
  "examination_findings": "No visible lesions noted during the oral/throat exam. The patient’s voice quality was mildly affected by throat irritation,",
  "investigations": [
    "Oral examination and throat/laryngeal assessment",
    "Laryngoscopy and biopsy if abnormalities found",
    "Imaging (CT/MRI) as indicated by findings",
    "HPV testing considered dependin"
  ],
  "assessment_primary_diagnosis": "Primary diagnosis not specified by the conversation. The focus was on risk-factor assessment, symptom",
  "differential_diagnoses": [
    "Laryngeal malignancy (cancer): most likely differential given the history of chronic throat irritation, hoarseness, and"
  ],
  "management_plan": "- Plan highlights: - Risk factor modification: stop tobacco and reduce alcohol intake; counseling and support resources provided. - Oral/dental health: emphasize",
  "tests_referrals_planned": [
    "Oral examination",
    "laryngoscopy",
    "biopsy",
    "imaging as indicated",
    "HPV screening",
    "dental hygiene advice"
  ],
  "follow_up_plan": "- Follow-up plan includes: - Oral examination and laryngoscopy today; biopsy if abnormalities found. - Imaging",
  "chronology_response_to_treatment": "Patient history summary: Raj Kumar, 42, presents with throat discomfort, hoarseness, and difficulty swallowing over several weeks. Risk",
  "patient_concerns_preferences_consent": "Consent received; no explicit consent given for details beyond what was shared. The session focused on risk-factor discussion,",
  "safety_issues_red_flags": "Red flags noted by the patient include persistent sore throat, hoarseness, difficulty swallowing, weight loss, night sweats, fatigue,",
  "coding_terms": "Cancer-related codes: TNM staging (if applicable); HPV status; dental hygiene score; dietary intake; tobacco/alcohol history; HPV"
}