{
  "patient_identifiers": "Amit Kumar, 54 years old, presented with throat pain, hoarseness, mild dysphagia, fatigue, and several months of smoking/tobacco use. No",
  "demographics": {
    "age": "The patient’s age is 54 years old.",
    "sex": "The patient’s gender is male. No other details were provided."
  },
  "visit": {
    "date_time": "The visit occurred sometime between March 1st and March 3rd, but no specific date was given. The doctor noted that",
    "type": "The visit was an outpatient ENT consultation focused on initial screening and management of head-and-neck cancer"
  },
  "chief_complaint": "Persistent throat pain with voice changes and mild swallowing difficulty for about two weeks, along with some weight loss. No",
  "onset_duration": "The duration of symptoms was unclear during the conversation. The patient described throat pain for about two weeks, hoarseness, mild",
  "symptom_description": "Persistent throat pain, voice change, mild swallowing difficulty, fatigue, no fever or significant weight loss yet. These are typical signs",
  "aggravating_factors": "Dietary factors (high salt, spicy foods, inadequate fruits); smoking/alcohol exposure; possible environmental irritants; dental health issues. These can exacerbate throat",
  "relieving_factors": "The main symptom relief strategies discussed were: 1) Pain management: NSAIDs (e.g., aspirin, ibuprofen) can be used cautiously under supervision;",
  "associated_symptoms": [
    "Persistent throat discomfort - Hoarseness - Fatigue - Weight loss - Painful swallowing - Mouth sores or ulcers - Night-time coughing - Difficulty eating/drinking - Dry mouth sens"
  ],
  "past_medical_history": "No prior medical history provided. Amit Kumar has no known chronic conditions or allergies noted. He mentions tobacco use and",
  "past_surgical_history": "No surgical history provided in this dialogue. The focus was on presenting symptoms, diagnostic plan, and",
  "family_history": "Family history was not provided in this case. The conversation focused on current symptoms, risk factors,",
  "current_medications": [
    "No medications listed yet",
    "we will provide a clear medication list once the history is completed. The initial step is to collect all current"
  ],
  "allergies": "Allergies noted: No known food allergies, no known drug allergies,",
  "social_history": "Past history: Amit Kumar has been smoking tobacco (Beedi/Cigarette) for several years, with intermittent heavy use during stressful",
  "functional_status": "Patient status after initial workup: No definitive diagnosis yet; imaging and biopsy planned based on findings.",
  "vital_signs": "- Blood pressure: 130/85 mmHg; heart rate 70 bpm; no other significant abnormalities noted. No fever today. Normal",
  "examination_findings": "No cancer detected during initial screening. No definitive diagnosis yet. Next step: confirm diagnosis via biopsy and/or imaging",
  "investigations": [
    "ENT examination and laryngoscopy",
    "CT/MRI if indicated",
    "FNAC/BUSIF/NBC if cancer suspected",
    "HPV testing if indicated",
    "biopsy if FNAC positive",
    "imaging and pathology results within"
  ],
  "assessment_primary_diagnosis": "Primary diagnosis is not yet known. The current focus is on completing the initial",
  "differential_diagnoses": [
    "Cervical cancer: lump in throat, odynophagia, possible voice changes, weight loss",
    "HPV testing may be"
  ],
  "management_plan": "- Amit Kumar undergoes initial ENT examination and laryngoscopy with imaging/multipoint biopsy if indicated. Pathology will determine final stage and treatment plan.",
  "tests_referrals_planned": [
    "ENT examination and laryngoscopy",
    "CT/MRI if indicated",
    "FNAC/BUSY if suspicious lesion",
    "HPV testing if indicated",
    "biopsy if FNAC/busy inconclusive",
    "imaging/biopsy results within ~"
  ],
  "follow_up_plan": "- Follow-up plan after initial workup: - Imaging (CT/MRI) and biopsy results will determine final stage",
  "chronology_response_to_treatment": "The conversation centers around an ongoing Indian cancer-care case, with Amit Kumar undergoing initial investigations and planning based",
  "patient_concerns_preferences_consent": "Patient concerns: No smoking/alcohol, no recent infections, no known allergies. Consent given for tests and procedures; willingness to",
  "safety_issues_red_flags": "Red flags noted during the discussion include persistent throat pain, voice changes, swallowing difficulties, unintentional weight loss, and",
  "coding_terms": "Cancer type: Head-and-neck cancer; possible HPV-related lesion; TNM staging pending imaging/pathology. Stage I–III usually treated with"
}