{
  "patient_identifiers": "Name not provided in the dialogue. The patient's identity was not established during the encounter. The conversation focused on presenting",
  "demographics": {
    "age": "The patient’s age is 48 years old.",
    "sex": "The patient’s gender is male. N/A if it wasn’t specified."
  },
  "visit": {
    "date_time": "The visit occurred on October 3rd, 2025, at around 9:00 AM. The doctor performed an oral/pharyngeal/laryngeal examination and initiated a",
    "type": "It was an in-person visit at the clinic. The doctor performed a thorough mouth/throat/larynx examination and"
  },
  "chief_complaint": "Persistent sore throat for about three weeks, along with hoarseness and difficulty swallowing. No fever or marked weight loss noted.",
  "onset_duration": "The symptoms started around three weeks ago, but there was no mention of when they began precisely. The focus remains",
  "symptom_description": "Persistent throat discomfort, hoarseness, and swallowing difficulties, with no fever or marked weight loss. These features raise suspicion for head-and-neck",
  "aggravating_factors": "Red flags that could worsen symptoms: persistent hoarseness beyond 3 weeks, new or worsening swallowing difficulties, weight loss, night coughing,",
  "relieving_factors": "Red flag symptoms that might require urgent attention: persistent sore throat, hoarseness, trouble swallowing, new lump sensation, or breathing difficulties.",
  "associated_symptoms": [
    "Hoarseness, dysphagia, mild weight loss, persistent cough, fatigue, night sweats, nasal congestion, dry mouth, taste changes, skin rash, headache, fatigue, sleep disturbances, we"
  ],
  "past_medical_history": "No prior medical history noted. The focus remains on presenting symptoms, risk factors, and planned diagnostic workup. There is no",
  "past_surgical_history": "No prior surgery was performed. The focus remains on evaluating symptoms and planning diagnostic workup and",
  "family_history": "Family history was not explicitly mentioned in the dialogue. The clinician noted that if there were",
  "current_medications": [
    "No medications listed at this time. The conversation focuses on physical symptoms, risk factors, and an initial diagnostic plan rather than medication details. If"
  ],
  "allergies": "None known allergy noted. If there were any, they would",
  "social_history": "Past smoking habits: smokeless tobacco (khaini/gutkha) used daily for about seven days per week; no regular cigarette smoking;",
  "functional_status": "Patient undergoes an oral/pharyngeal/laryngeal exam today, with tobacco/alcohol history noted. HPV vaccination status and family involvement",
  "vital_signs": "- Blood pressure: 120/85 mmHg; heart rate: 60 bpm; no other abnormal readings noted. Normal range for blood",
  "examination_findings": "No visible mucosal lesions at the exam. Voice pitch and swallowing remain stable. No abnormality noted during the",
  "investigations": [
    "Physical exam of mouth/throat/nasal passage. - Laryngoscopy and possibly biopsy if abnormalities seen. - Imaging (CT/MRI) after laryngoscopy. - HPV testing considered depending o"
  ],
  "assessment_primary_diagnosis": "Primary diagnosis isn't known at this stage. The patient presents with persistent throat symptoms",
  "differential_diagnoses": [
    "Head and neck malignancy (HPV-positive vs HPV-negative) - Infections (e.g., bacterial, fungal, viral) - Allergic/rhinitis-like"
  ],
  "management_plan": "- Plan highlights: - Immediate focus: thorough oral/pharyngeal/laryngeal exam today; consider laryngoscopy/biopsy if abnormalities seen. - Imaging (CT/MRI) planned after exam; resu",
  "tests_referrals_planned": [
    "Complete physical exam of mouth/throat/nasal passage. - Laryngoscopy and biopsy if abnormalities seen. - Imaging (CT/MRI) after laryngoscopy. - HPV testing if indicated. - Nutrit"
  ],
  "follow_up_plan": "- Follow-up plan includes: - Complete physical exam today. - If abnormalities seen, proceed with laryngoscopy",
  "chronology_response_to_treatment": "Patient has completed an initial visit with a detailed history of tobacco/alcohol use and new symptoms (throat pain,",
  "patient_concerns_preferences_consent": "Red flags raised during the visit: persistent sore throat, hoarseness, difficulty swallowing, and mild dysphagia. The team emphasized",
  "safety_issues_red_flags": "red flags: persistent sore throat, new lump in neck, non-healing mouth ulcer, trouble swallowing, weight loss, coughing blood.",
  "coding_terms": "Tobacco use (smokeless), alcohol use, HPV awareness, dental hygiene, dietary changes, family involvement, imaging timing, cost"
}