{
  "patient_identifiers": "Name/ID: Amit Kumar, 46, resident at Kolkata. Cancer risk factor: long-term smoking (2 packs/day), occasional hookah use; alcohol moderation. No",
  "demographics": {
    "age": "The patient’s age is 46 years old.",
    "sex": "The patient’s gender is male. No other information was given"
  },
  "visit": {
    "date_time": "The visit occurred on October 1st, 2025, at 9:00 AM. The dentist appointment was scheduled for tomorrow, and imaging/biopsy results",
    "type": "It was an in-person visit with some telemedicine elements. The dentist appointment was arranged for tomorrow,"
  },
  "chief_complaint": "Persistent throat discomfort with voice changes and difficulty speaking for several days. No definitive diagnosis yet. Risk factors discussed: tobacco",
  "onset_duration": "The symptoms started around 7 days ago, but exact onset isn't precisely known. The current focus is on completing dental",
  "symptom_description": "Persistent throat discomfort, hoarseness, and difficulty speaking for several days, with some weight loss but no major systemic symptoms at",
  "aggravating_factors": "Mouth sores, dehydration, fatigue, weight loss, appetite changes, and sleep disturbances can exacerbate symptoms. Regular hydration, nutrition, and pain control",
  "relieving_factors": "Saline rinses, soft foods, hydration, and reassurance. Pain control with topical anesthetics or topical gels as needed. Avoid irritants like",
  "associated_symptoms": [
    "Persistent sore throat for ~7 days - Hoarseness - Difficulty speaking - Possible weight loss - Poor oral hygiene - Smoking/tobacco use - Alcohol use - HPV awareness discussion"
  ],
  "past_medical_history": "Past medical history was not explicitly documented here. The summary focuses on current symptoms, risk factors, and planned diagnostics rather",
  "past_surgical_history": "No prior surgeries were performed at this visit. The team will proceed with the current plan",
  "family_history": "Amit’s family history was not explicitly reported here. The summary focuses on current symptoms, risk factors,",
  "current_medications": [
    "Amit Kumar currently takes no known medications",
    "he has been advised to avoid NSAIDs due to bleeding risk",
    "antibiotics should be used only"
  ],
  "allergies": "Amit has known allergies: peanut allergy, tree nuts, shellfish, dairy",
  "social_history": "- Amit Kumar has a long-standing habit of smoking (about 2 packs/day), with intermittent use of hookah. There’s",
  "functional_status": "- Amit Kumar undergoes dental evaluation today, imaging/biopsy planned if imaging/biopsy indicates cancer. Stage is not",
  "vital_signs": "- Blood pressure: normal. - Heart rate: stable at ~70 bpm. - Respiratory rate: steady at ~12 breaths/min.",
  "examination_findings": "No current examination findings were reported. The dialogue focuses on presenting symptoms, risk factors, and planned diagnostic workup",
  "investigations": [
    "Basic lab work: CBC, liver function tests (LFT), kidney function tests (KFT)",
    "fasting required for LFT. - Imaging plan: CT scan planned if imaging improves suspicion or if there’"
  ],
  "assessment_primary_diagnosis": "Primary diagnosis was not established at this visit. The plan included completing dental evaluation,",
  "differential_diagnoses": [
    "Cervical/oropharyngeal lesion",
    "Laryngopharyngeal reflux",
    "Infection-related sore throat",
    "Vocal cord dysfunction",
    "Foreign"
  ],
  "management_plan": "- Amit Kumar undergoes comprehensive evaluation for head-and-neck cancer due to persistent throat discomfort, voice changes, and difficulty speaking over 7 days.",
  "tests_referrals_planned": [
    "Basic screening tests: CBC, liver function tests (LFT), kidney function tests (KFT)",
    "chest X-ray if indicated. - Imaging: CT or MRI as part of staging",
    "PET-CT considered if tumor"
  ],
  "follow_up_plan": "- Follow-up plan outlines a stepwise approach: - Dental evaluation at 7–10 days. - Imaging/biopsy results",
  "chronology_response_to_treatment": "Patient has completed an initial visit with a detailed plan for imaging, biopsy, and possible surgery. The team",
  "patient_concerns_preferences_consent": "Consent and information sharing: Amit Kumar agrees to share medical records and undergo imaging/biopsy as recommended. He understands",
  "safety_issues_red_flags": "Red flags mentioned: - Persistent sore throat lasting >7 days - Hoarseness - Difficulty speaking - Weight loss",
  "coding_terms": "Cancer type: Head-and-neck cancer; possible diagnosis pending imaging/biopsy results. Stage not yet determined. Treatment depends on"
}