{
  "patient_identifiers": "Name of the patient: Raju Dasa, 52-year-old.",
  "demographics": {
    "age": "The patient’s age is 52 years old.",
    "sex": "The patient’s gender is male. No explicit mention of gender"
  },
  "visit": {
    "date_time": "The visit occurred sometime around mid-January 2023, with no specific date given. It was part of an ongoing series of",
    "type": "The visit was an in-person consultation with the doctor. No telemedicine involved. A full physical exam"
  },
  "chief_complaint": "Chief complaint: Persistent throat pain with hoarseness and dysphagia for several weeks. No fever reported. No significant weight loss noted.",
  "onset_duration": "Raju has had throat pain, hoarseness, dysphagia, and occasional cough for about two weeks. No definitive diagnosis yet, so duration",
  "symptom_description": "Persistent throat discomfort with hoarseness, dysphagia, and persistent throat pain over several weeks. No fever or weight loss reported. These",
  "aggravating_factors": "Tobacco use, alcohol intake, diet (high salt/dairy/fish), dental hygiene, and general health status all contribute to worsening symptoms. These factors",
  "relieving_factors": "The patient reports throat soreness and hoarseness with dysphagia. He asks for relief strategies and advice on diet and hydration.",
  "associated_symptoms": [
    "Persistent throat discomfort with hoarseness",
    "dysphagia",
    "weight loss",
    "fatigue",
    "night sweats",
    "persistent cough"
  ],
  "past_medical_history": "Past medical history was limited; no specific diagnoses or treatments were reported. No current medications or allergies noted. The focus",
  "past_surgical_history": "Raju’s history includes several important points: - Smoking/tobacco use: Beedi/hookah with intermittent cigarettes; heavy dual-use pattern.",
  "family_history": "Family history was not explicitly documented in this encounter. No specific family history was reported or",
  "current_medications": [
    "Antihistamine: Tylenol",
    "Advantame",
    "Zyrtec",
    "etc",
    "N/A if none. - Antibiotics: Ciprofloxacin",
    "Augmentin"
  ],
  "allergies": "Allergies noted: no known food allergies, no severe skin reactions,",
  "social_history": "- Past medical history: No prior cancer diagnosis reported. - Current habits: Heavy tobacco use with both smokeless",
  "functional_status": "- Raju Dasa undergoes an oral-throat exam with possible biopsy and imaging; HPV vaccination discussed; tobacco/alcohol",
  "vital_signs": "- Blood pressure: 130/85 mmHg; heart rate 70 bpm; no acute distress noted. - Respiratory status: normal breathing",
  "examination_findings": "- Examination findings were limited due to lack of full data exchange; no definitive diagnosis or treatment plan",
  "investigations": [
    "Oral examination with tongue and pharyngeal palpation. - Laryngoscopy planned if needed. - Neck lymph node assessment. - Chest X-ray or ultrasound if indicated. - Blood tests: CB"
  ],
  "assessment_primary_diagnosis": "Primary diagnosis was not established in this encounter. The patient presented with throat pain,",
  "differential_diagnoses": [
    "Chronic laryngitis with voice changes and dysphagia",
    "possible chronic sinusitis or upper respiratory tract infection"
  ],
  "management_plan": "- Plan highlights: - Immediate actions: complete oral/throat examination, laryngoscopy if needed, and perform biopsy if suspicious lesions are seen. - Imaging",
  "tests_referrals_planned": [
    "ENT examination with endoscopy",
    "laryngoscopy",
    "chest X-ray",
    "blood tests",
    "HPV testing",
    "dental cleaning"
  ],
  "follow_up_plan": "- Follow-up plan includes: - Repeat oral/throat examination and laryngoscopy with imaging if needed. - Review",
  "chronology_response_to_treatment": "Patient has completed an intake visit with a structured history, physical exam, and planned investigations. No definitive diagnosis",
  "patient_concerns_preferences_consent": "Consent process and patient concerns noted: - Patient consented to tests and treatments with understanding of risks and",
  "safety_issues_red_flags": "Red flags noted include persistent sore throat, voice changes, difficulty swallowing, weight loss, night sweats, and new lump",
  "coding_terms": "HPV-related term: HPV infection associated with head-and-neck cancers; vaccination discussed; no definitive diagnosis yet. No specific"
}