{
  "patient_identifiers": "Patient name not provided in the dialogue. The conversation focuses on presenting symptoms and risk factors rather than identifying a",
  "demographics": {
    "age": "The patient is 52 years old.",
    "sex": "The patient’s gender is unspecified. The conversation does not specify"
  },
  "visit": {
    "date_time": "The visit occurred sometime between March 1st and April 3rd, with no specific dates given. The clinician noted that the",
    "type": "The visit was an outpatient ENT exam with endoscopy and biopsy planned, followed by imaging (CT/MRI)."
  },
  "chief_complaint": "Chief complaint: Persistent throat pain for ~two weeks with hoarseness and mild dysphagia. No weight loss or fever reported. Risk",
  "onset_duration": "Symptoms started around two weeks ago, with hoarseness and mild swallowing difficulty. No weight loss or fever noted yet. The",
  "symptom_description": "Persistent throat pain, voice change, and mild swallowing difficulty, no weight loss or fever. Headache occasionally. Oral mucosa appears normal.",
  "aggravating_factors": "Persistent dry mouth, fatigue, and reduced appetite during treatment. These exacerbate swallowing difficulties and quality of life. Regular monitoring and",
  "relieving_factors": "The patient reports throat soreness and hoarseness that worsens with swallowing. The clinician notes that these symptoms suggest inflammation or",
  "associated_symptoms": [
    "Persistent throat discomfort - Hoarseness - Dysphagia - Weight loss not observed - Painful swallowing - Odynophagia - Fatigue - Night-time coughing - Mouth ulcers or sores - Dry"
  ],
  "past_medical_history": "No prior medical history provided. The focus remains on current symptoms, risk factors, planned investigations, and expected next steps. There",
  "past_surgical_history": "No prior surgery noted. The focus remains on current symptoms, risk factors, and planned investigations leading",
  "family_history": "Family history was not provided in the dialogue. The clinician noted that it would be helpful",
  "current_medications": [
    "No medications listed yet",
    "we’ll provide a complete medication list after endoscopy/fnac/biopsy results. Right now, just note that no medications were mentioned. We’ll update"
  ],
  "allergies": "None of the patient’s known allergies were mentioned in the",
  "social_history": "Social history: The patient reports dual tobacco use (khaini/gutkha) and occasional smoking, with both practices occurring over several",
  "functional_status": "Patient has no current swallowing difficulties or voice changes. The focus remains on risk assessment, diagnostic",
  "vital_signs": "- Blood pressure: 130/85 mmHg; no hypertension noted. - Heart rate: 70 bpm; normal range 60–90 bpm. -",
  "examination_findings": "No exam was performed during the dialogue. The focus was on risk assessment, lifestyle changes, and planned investigations",
  "investigations": [
    "Oral exam and laryngoscopy planned",
    "biopsy and imaging (CT/MRI) if indicated",
    "FNAC considered for suspicious lesions",
    "HPV testing discussed",
    "nutrition counseling offered",
    "MDT coo"
  ],
  "assessment_primary_diagnosis": "Primary diagnosis was not established during the encounter. The next step was to perform",
  "differential_diagnoses": [
    "Throat infection (e.g., bacterial pharyngitis)",
    "malignancy (head-and-neck cancer). Both require careful evaluation and appropriate tests"
  ],
  "management_plan": "- Immediate plan: Start with endoscopy today; biopsy if abnormal; CT/MRI to define tumor size, location, and spread; MDT discussion to decide",
  "tests_referrals_planned": [
    "Oral exam and laryngoscopy",
    "biopsy if suspicious",
    "FNAC if neck lump suspected",
    "CT/MRI for staging",
    "HPV testing as appropriate",
    "referral to ENT/MDT"
  ],
  "follow_up_plan": "- Follow-up plan after endoscopy/fnac-positive: - Complete pathology report within 1–2 days. - Imaging (CT/MRI) planned",
  "chronology_response_to_treatment": "Patient history summary provided: 52-year-old man with throat pain for ~two weeks, hoarseness, odynophagia, mild dysphagia. Dual tobacco/alcohol",
  "patient_concerns_preferences_consent": "Patient concerns and consent: - Symptoms and history: Throat pain for ~two weeks, hoarseness, mild dysphagia, no weight",
  "safety_issues_red_flags": "Red flags noted during the visit include persistent hoarseness, swallowing difficulties, and new neck lump. These warrant urgent",
  "coding_terms": "Cancer type: Head and neck cancer; HPV-related risk; Stage III/IV; MDT-guided management; possible surgical resection, radiotherapy,"
}