{
  "patient_identifiers": "Name not provided in the dialogue. Patient referred to as \"Arun Kumar\" in the initial context. No specific ID was",
  "demographics": {
    "age": "Patient is 52 years old.",
    "sex": "The patient’s gender is male. No other information was provided."
  },
  "visit": {
    "date_time": "The visit occurred sometime between March 1st and March 15th, depending on when the endoscopy was performed. No specific date",
    "type": "It was an outpatient visit with telemedicine available. No in-person exam was performed today; endoscopy was"
  },
  "chief_complaint": "Chief complaint: Persistent throat pain and dysphagia for ~two weeks. No fever or weight loss reported. Headache noted but not",
  "onset_duration": "Symptoms started around two weeks ago, with worsening at night. No weight loss or fever reported. Early presentation raises concern",
  "symptom_description": "Persistent throat discomfort, hoarseness, dysphagia, nocturnal worsening, mild weight loss, no fever. No major systemic symptoms noted yet. Headache not",
  "aggravating_factors": "Dietary factors such as spicy foods, hot beverages, and certain dairy products can exacerbate throat discomfort and hoarseness. Alcohol also",
  "relieving_factors": "The main symptom relief strategies discussed were: - Pain management: analgesics such as acetaminophen or NSAIDs can help with pain,",
  "associated_symptoms": [
    "Hoarseness, dysphagia, nocturnal worsening, weight loss, fatigue, possible neck lump, persistent cough, throat discomfort, altered taste, dry mouth, reduced saliva. N/A if none n"
  ],
  "past_medical_history": "No prior medical history provided. The focus remains on current symptoms, risk factors, and planned diagnostics/treatment steps. No specific past",
  "past_surgical_history": "Surgical history was not provided in this exchange. No surgical-related data were recorded. The focus was",
  "family_history": "Family history was not provided in the dialogue. No specific family history is reported. If there",
  "current_medications": [
    "No medications listed yet",
    "we will provide a complete medication list after the exam. Medications currently known include antihypertensive lisinopril, statins (atorvastatin, pravas"
  ],
  "allergies": "Allergies noted: No known food allergies; no severe drug allergies",
  "social_history": "Tobacco use: Occasional khaini/gutkha chewing; occasional smoking; no heavy daily use reported. Alcohol: Light drinking (once or twice",
  "functional_status": "Patient has a history of chronic throat symptoms (pain, hoarseness, dysphagia) lasting ~two weeks. No weight",
  "vital_signs": "Blood pressure: 140/95 mmHg; heart rate: 70 bpm; oxygen saturation: 98% room air; no other immediate lab issues",
  "examination_findings": "No exam was performed in this exchange. The conversation focused on risk factors, symptom description, and initial diagnostic",
  "investigations": [
    "Oral exam and laryngoscopy",
    "biopsy if indicated",
    "FNAC discussed for suspicious lesions",
    "imaging (CT/MRI) for staging",
    "FNAC results in 3–7 days",
    "MRI/CT for staging"
  ],
  "assessment_primary_diagnosis": "Primary diagnosis is suspected throat cancer due to persistent dysphagia, hoarseness, and nighttime worsening.",
  "differential_diagnoses": [
    "Cervical carcinoma involving the pharynx/larynx. - Laryngeal papilloma or benign lesion. - Inflammatory conditions such"
  ],
  "management_plan": "- Plan highlights: - Early-stage (Stage I–II): surgery or radiotherapy; possible reconstructive options. - Advanced-stage (Stage III–IV): multimodal approach including surgery, rad",
  "tests_referrals_planned": [
    "Oral exam and laryngoscopy",
    "biopsy if indicated",
    "FNAC discussed for suspicious lesions",
    "imaging (CT/MRI) for staging",
    "pathology report within 3–7 days",
    "TNM staging determined aft"
  ],
  "follow_up_plan": "Follow-up plan after initial workup: - Schedule repeat ENT exam and laryngoscopy within 1–2 weeks. -",
  "chronology_response_to_treatment": "Patient undergoes initial screening including oral/pharyngeal exam and laryngoscopy; biopsy may be performed if indicated. Imaging (CT/MRI) may",
  "patient_concerns_preferences_consent": "Consent process was initiated; patient consented to endoscopy and biopsy. No prior history of cancer reported. Imaging and",
  "safety_issues_red_flags": "Red flags discussed include persistent hoarseness, dysphagia that worsens at night, new or enlarging neck lump, severe throat",
  "coding_terms": "TNM, HPV testing, biopsy, imaging, stage, prognosis, treatment plan, supportive care, family involvement, cost estimates, language"
}