{
  "patient_identifiers": "Name not provided in the dialogue. The patient is identified as Raj Kumar, 52-year-old farmer. No other specific details were",
  "demographics": {
    "age": "52 years old.",
    "sex": "Male, 52 years old."
  },
  "visit": {
    "date_time": "The visit occurred sometime between March 1st and April 1st, but no specific date was given. The overall timeline was",
    "type": "It was an outpatient visit with some telemedicine elements. The doctor conducted an oral/throat exam and"
  },
  "chief_complaint": "Persistent throat swelling, hoarseness, dysphagia, fatigue, and weight loss over several months. No new onset pain reported. The primary concern",
  "onset_duration": "Symptoms started around three months ago, with throat swelling, hoarseness, dysphagia, fatigue, and weight loss. No clear date for onset",
  "symptom_description": "Persistent throat swelling, hoarseness, dysphagia, fatigue, weight loss, and reduced appetite. These features suggest an underlying condition requiring timely investigation.",
  "aggravating_factors": "Dietary factors like spicy foods, heavy meals, and inadequate hydration can exacerbate throat irritation and swallowing difficulties. Radiation exposure also",
  "relieving_factors": "The main symptom relief strategies mentioned are soft, high-protein, high-calorie foods (khichdi, dal, yogurt, protein shakes) and adequate hydration. Regular",
  "associated_symptoms": [
    "Hoarseness, dysphagia, fatigue, weight loss, persistent cough, night sweats, neck lump/nodule, pain, fever, swollen gums, mouth ulcers, dry mouth, taste changes, sleep disturbanc"
  ],
  "past_medical_history": "No prior medical history reported. The focus is on current symptoms, risk factors, and planned investigations. No specific past conditions",
  "past_surgical_history": "No surgical history was recorded in this dialogue. The focus was on current symptoms, risk factors,",
  "family_history": "Family history was not explicitly reported in the dialogue. The clinician noted that it would be",
  "current_medications": [
    "No medication listed yet",
    "no medications known by the patient. The conversation focuses on risk-factor assessment, physical exam, and initial diagnostic steps rather than"
  ],
  "allergies": "None known allergy noted. No food intolerances reported. If there",
  "social_history": "Social history includes: - Tobacco use: daily gutka/khaini/gutkha; occasional smoking; dual-use pattern. - Alcohol use: weekly intake. -",
  "functional_status": "Patient has completed an ENT-focused evaluation including mouth/throat exam, imaging, and biopsy considerations. No definitive diagnosis",
  "vital_signs": "- Blood pressure: 120/80 mmHg; heart rate: 60 bpm; no other immediate lab abnormalities noted. No fever or",
  "examination_findings": "No visible lesions detected during the oral/throat exam. No abnormal findings reported. The focus was on risk-factor counseling",
  "investigations": [
    "ENT examination",
    "endoscopy if indicated",
    "CT/MRI as needed",
    "FNAC if a lesion is found",
    "biopsy if lesions appear suspicious",
    "HPV testing considered"
  ],
  "assessment_primary_diagnosis": "Primary diagnosis is suspected but confirmed by imaging and biopsy. The exact diagnosis isn't",
  "differential_diagnoses": [
    "Laryngopharyngeal reflux (LPR) with aspiration pneumonia",
    "Esophageal or lung masses requiring endoscopy",
    "Pancreatic"
  ],
  "management_plan": "- Plan highlights: - Primary goal: manage dysphagia, voice change, weight loss, and fatigue while avoiding unnecessary tests. - Immediate steps: complete",
  "tests_referrals_planned": [
    "ENT exam",
    "endoscopy if indicated",
    "CT/MRI if needed",
    "FNAC if neck lump suspected",
    "blood tests",
    "HPV testing"
  ],
  "follow_up_plan": "- Follow-up plan includes: - Lifestyle modifications: stop tobacco and reduce alcohol intake; start nicotine replacement",
  "chronology_response_to_treatment": "Patient has completed an initial evaluation including oral/throat examination, imaging/biopsy considerations, and plans for lifestyle change, nutrition, and",
  "patient_concerns_preferences_consent": "- Raj Kumar presents with throat swelling, hoarseness, dysphagia, fatigue, and weight loss over 3 months. He has",
  "safety_issues_red_flags": "Red flags noted by the patient include persistent hoarseness, dysphagia, weight loss, fatigue, and neck swelling. These warrant",
  "coding_terms": "Cancer risk category: low-risk; no definitive diagnosis yet. Head-and-neck cancer risk factor review completed. Next step:"
}