{
  "patient_identifiers": "Patient name not provided in the dialogue. The conversation focuses on presenting symptoms and risk factors rather than identifying a",
  "demographics": {
    "age": "The patient’s age is 52.",
    "sex": "The patient’s gender is unspecified. They identify as male. No"
  },
  "visit": {
    "date_time": "The visit occurred sometime between March 2024 and May 2024, but no specific date was given. The clinician noted that",
    "type": "It was an outpatient visit with telemedicine components. The patient presented with mouth/throat symptoms and risk"
  },
  "chief_complaint": "Persistent mouth/throat pain for ~three months with hoarseness and dysphagia, plus long-standing heavy smoking and alcohol use. No other major",
  "onset_duration": "The symptoms started around three months ago, but exact onset isn't precisely known. The focus remains on ongoing mucosal changes,",
  "symptom_description": "Persistent mouth/throat pain, hoarseness, dysphagia, ongoing cough, weight loss, fatigue, and chronic smoking/alcohol exposure. No new symptoms reported since last",
  "aggravating_factors": "Hoarseness, throat discomfort, dysphagia, fatigue, weight loss, night sweats, coughing, and sleep disturbances. These can worsen with stress, dehydration, or",
  "relieving_factors": "The patient has several relief strategies recommended: - Soft diet and avoidance of spicy, acidic, or rough foods. - Increased",
  "associated_symptoms": [
    "Persistent mouth/throat pain for ~3 months",
    "hoarseness",
    "dysphagia",
    "weight loss",
    "fatigue",
    "no fever or night sweats"
  ],
  "past_medical_history": "No prior medical history provided. The focus remains on current symptoms, risk factors, and planned investigations leading toward diagnosis and",
  "past_surgical_history": "No prior surgical history was provided in this exchange. The focus remains on presenting symptoms, risk",
  "family_history": "Family history was not provided in the dialogue. The clinician noted that it should be included",
  "current_medications": [
    "No medications listed yet",
    "we’ll provide them once they’re identified. The conversation focuses on diagnosis, staging, and treatment planning rather than medication lists. We’ll"
  ],
  "allergies": "None of the patient reported any known food allergies or",
  "social_history": "Social history includes long-term heavy smoking (~30 years) and occasional alcohol use. There is no mention of tobacco",
  "functional_status": "Patient has a history of chronic tobacco exposure (smoking ~30 years), occasional alcohol use, poor dental",
  "vital_signs": "- Blood pressure: 140/95 mmHg; heart rate: 70 bpm; no other significant abnormalities noted. No fever or chest",
  "examination_findings": "- Examination findings were inconclusive: no clear signs of malignancy detected by physical exam and endoscopy. No definitive",
  "investigations": [
    "Complete physical exam including neck/larynx assessment. - Laryngoscopy if indicated by exam findings. - Imaging: CT preferred",
    "MRI if necessary",
    "results expected in 1–2 weeks"
  ],
  "assessment_primary_diagnosis": "Primary diagnosis is suspected but not confirmed by current data. The patient presents with",
  "differential_diagnoses": [
    "Cancerous vs non-cancerous differential: - Non-cancerous: chronic mucosal irritation, infection, nutritional deficiencies, dry mouth, systemic infections"
  ],
  "management_plan": "- Plan highlights: - Primary goal: early detection and timely intervention for suspected head-and-neck cancer. - Initial investigations: comprehensive oral/pharyngeal exam, laryngo",
  "tests_referrals_planned": [
    "ENT exam and possible laryngoscopy",
    "imaging (CT preferred",
    "MRI if needed)",
    "biopsy if suspicious lesions found",
    "FNAC if neck lymph nodes involved",
    "pathology report in 1–2 weeks"
  ],
  "follow_up_plan": "Follow-up plan: - Continue current investigations: CT/MRI imaging as indicated; endoscopic exam if needed. - MDT",
  "chronology_response_to_treatment": "The conversation shows a structured, stepwise approach to evaluating a suspected head-and-neck cancer case: 1) Presenting symptoms and",
  "patient_concerns_preferences_consent": "Patient concerns: ongoing mouth/gut pain for 3 months, hoarseness, dysphagia; risk factors (long-term smoking, occasional alcohol, poor dental",
  "safety_issues_red_flags": "Red flags noted by the patient: - Persistent mouth/throat pain for >3 months. - Hoarseness and difficulty swallowing",
  "coding_terms": "Mouth-throat-pain, dysphagia, chronic-hoarseness, risk-factor assessment, imaging, ENT-referral, MDT discussion, HPV-testing, nutrition/side-effects, cost-savings, access/support"
}