{
  "patient_identifiers": "Rajesh Kumar, 55, presented with throat pain, hoarseness, difficulty swallowing solids, fatigue, and night sweats. No explicit diagnosis yet. HPV",
  "demographics": {
    "age": "The patient’s age is 55 years old.",
    "sex": "The patient’s gender is unspecified. The conversation does not provide"
  },
  "visit": {
    "date_time": "The visit occurred sometime between October 1st and October 7th, depending on when the conversation started. The exact date isn't",
    "type": "It was an in-person visit at the clinic. The doctor performed ENT examination, took a throat"
  },
  "chief_complaint": "Persistent throat pain with hoarseness and dysphagia that started ~two weeks ago. No fever, no significant weight loss noted yet.",
  "onset_duration": "Rajesh has had throat pain and hoarseness for about two weeks. The exact duration isn’t known yet, so we don’t",
  "symptom_description": "Throat pain, hoarseness, difficulty swallowing solids, fatigue, night sweats. These were the primary symptoms described by the patient. The symptoms",
  "aggravating_factors": "Throat irritation, dry mouth, and dehydration are common triggers that exacerbate symptoms. Keeping hydrated, avoiding irritants, and using humidified air",
  "relieving_factors": "The relief strategy focuses on addressing throat pain, hoarseness, and swallowing issues through a combination of symptomatic treatments and supportive",
  "associated_symptoms": [
    "Persistent throat irritation",
    "hoarseness",
    "dysphagia",
    "fatigue",
    "weight change",
    "night sweats"
  ],
  "past_medical_history": "No prior medical history provided. The conversation focuses on current symptoms, risk factors, and planned diagnostics rather than past medical",
  "past_surgical_history": "No surgical history provided by the dialogue. The focus was on presenting symptoms, risk factors, and",
  "family_history": "Family history was not provided in this exchange. The conversation focused on presenting symptoms, risk factors,",
  "current_medications": [
    "No medications listed at this time. The conversation focuses on history-taking, physical exam, and diagnostic steps rather than listing medications. Medications would be added"
  ],
  "allergies": "Allergies noted: no known food allergies, no severe skin reactions,",
  "social_history": "Social history includes tobacco use (smokeless and smoked), alcohol use, and dual-use pattern increasing cancer risk. No specific",
  "functional_status": "Rajesh Kumar presented with throat pain, hoarseness, swallowing difficulties, fatigue, and night sweats. He had significant",
  "vital_signs": "Blood pressure: 140/95 mmHg; heart rate 70 bpm; no other immediate life-threatening issues noted. No urgent blood tests",
  "examination_findings": "No clear examination findings were provided by the dialogue. The conversation focused on presenting symptoms and risk factors",
  "investigations": [
    "Pathology and imaging planned: - Tissue diagnosis via biopsy",
    "pathology results expected in 7-10 days. - CT/MRI imaging to assess tumor size, nodal spread, and metastasis",
    "results"
  ],
  "assessment_primary_diagnosis": "Primary diagnosis was not established at this point. The conversation focused on evaluating symptoms",
  "differential_diagnoses": [
    "cervical-skin lesion, inflammatory condition, benign neoplasm, malignancy",
    "HPV-related infection",
    "nutritional issues",
    "dental/oral health",
    "systemic infections",
    "radiation-induced"
  ],
  "management_plan": "- Plan highlights: - A staged, multidisciplinary approach targeting early detection and effective treatment. - Key components: risk assessment, education, HPV testing,",
  "tests_referrals_planned": [
    "Pathology, imaging, HPV testing, nutritional advice, referral to dental/oral healthcare, and any other referrals as appropriate. No specific tests mentioned yet. The plan is to pro"
  ],
  "follow_up_plan": "- Follow-up plan after initial workup: - Complete ENT examination and perform biopsy if indicated. -",
  "chronology_response_to_treatment": "The conversation does not provide clear responses regarding progress or outcomes because the dialogue ends abruptly without concluding",
  "patient_concerns_preferences_consent": "Consent and consent-related notes: - The patient expressed willingness to undergo tests and treatments, including HPV testing and",
  "safety_issues_red_flags": "Red flags noted by the patient include persistent sore throat, hoarseness, difficulty swallowing solids, fatigue, and night sweats.",
  "coding_terms": "Pathology: Squamous cell carcinoma of the tongue; HPV-related infection; head-and-neck cancer risk factor; HPV-negative possibility exists."
}