{
  "patient_identifiers": "The patient's name was not explicitly stated in the dialogue. The conversation focused on his presentation and risk factors rather",
  "demographics": {
    "age": "The patient is 42 years old.",
    "sex": "The patient’s gender is male. No other details were given."
  },
  "visit": {
    "date_time": "The visit occurred on October 1st, 2025, at 9:00 AM. The patient was seen first, followed by a possible biopsy",
    "type": "The visit was an in-person consultation focused on evaluating symptoms and establishing a baseline workup for"
  },
  "chief_complaint": "Chief complaint: persistent throat discomfort with hoarseness and mild swallowing difficulty for about 2–3 weeks. No weight loss reported. No",
  "onset_duration": "The duration of symptoms was unclear at this visit. The patient described throat discomfort, hoarseness, and mild dysphagia over several",
  "symptom_description": "Throat discomfort, hoarseness, mild dysphagia, occasional voice change, persistent throat pain, no weight loss.",
  "aggravating_factors": "Tobacco use, alcohol use, dental hygiene, diet, and HPV status all contribute to worsening throat symptoms and increased cancer risk.",
  "relieving_factors": "The patient reports throat pain, hoarseness, and difficulty swallowing. These symptoms suggest possible inflammation or infection-related issues in the throat",
  "associated_symptoms": [
    "Persistent throat discomfort - Hoarseness - Mild dysphagia - Occasional voice change - Weight stable - No persistent fever or night sweats - Painless neck lumps occasionally obse"
  ],
  "past_medical_history": "Past medical history was limited. No specific cancers were mentioned. The focus was on risk factors (tobacco, alcohol), dental hygiene,",
  "past_surgical_history": "History of previous surgeries and current status: - No prior major surgery known. - Current situation:",
  "family_history": "The summary highlights that the patient's family history includes: - Periodontal disease, which raises concerns for",
  "current_medications": [
    "No medications listed at this time",
    "the dialogue focuses on physical exam, biopsy, and HPV testing rather than medication lists. The patient's current"
  ],
  "allergies": "None of the patients had known food allergies or severe",
  "social_history": "- Past medical history: No prior cancer or other serious diseases known. - Current habits: Heavy tobacco use",
  "functional_status": "- Patient undergoes physical exam of throat and mouth, followed by possible biopsy and imaging based",
  "vital_signs": "- Blood pressure: 120/80 mmHg; heart rate 70 bpm; respiratory rate normal; oxygen saturation 98% at rest; no",
  "examination_findings": "No visible mucosal lesions detected during the physical exam. No abnormal swelling or redness observed. The clinician notes",
  "investigations": [
    "Physical examination of the throat and mouth. - Endoscopic assessment of the throat. - Biopsy of suspicious lesions (FNAC possible). - Imaging studies: CT or MRI as indicated by"
  ],
  "assessment_primary_diagnosis": "Primary diagnosis is not yet established. The patient presents with throat discomfort, hoarseness, and",
  "differential_diagnoses": [
    "Throat infection (e.g., bacterial pharyngitis) - Oral mucosal disorder (e.g., fungal infection) - Head and"
  ],
  "management_plan": "- Presenting symptoms and risk assessment - Several weeks of throat discomfort, hoarseness, mild dysphagia, and occasional voice change. - Significant tobacco",
  "tests_referrals_planned": [
    "Physical examination of the throat and mouth. - Biopsy of suspicious lesions (FNAC possible). - Imaging: CT or MRI depending on exam findings. - HPV testing as part of"
  ],
  "follow_up_plan": "- Follow-up plan includes: - Complete physical examination of the throat/mouth today. - Biopsy if indicated;",
  "chronology_response_to_treatment": "The conversation covers an initial assessment of a 42-year-old man with throat symptoms and risk factors (tobacco, alcohol).",
  "patient_concerns_preferences_consent": "Consent and risk assessment - Consent obtained for HPV testing and throat endoscopy. - Patient expressed willingness to",
  "safety_issues_red_flags": "- Persistent hoarseness beyond 2 weeks, new lump in the neck, persistent difficulty swallowing, unexplained weight loss, unilateral",
  "coding_terms": "Tissue type: squamous cell carcinoma (oral/oropharyngeal). Biopsy method: fine-needle aspiration cytology (FNAC). Imaging planned: CT/MRI to"
}