{
  "patient_identifiers": "Name not provided in the dialogue. The conversation focuses on symptoms, risk factors, and initial diagnostic steps rather than identifying",
  "demographics": {
    "age": "The patient’s age is 42 years old.",
    "sex": "The patient is female. She has been referred for an"
  },
  "visit": {
    "date_time": "The visit occurred sometime between July 1st and July 8th, but no specific date was given. The clinician noted that",
    "type": "It was an outpatient clinic visit focused on initial symptom assessment and risk-factor counseling, followed by"
  },
  "chief_complaint": "Persistent hoarseness and voice change with mild swallowing difficulties for about three weeks. No weight loss or fever reported. No",
  "onset_duration": "The symptoms started around three weeks ago, but exact duration wasn't specified in the conversation. The focus was on initial",
  "symptom_description": "Persistent hoarseness, voice change, difficulty speaking, mild swallowing discomfort, no weight loss or fever. These are the primary symptoms prompting",
  "aggravating_factors": "Hoarseness, throat discomfort, fatigue, reduced appetite, weight loss, sleep disturbances, and anxiety about diagnosis. These can exacerbate anxiety and affect",
  "relieving_factors": "Persistent hoarseness, fatigue, dry mouth, occasional throat irritation, and reduced appetite. These can be managed with lifestyle changes (diet, hydration,",
  "associated_symptoms": [
    "Hoarseness, voice change, difficulty speaking, mild swallowing difficulty, no weight loss or fever. N/A if not known"
  ],
  "past_medical_history": "No prior medical history noted. The conversation focuses on current symptoms, risk factors, and initial diagnostic steps rather than past",
  "past_surgical_history": "No prior surgery known. The conversation focuses on current symptoms, risk factors, and initial diagnostic steps",
  "family_history": "No family history mentioned in this dialogue. The focus remains on current symptoms, risk factors, and",
  "current_medications": [
    "No medications listed yet. The conversation focuses on initial assessment, risk-factor counseling, and plans for ENT evaluation and diagnostic workup rather than listing medication"
  ],
  "allergies": "None of the patient's known allergies were mentioned. The conversation",
  "social_history": "Tobacco exposure: Long-term regular smoking (~3 days per week); occasional alcohol use (about 3–4 glasses daily). Both exposures",
  "functional_status": "- The summary captures the core events, symptoms, risk factors, diagnostic plan, and initial management outlined",
  "vital_signs": "- Blood pressure: 120/85 mmHg; no hypertension at this visit. - Heart rate: 70 bpm; normal range 60–90",
  "examination_findings": "No visible mucosal lesions at initial examination. Voice quality stable but hoarseness persists. No obvious swelling or redness",
  "investigations": [
    "ENT examination of mouth/throat/larynx",
    "laryngoscopy if indicated",
    "blood tests for infection markers",
    "CT/MRI if indicated",
    "HPV testing considered based on risk factors",
    "biopsy if"
  ],
  "assessment_primary_diagnosis": "Primary diagnosis is suspected but confirmed by biopsy or other confirmatory tests. HPV status",
  "differential_diagnoses": [
    "Chronic laryngeal pathology (chronic laryngitis, chronic vocal cord dysfunction) - Infections (infectious laryngotracheobronchial disease)"
  ],
  "management_plan": "- Plan highlights: - Primary goal: Early detection via ENT exam and targeted diagnostics. - Risk-factor counseling: Tobacco/alcohol exposure, dental hygiene, diet,",
  "tests_referrals_planned": [
    "ENT exam",
    "laryngoscopy if indicated",
    "CT/MRI if needed",
    "HPV testing considered",
    "biopsy if suspicious lesions found",
    "FNAC if lymph nodes involved"
  ],
  "follow_up_plan": "- Follow-up plan includes: - Repeat ENT exam and laryngoscopy if indicated. - Blood tests for",
  "chronology_response_to_treatment": "The conversation focuses on an older adult undergoing head-and-neck cancer workup, including initial symptoms, risk-factor assessment, diagnostic plans,",
  "patient_concerns_preferences_consent": "- The patient expressed concern about costs and subsidies, asking how Ayushman Bharat can help with expenses. They",
  "safety_issues_red_flags": "- Hoarseness lasting more than 2 weeks, persistent cough, trouble swallowing, unintentional weight loss, unilateral ear pain, or",
  "coding_terms": "The conversation does not contain explicit codes or specific diagnoses. The dialogue focuses on symptom presentation,"
}