{
  "patient_identifiers": "Name of the patient: Raj Kumar, age 45. He has been experiencing throat discomfort with hoarseness and mild dysphagia for",
  "demographics": {
    "age": "The patient’s age is 45.",
    "sex": "The patient’s gender is male. No other details were given."
  },
  "visit": {
    "date_time": "The visit occurred sometime between March 1st and March 8th, with some uncertainty about exact date due to multiple dates",
    "type": "It was an outpatient visit with telemedicine components. The patient presented with throat symptoms and risk"
  },
  "chief_complaint": "Chief complaint: throat discomfort with hoarseness and mild dysphagia for ~2 weeks. No fever, weight loss, or significant breathing difficulty",
  "onset_duration": "Symptoms started around two weeks ago with throat discomfort, hoarseness, and mild dysphagia. No recent onset noted yet. The patient",
  "symptom_description": "Persistent throat discomfort with hoarseness, mild dysphagia, fatigue, and risk factors including tobacco/alcohol exposure and hookah use. No definitive diagnoses",
  "aggravating_factors": "Dietary irritants like spicy foods, acidic beverages, and certain fruits/desserts can exacerbate throat irritation and mucosal sensitivity. Avoiding these triggers",
  "relieving_factors": "The patient mentions throat soreness, hoarseness, and fatigue. The clinician notes that these are common with tobacco exposure and advises",
  "associated_symptoms": [
    "Hoarseness, throat discomfort, fatigue, weight loss, night coughing, reduced appetite, difficulty swallowing, persistent sore throat, nasal congestion, occasional fever, swollen"
  ],
  "past_medical_history": "No prior medical history noted. The patient has risk factors including tobacco exposure, hookah use, alcohol consumption, and poor diet.",
  "past_surgical_history": "Raj Kumar has had tobacco exposure (hookah and cigarettes) over many years with occasional alcohol use.",
  "family_history": "Family history was not explicitly reported in the dialogue. The patient’s family history was not included",
  "current_medications": [
    "No medications listed yet",
    "no medication details given. The patient has been evaluated with throat symptoms and risk factors but no specific medications have"
  ],
  "allergies": "Allergies noted: No known food/dietary restrictions reported. If any allergy",
  "social_history": "Past tobacco exposure: Long-term smoking (cigarette, hookah) with intermittent smokeless tobacco use; hookah more frequent than cigarettes; no",
  "functional_status": "Raj Kumar undergoes initial screening for throat cancer with risk factors including tobacco/hookah exposure, alcohol use,",
  "vital_signs": "Blood pressure: 120/80 mmHg; heart rate: 60 bpm; no other significant lab values noted. No fever or respiratory",
  "examination_findings": "No exam details were provided in this exchange. The patient was evaluated with risk factors but no specific",
  "investigations": [
    "imaging tests planned: CT/MRI",
    "biopsy if indicated",
    "HPV testing as appropriate",
    "blood tests as part of workup",
    "dental clearance before radiation/treatment",
    "ENT referral for initia"
  ],
  "assessment_primary_diagnosis": "Primary diagnosis is throat cancer with possible nodal involvement. No definitive diagnosis yet; imaging",
  "differential_diagnoses": [
    "Cancer differential: - Head and neck cancer (most likely given risk factors) - Lung cancer (possible"
  ],
  "management_plan": "- Plan highlights: - Immediate step: complete imaging (CT/MRI) and perform biopsy to confirm cancer. - Pathology results: usually available in 2–3",
  "tests_referrals_planned": [
    "Complete throat exam with endoscopy",
    "CT/MRI imaging",
    "FNAC biopsy if suspicious lesions detected",
    "HPV testing if indicated",
    "blood tests for nutritional status",
    "dental clearance be"
  ],
  "follow_up_plan": "- Follow-up plan outlines a structured schedule starting with an initial visit followed by regular check-ins",
  "chronology_response_to_treatment": "Patient has completed initial assessments with imaging and biopsy; no definitive diagnosis yet. Stage hasn’t been established yet.",
  "patient_concerns_preferences_consent": "Consent process: The family agrees to provide consent for imaging and biopsy, with an understanding that they can",
  "safety_issues_red_flags": "Red flags noted: persistent sore throat with hoarseness, progressive voice change, weight loss, night coughing, non-healing ulcers, new",
  "coding_terms": "Cancer type: Head and Neck Cancer; possible HPV-related risk; Stage III-IV; treatment plans depend on pathology"
}