{
  "patient_identifiers": "Rajesh Kumar, 52, Kolkata, India. He presented with throat pain, hoarseness, and difficulty swallowing over 3 months. No specific diagnosis",
  "demographics": {
    "age": "52 years old.",
    "sex": "The patient's gender is unspecified. No explicit gender was given"
  },
  "visit": {
    "date_time": "The visit occurred on October 1st, 2025, at around 9:00 AM. The doctor performed endoscopy and obtained tissue samples for",
    "type": "In-person visit with endoscopic assessment and possible biopsy; telemedicine could also be used if local access"
  },
  "chief_complaint": "Persistent throat discomfort with voice changes and mild swallowing difficulties for about three months. No fever, no weight loss reported.",
  "onset_duration": "Rajesh has had throat symptoms for about three months. The exact duration isn't specified here, so we don't provide a",
  "symptom_description": "Persistent throat irritation, hoarseness, persistent voice change, mild dysphagia, fatigue, no significant weight loss or fever. Headache occasionally reported. No",
  "aggravating_factors": "Persistent dry mouth, throat irritation, and fatigue persist throughout the course of the disease. These symptoms worsen when hot drinks",
  "relieving_factors": "Persistent throat irritation, dryness, and mild dysphagia with occasional voice changes. No severe pain reported. Mild fatigue noted. Headache occasionally",
  "associated_symptoms": [
    "Persistent sore throat for ~3 months",
    "Hoarseness",
    "Difficulty swallowing",
    "Occasional coughing",
    "No persistent fever or weight loss reported yet"
  ],
  "past_medical_history": "No prior history was recorded. The current focus is on evaluating symptoms, assessing risk factors, planning diagnostics, and discussing treatment",
  "past_surgical_history": "Rajesh Kumar underwent endoscopic evaluation for possible throat cancer. No definitive diagnosis yet; HPV testing was",
  "family_history": "Rajesh Kumar has no known major cancer in his immediate family. His father had lung cancer",
  "current_medications": [
    "No medications listed at this time. The conversation focuses on initial assessment and planning rather than current medication lists. Medications would be added once"
  ],
  "allergies": "Rajesh has no known food allergies. He reports no severe",
  "social_history": "Rajesh Kumar has a long-term history of tobacco use (khaini/gutkha) and intermittent smoking. There is no clear cessation",
  "functional_status": "Patient has completed endoscopy and pathology, awaiting imaging results. No definitive diagnosis yet. HPV testing is",
  "vital_signs": "Blood pressure: 160/110 mmHg; heart rate 70 bpm; no acute distress noted. No fever. No significant lab values",
  "examination_findings": "No visible mucosal lesions at the oral cavity examination. No abnormality noted. The clinician proceeded with endoscopic evaluation",
  "investigations": [
    "Complete physical examination including neck palpation. - Endoscopic evaluation of the throat. - CT/MRI imaging to assess extent and determine need for additional procedures. - F"
  ],
  "assessment_primary_diagnosis": "Primary diagnosis was not specified in this exchange. The focus was on initial evaluation",
  "differential_diagnoses": [
    "Cervical carcinoma, laryngeal carcinoma, odontogenic infection, inflammatory condition, malignancy-related swelling. Head and neck cancer remains a"
  ],
  "management_plan": "- A comprehensive plan was outlined for endoscopic evaluation followed by biopsy and imaging, with emphasis on risk reduction (tobacco/alcohol cessation), supportive",
  "tests_referrals_planned": [
    "Full blood count (CBC), liver function tests (LFTs), fasting glucose, thyroid-stimulating hormone (TSH)",
    "HIV antibody testing",
    "nutritional assessment",
    "dental screening",
    "HPV testi"
  ],
  "follow_up_plan": "- Follow-up plan includes regular visits every three months starting now, with tests such as endoscopy,",
  "chronology_response_to_treatment": "Patient has completed endoscopy and pathology, awaiting imaging results. The clinician notes that biopsy and imaging results will",
  "patient_concerns_preferences_consent": "Rajesh Kumar presents with throat pain, hoarseness, and difficulty swallowing over 3 months. He has ongoing tobacco/alcohol use",
  "safety_issues_red_flags": "Red flags noted: persistent voice changes, new lump in neck, non-healing mouth ulcer, weight loss, night sweats, dysphagia,",
  "coding_terms": "Cancer type: Head and neck cancer; possible diagnosis pending endoscopy and pathology. HPV-related risk discussed; no"
}