{
  "patient_identifiers": "The patient's name was Lakshman Bora, age 42, Guwahati. His condition involves throat irritation with hoarseness and weight loss, prompting",
  "demographics": {
    "age": "The patient’s age is 42 years old.",
    "sex": "The patient’s gender is male. No other details were provided."
  },
  "visit": {
    "date_time": "The visit occurred on October 3, 2025, at 9:00 AM. The patient was seen by an ENT specialist who conducted",
    "type": "It was an in-person visit with physical examination and possible endoscopic assessment, followed by biopsy and"
  },
  "chief_complaint": "Throat irritation with hoarseness and weight loss for about four to five weeks. No fever reported. No history of cancer",
  "onset_duration": "The symptoms started around four to five weeks ago, with hoarseness and difficulty speaking. The exact duration isn't specified here,",
  "symptom_description": "Persistent throat irritation, hoarseness, difficulty speaking, weight loss, no fever, mild dysphagia. No neck lump reported. Headache not mentioned. Overall",
  "aggravating_factors": "Loud noise, hot weather, tobacco exposure, alcohol consumption, poor oral hygiene, low fruit/vegetable intake, dehydration, and inadequate sleep. These factors",
  "relieving_factors": "Oral hygiene measures, nutrition optimization, hydration, and avoiding irritants help reduce discomfort and improve healing. A balanced diet rich in",
  "associated_symptoms": [
    "Hoarseness, throat irritation, weight loss, dysphagia, persistent cough, fatigue, night sweats, sleep disturbance, appetite change, and pain/discomfort in the throat region. N/A"
  ],
  "past_medical_history": "No prior medical history provided. The patient’s current presentation focuses on throat symptoms and risk factors rather than a full",
  "past_surgical_history": "No prior surgeries were reported. The patient’s current condition is being evaluated for diagnosis and treatment",
  "family_history": "Family history was not provided in the dialogue. No specific cancer risk factors were mentioned. The",
  "current_medications": [
    "No medication listed at this point. The conversation focuses on initial assessment and diagnostic workup rather than current medications. Medications would be added once"
  ],
  "allergies": "None of the patient's known allergies were mentioned in the",
  "social_history": "Past tobacco exposure: Occasional smoking; occasional smokeless tobacco; no heavy past use. Alcohol: Light drinking at times; not",
  "functional_status": "Lakshman Bora undergoes an oral/throat exam today with plans for laryngoscopy if indicated. Biopsy results should",
  "vital_signs": "No immediate vital signs provided. Focus shifts to initial assessment, exams, and decision-making based on current symptoms and",
  "examination_findings": "No visible lesions detected today; no cancer diagnosed at this visit. Lakshman reports throat irritation, hoarseness, and weight",
  "investigations": [
    "Oral/throat exam",
    "laryngoscopy if indicated",
    "biopsy if suspicious lesions found. - FNAC if neck lump suspected. - CT or MRI to assess tumor extent and nodal status. - Blood"
  ],
  "assessment_primary_diagnosis": "Primary diagnosis not specified yet; the patient presents with throat irritation, hoarseness, and weight",
  "differential_diagnoses": [
    "Laryngeal cancer: voice change, dysphagia, neck lump",
    "risk factors include tobacco exposure and alcohol"
  ],
  "management_plan": "- A staged, multidisciplinary plan was outlined: - First step: complete oral/throat examination today; consider laryngoscopy if indicated. - If biopsy is",
  "tests_referrals_planned": [
    "ENT evaluation today",
    "endoscopic/laryngoscopy if indicated",
    "biopsy if suspicious lesions found. - Imaging (CT or MRI) to assess tumor extent and nodal status after biopsy. - Refe"
  ],
  "follow_up_plan": "- Follow-up plan: - Next visit: scheduled in about two weeks to review results and finalize",
  "chronology_response_to_treatment": "The session covered an initial evaluation for throat symptoms in a 42-year-old man in Guwahati, including oral/throat examination,",
  "patient_concerns_preferences_consent": "Symptoms described: throat irritation for ~four to five weeks, hoarseness, difficulty speaking, weight loss. No fever reported. No",
  "safety_issues_red_flags": "Red flags: persistent hoarseness lasting more than three weeks, new lump in neck, trouble swallowing, unexplained weight loss,",
  "coding_terms": "TNM, HPV testing, biopsy, imaging, staging, treatment plan, follow-up schedule, home care, subsidies, family involvement, language"
}