{
  "patient_identifiers": "Patient name not specified in this dialogue. The conversation focuses on risk factors, symptoms, and planned diagnostic steps rather than",
  "demographics": {
    "age": "Patient is 40 years old.",
    "sex": "Male, 40 years old."
  },
  "visit": {
    "date_time": "The visit occurred on day 1 of the series, with the first encounter being on day 2. The overall timeline",
    "type": "It was an in-person visit with a structured dental exam, followed by imaging and biopsy if"
  },
  "chief_complaint": "Persistent throat/neck lump with worsening in cold weather, along with hoarseness and mild swallowing difficulty. No fever or weight loss",
  "onset_duration": "The patient reports a persistent throat/neck lump for several months, worsening during cold weather. There's no mention of a specific",
  "symptom_description": "Persistent throat/neck lump, hoarseness, dry mouth, intermittent swallowing difficulties, no fever or weight loss. No major systemic symptoms at presentation.",
  "aggravating_factors": "Dietary factors like spicy foods, hot beverages, and certain fruits can exacerbate throat irritation and mucosal discomfort, which might be",
  "relieving_factors": "The patient reports throat irritation and mild hoarseness, which can be relieved with warm water gargles, humidified air, and gentle",
  "associated_symptoms": [
    "Persistent throat/neck lump",
    "hoarseness",
    "dry mouth",
    "intermittent swallowing difficulties",
    "no fever or weight loss reported. These are common signs prompting further investigation"
  ],
  "past_medical_history": "No prior medical history was reported in this conversation. The focus remains on current symptoms, risk factors, and planned diagnostic",
  "past_surgical_history": "No prior surgery was performed. The focus remains on current symptoms, risk factors, and planned diagnostics/treatment.",
  "family_history": "Family history was not explicitly reported in the dialogue. The clinician did not provide details about",
  "current_medications": [
    "No medications listed at this time. The conversation focuses on risk assessment, screening, and potential diagnostics rather than medication details. If medications were prescribed"
  ],
  "allergies": "None of the patient's known allergies were reported. No specific",
  "social_history": "- Past history: The patient has smoked tobacco (smokeless forms like khaini/gutkha/paan masala) and uses smokeless tobacco occasionally.",
  "functional_status": "Patient has a history of prolonged tobacco use (smokeless and smoked forms), moderate alcohol intake, and",
  "vital_signs": "- Blood pressure: normal; heart rate stable; respiratory rate steady at ~15 breaths/min. - Temperature: body temperature around",
  "examination_findings": "No visible mucosal lesions detected during the dental exam. No abnormality reported at this visit. The clinician will",
  "investigations": [
    "ENT examination of the oral cavity and neck lymph nodes",
    "endoscopy if needed",
    "biopsy if suspicious lesions detected. - Imaging: CT or MRI depending on exam findings",
    "contrast use"
  ],
  "assessment_primary_diagnosis": "Primary diagnosis was not established at this visit. The plan was to perform dental",
  "differential_diagnoses": [
    "Chronic laryngopharyngeal reflux (COPR): Persistent voice changes, cough, throat irritation, possibly related to gastroesophageal reflux"
  ],
  "management_plan": "- Short summary of the planned management plan: - Primary goal: Early detection of head-and-neck cancer via comprehensive screening and timely diagnostics.",
  "tests_referrals_planned": [
    "ENT examination",
    "laryngoscopy",
    "biopsy if indicated",
    "imaging (CT/MRI) as appropriate",
    "HPV testing as clinically indicated",
    "dental check-up"
  ],
  "follow_up_plan": "- Follow-up plan: - Schedule dental check-up in two weeks. - Consider imaging/biopsy if abnormal findings",
  "chronology_response_to_treatment": "Patient has completed dental examination and is awaiting imaging/biopsy results. No definitive diagnosis yet. The team plans to",
  "patient_concerns_preferences_consent": "Consent given for HPV testing and dental check-up; no consent for additional procedures without explicit request. No prior",
  "safety_issues_red_flags": "Red flags highlighted during this visit include persistent throat/neck lump, hoarseness, dry mouth, and intermittent swallowing difficulties. These",
  "coding_terms": "Codenumber: 40456899; age 40; chiefcomplaints: persistent throat/neck lump, hoarseness, dry mouth, mild dysphagia; risk factors: smokeless"
}