{
  "patient_identifiers": "Name of the patient: Raju Kumar, age 35, male. His primary concern is throat symptoms including hoarseness, difficulty swallowing, and",
  "demographics": {
    "age": "The patient’s age is 35 years old.",
    "sex": "The patient’s gender is male. No explicit mention of gender"
  },
  "visit": {
    "date_time": "The visit occurred sometime between March 1st and March 8th, depending on exact date noted by the clinician. No specific",
    "type": "In-person visit with family participation; no telemedicine involved. Two-week follow-up to review results and decide on"
  },
  "chief_complaint": "Chief complaint: Hoarseness and throat discomfort with difficulty swallowing and fatigue for about three weeks. No pain reported yet. No",
  "onset_duration": "The patient presents with hoarseness, voice changes, difficulty swallowing, and fatigue over several weeks. There is no explicit mention of",
  "symptom_description": "Hoarseness, voice change, difficulty swallowing, fatigue, persistent cough, weight loss, night sweats, dysphagia, fatigue, appetite changes, weight loss, neck swelling,",
  "aggravating_factors": "Hoarseness, voice change, difficulty swallowing, fatigue, weight loss, coughing, breathing difficulties, and fever. These are common signs prompting attention. They",
  "relieving_factors": "Relief methods discussed include humidification, warm water gargles, saltwater rinses, and gentle neck massage. Avoid hot beverages and spicy foods",
  "associated_symptoms": [
    "Hoarseness, dysphagia, fatigue, weight loss, night sweats, coughing, chest pain, fever, shortness of breath",
    "N/A if none noted"
  ],
  "past_medical_history": "No prior medical history was reported. The conversation focuses on current symptoms, risk factors, and initial diagnostic steps rather than",
  "past_surgical_history": "No prior surgery was reported. The conversation focuses on current symptoms, risk factors, and initial diagnostic",
  "family_history": "Family history was not explicitly reported by the patient. No specific family history was noted in",
  "current_medications": [
    "No medications listed yet",
    "no medication details given. The conversation focuses on symptoms, risk factors, and initial diagnostic steps rather than current medications. If"
  ],
  "allergies": "Allergies: No known food allergies; no severe skin reactions; no",
  "social_history": "Tobacco use: Gutkha/paanshala/gutkha, pan masala, occasional cigarettes, daily smokeless tobacco (gutkha, paan masala). Alcohol: Sixteen years old, intermittent",
  "functional_status": "Patient is 35 years old with throat symptoms and a long-term tobacco use history. No HPV",
  "vital_signs": "Vital signs: Blood pressure 120/80 mmHg, heart rate 60 bpm, no acute distress noted. No fever or significant",
  "examination_findings": "No visible mucosal lesions noted during initial examination. Voice pitch change and mild dysphagia reported. No definitive diagnosis",
  "investigations": [
    "ENT examination including throat/larynx inspection",
    "endoscopic view if indicated",
    "laryngoscopy if needed",
    "chest X-ray if indicated. - Laryngoscopy and/or CT/MRI imaging to define"
  ],
  "assessment_primary_diagnosis": "Primary diagnosis is suspected throat cancer given the persistent hoarseness, dysphagia, weight loss, and",
  "differential_diagnoses": [
    "HPV-related cancers, chronic cough, dental disease, lymphadenopathy, oral mucosal lesions, head-and-neck tumors, esophageal/esophagus issues, systemic infections"
  ],
  "management_plan": "- Risk assessment and initial plan: - High-risk behavior identified: long-term tobacco use (smoking + gutka/paasal), alcohol use, poor dental hygiene, and",
  "tests_referrals_planned": [
    "ENT consultation",
    "laryngoscopy",
    "CT/MRI for staging",
    "HPV testing",
    "referral to dental specialist",
    "nutritionist"
  ],
  "follow_up_plan": "- Follow-up plan: - Two-week follow-up to review test results and decide on next steps. -",
  "chronology_response_to_treatment": "Patient history summary: Raju, 35, presents with throat symptoms including hoarseness, dysphagia, fatigue, and recent tobacco/alcohol use. No",
  "patient_concerns_preferences_consent": "Consent given for HPV testing, tobacco/alcohol cessation, and dietary guidance; no consent for HPV testing without informed consent.",
  "safety_issues_red_flags": "Red flags noted by the patient include persistent hoarseness, worsening voice change, difficulty swallowing, weight loss, night sweats,",
  "coding_terms": "Cancer risk category: Tobacco/alcohol risk factor; HPV risk discussion; HPV testing optional; HPV-positive cases may have"
}