{
  "patient_identifiers": "Name not provided in the dialogue. The patient is Raju, aged 42, with ongoing throat/gullet discomfort and hoarseness. No specific",
  "demographics": {
    "age": "The patient’s age is 42 years old.",
    "sex": "The patient’s gender is unspecified. The conversation does not provide"
  },
  "visit": {
    "date_time": "The visit occurred sometime between March 15th and April 1st, depending on when the conversation started. The exact date isn't",
    "type": "It was an outpatient visit with no hospital admission. The doctor performed throat examination and laryngoscopy,"
  },
  "chief_complaint": "Persistent throat/gullet discomfort with hoarseness and mild swallowing difficulty. No fever or weight loss reported. Head-and-neck cancer risk noted due",
  "onset_duration": "The symptoms started around two weeks ago, so they’ve been present for about two months. The exact timeline isn’t known,",
  "symptom_description": "Persistent throat/gullet discomfort, hoarseness, mild swallowing difficulty, intermittent voice change, no fever or weight loss. Headache occasionally reported. N/A if",
  "aggravating_factors": "Hoarseness, throat irritation, fatigue, weight loss, appetite changes, sleep disturbances.",
  "relieving_factors": "HPV vaccination can help prevent certain types of HPV-related cancers, especially in younger people. It’s generally safe when given appropriately,",
  "associated_symptoms": [
    "Hoarseness, dysphagia, weight loss, fatigue, night sweats, coughing, throat irritation, dry mouth, taste changes, appetite change, sleep disturbance, fatigue. N/A if no specific sy"
  ],
  "past_medical_history": "No prior medical history was recorded in this encounter. The conversation focused on current symptoms, risk factors, diagnostic plan, and",
  "past_surgical_history": "No prior surgeries were performed. The current focus is on evaluating symptoms and preparing for imaging",
  "family_history": "Family history was not explicitly reported in this encounter. The conversation focused on current symptoms, risk",
  "current_medications": [
    "No medications listed at this time. The conversation focuses on risk assessment, exam, and initial management rather than medication lists. If medications were known"
  ],
  "allergies": "None known allergy noted. If there were any, they would",
  "social_history": "Tobacco: Daily smokeless tobacco (gutkha/pan masala); occasional cigarette/hookah; mixed use; no heavy smoking. Alcohol: 3–4 times per week.",
  "functional_status": "The summary highlights that the dialogue describes an initial evaluation for suspected head-and-neck cancer in a",
  "vital_signs": "Age: 42 years old; weight not specified; no hypertension noted; no diabetes reported. Head and neck exam planned;",
  "examination_findings": "No exam was performed at this visit. The conversation focuses on risk assessment, lifestyle management, and planning for",
  "investigations": [
    "throat exam",
    "laryngoscopy",
    "biopsy if indicated",
    "imaging (CT/MRI)",
    "HPV testing as appropriate",
    "nutrition/dietary guidance"
  ],
  "assessment_primary_diagnosis": "Primary diagnosis at this stage is undetermined due to lack of definite cancer confirmation.",
  "differential_diagnoses": [
    "Cancer differential includes head-and-neck malignancies such as squamous cell carcinoma, laryngeal papilloma, and possibly lymphoid tissue"
  ],
  "management_plan": "- Primary goal: risk assessment and early detection of throat/gullet-related issues due to combined tobacco/alcohol use. - Diagnostic pathway: throat exam and",
  "tests_referrals_planned": [
    "Throat examination and laryngoscopy",
    "biopsy if indicated",
    "imaging (CT/MRI) as needed",
    "HPV testing if indicated",
    "referral to ENT if cancer suspected",
    "initial follow-up in 7–10 day"
  ],
  "follow_up_plan": "- Follow-up plan includes: - Weekly visits starting soon after initial tests. - Regular weight checks",
  "chronology_response_to_treatment": "The conversation focuses on an ongoing risk assessment for head-and-neck cancer in a middle-aged man with chronic throat",
  "patient_concerns_preferences_consent": "Patient reported ongoing throat/gullet discomfort with hoarseness and mild swallowing difficulty. High-risk behaviors noted: daily smoking/tobacco, occasional hookah,",
  "safety_issues_red_flags": "Red flags noted during the discussion include persistent hoarseness, worsening swallowing difficulties, weight loss, neck lump, or new",
  "coding_terms": "HPV-related risk factor, throat exam, biopsy, imaging, staging, prognosis, treatment decisions, follow-up schedule, lifestyle guidance, family"
}