{
  "patient_identifiers": "Name not provided in the dialogue. The patient is a 55-year-old male presenting with throat pain, hoarseness, mild dysphagia, and",
  "demographics": {
    "age": "Patient is 55 years old.",
    "sex": "The patient’s gender is male. No other details were given."
  },
  "visit": {
    "date_time": "The visit occurred on October 1st, 2025, around midday. The doctor conducted an oral/pharyngeal exam and neck palpation, with plans",
    "type": "It was a face-to-face visit with a multidisciplinary team discussing diagnosis and treatment plans for head-and-neck"
  },
  "chief_complaint": "Throat pain, hoarseness, mild dysphagia, fatigue, no fever, no weight loss. No recent illness noted. Headache not reported. No specific",
  "onset_duration": "Symptoms started around two weeks ago, with worsening over time. No specific date given yet. The focus remains on progression",
  "symptom_description": "Persistent throat discomfort, voice changes, mild swallowing difficulty, fatigue, no fever or weight loss reported. No clear diagnosis yet. Headache",
  "aggravating_factors": "Dietary factors like spicy foods, hot beverages, and certain fruits can exacerbate throat irritation and dryness. Avoidance helps symptom management.温和饮食和保持口腔卫生也重要。如果症状加重，及时就医。",
  "relieving_factors": "Symptoms relieved by soft diet, increased fluid intake, rest, and avoiding irritants; nutrition-focused plan with protein-rich meals and small, frequent",
  "associated_symptoms": [
    "Hoarseness, throat discomfort, fatigue, weight loss, night cough, voice changes, difficulty swallowing, mouth ulcers, dry mouth, taste changes, appetite change, sleep disturbance"
  ],
  "past_medical_history": "No prior medical history noted. The focus remains on presenting symptoms, risk factors, and planned diagnostic workup rather than a",
  "past_surgical_history": "No prior surgeries were reported. The focus remains on current symptoms, risk factors, and planned diagnostic",
  "family_history": "Family history was not explicitly reported in the dialogue. The clinician noted that it could influence",
  "current_medications": [
    "No medications listed yet",
    "we'll collect them after the exam. The plan is to start with antihypertensive meds if hypertension is present, then antibiotics"
  ],
  "allergies": "Allergies noted: no known food allergies, no severe skin reactions,",
  "social_history": "Social history: The patient has a long history of tobacco use (beedis, cigarettes, hookah). There’s no mention of",
  "functional_status": "Patient has throat symptoms including persistent hoarseness, dysphagia, fatigue, and recent tobacco exposure. No clear diagnosis",
  "vital_signs": "Blood pressure: 120/80 mmHg; heart rate: 60 bpm; no other immediate concerns noted. No fever or significant respiratory",
  "examination_findings": "No exam details were provided in this dialogue. The focus was on presenting symptoms, risk factors, and plan",
  "investigations": [
    "Pathology results: biopsy pathology was benign",
    "no cancer detected. No further imaging or additional procedures were initiated. Stage determined by TNM",
    "Stage III noted as possible"
  ],
  "assessment_primary_diagnosis": "Primary diagnosis was not established by the conversation. The plan focused on symptom review,",
  "differential_diagnoses": [
    "Cancer-related differential diagnoses highlighted by symptoms include head-and-neck malignancies such as squamous cell carcinoma, laryngopharyngeal lesions"
  ],
  "management_plan": "- Early-stage head-and-neck cancer diagnosis; no treatment started yet. - Next steps: - Complete ENT exam and neck palpation. - If indicated,",
  "tests_referrals_planned": [
    "Pathology and imaging plans: - Pathology results expected within 1–2 days",
    "FNAC results in some cases. - If biopsy confirms cancer, proceed with imaging (CT/MRI) to determine exten"
  ],
  "follow_up_plan": "- Follow-up plan after diagnosis: - Regular follow-ups every 3–6 months initially, then less frequently depending",
  "chronology_response_to_treatment": "Patient has completed a stepwise workup including history-taking, physical exam, and basic labs; no immediate diagnosis yet. No",
  "patient_concerns_preferences_consent": "Consent process: The patient consented to proceed with endoscopy and biopsy. He expressed willingness to quit smoking and",
  "safety_issues_red_flags": "Red flags noted by the patient include persistent throat pain, voice changes, difficulty swallowing, and fatigue. These should",
  "coding_terms": "TNM, HPV testing, biopsy, imaging, MDT, stage, prognosis, diet/nutrition, rehabilitation, cost, transportation, social work, home-based care,"
}