{
  "patient_identifiers": "The patient's name was not explicitly stated in the dialogue. The conversation focused on risk factors, physical exam, and planned",
  "demographics": {
    "age": "The patient is 52 years old.",
    "sex": "The patient’s gender is female."
  },
  "visit": {
    "date_time": "The visit occurred sometime between March 1st and March 8th, with no specific date given. The clinician emphasized that imaging",
    "type": "It was a face-to-face visit with a 52-year-old man from a rural area seeking information on"
  },
  "chief_complaint": "Chief complaint: Persistent throat discomfort and hoarseness for about two weeks. No weight loss or fever reported. No other major",
  "onset_duration": "The patient presents with throat discomfort and hoarseness for about two weeks. There is no mention of persistent pain beyond",
  "symptom_description": "Persistent throat discomfort and voice change, no weight loss or fever. Two-week duration. Mild dysphagia noted. Head-and-neck cancer risk assessed",
  "aggravating_factors": "Throat irritation, dry mouth, persistent cough, voice change, fatigue, and weight loss may be exacerbated by tobacco exposure, alcohol use,",
  "relieving_factors": "The patient has throat pain and hoarseness, which may be related to throat irritation from tobacco and alcohol use. The",
  "associated_symptoms": [
    "Persistent throat discomfort - Hoarseness - Weight loss or unintended weight loss - Night-time coughing - Swallowing difficulty - Mouth pain or ulcer-like lesions - Fatigue or re"
  ],
  "past_medical_history": "No prior medical history noted. The focus is on risk factors, symptoms, and planned diagnostic workup rather than a full",
  "past_surgical_history": "No surgical history was recorded. The summary focuses on risk factors, physical exam, and planned diagnostic",
  "family_history": "The patient’s family history was not explicitly documented here. The summary focuses on the patient’s risk",
  "current_medications": [
    "Tablet: Tylenol 10 mg twice daily",
    "Advantame 1 tab once daily",
    "Alprazolam 0.15 mg nightly",
    "Diclofenac sodium 75 mg once daily",
    "Naproxen 600"
  ],
  "allergies": "None of the patient’s known allergies are listed here. The",
  "social_history": "- Past tobacco use: Gutkha/paan masala daily; occasional smoking; no heavy episodic use. - Alcohol use: 3–4 times",
  "functional_status": "- The patient undergoes a structured stepwise workup including oral/throat exam, laryngoscopy, biopsy if indicated, and",
  "vital_signs": "- Blood pressure: 120/80 mmHg; no other immediate concerns noted. Results will be available after imaging and biopsy.",
  "examination_findings": "No clear examination findings were described in this dialogue. The focus was on risk-factor assessment, lifestyle counseling, and",
  "investigations": [
    "ENT examination of mouth, throat, tongue, and neck lymph nodes. - Laryngoscopy if indicated by exam. - Biopsy of suspicious tissue under local anesthesia. - FNAC of neck lymph"
  ],
  "assessment_primary_diagnosis": "Primary diagnosis is unclear due to lack of definitive signs or tests. The plan",
  "differential_diagnoses": [
    "Throat infection (e.g., bacterial pharyngitis) - Lichen planus-like condition - Oral candidiasis - Suspicious lesion"
  ],
  "management_plan": "- Immediate plan: - Complete laryngoscopy and biopsy if indicated by exam. - Consider MRI or CT imaging based on exam findings.",
  "tests_referrals_planned": [
    "ENT exam and basic lab work today",
    "CBC, LFTs, kidney function",
    "chest X-ray if indicated. - Endoscopic laryngoscopy planned if exam findings warrant it. - Biopsy may be performed"
  ],
  "follow_up_plan": "- Follow-up plan after initial screening and laryngoscopy/biopsy: - Next step: complete laryngoscopy and obtain biopsy",
  "chronology_response_to_treatment": "The session covered a detailed risk assessment for head-and-neck cancer in a rural setting, including: - Risk factors:",
  "patient_concerns_preferences_consent": "Consent and questions from the patient: - He wants to stop smoking and avoid smokeless products. - He",
  "safety_issues_red_flags": "Red flags noted include persistent hoarseness, new lump in neck, non-healing mouth ulcer, dysphagia, weight loss, and fatigue.",
  "coding_terms": "Cancer type: Head and neck cancer; Risk factors include tobacco and alcohol; HPV may be involved;"
}