{
  "patient_identifiers": "Name: Amit Kumar, age 42, farmer. He reports persistent hoarseness for about two weeks, mild swallowing difficulty, and weight loss.",
  "demographics": {
    "age": "The patient’s age is 42 years old.",
    "sex": "The patient is female."
  },
  "visit": {
    "date_time": "The visit occurred on October 1st, 2025. It was a follow-up discussion focused on evaluating symptoms and preparing for diagnostic",
    "type": "It was an outpatient visit focused on evaluating symptoms and preparing for diagnostic testing. No inpatient"
  },
  "chief_complaint": "Persistent hoarseness with swallowing difficulty and weight loss for about two weeks. No fever or significant pain reported. Head-and-neck cancer",
  "onset_duration": "The symptoms started around two weeks ago, with weight loss noted. There was no specific date given for when they",
  "symptom_description": "Persistent hoarseness, mild swallowing difficulty, weight loss, no fever or other systemic symptoms. These are typical early signs prompting urgent",
  "aggravating_factors": "Hoarseness, swallowing difficulties, weight loss, fatigue, dry mouth, night coughing, and sleep disturbances. These can worsen with stress or poor",
  "relieving_factors": "Persistent hoarseness, swallowing difficulties, weight loss – these are common early signs prompting further investigation. The plan includes detailed oral/throat",
  "associated_symptoms": [
    "Hoarseness",
    "weight loss",
    "dysphagia",
    "painless neck lump",
    "fatigue",
    "dry mouth"
  ],
  "past_medical_history": "No prior medical history reported. He reports recent hoarseness, swallowing difficulty, and weight loss. No specific diagnoses or treatments were",
  "past_surgical_history": "No prior surgery was reported. The conversation focuses on current symptoms and risk assessment rather than",
  "family_history": "Family history was not explicitly reported in the dialogue. There were no specific details about family",
  "current_medications": [
    "Amit Kumar's current medications: Tylenol 10 mg every 6 hours",
    "Advantiga 50 mg once daily",
    "Alprazolam 0.125 mg twice nightly",
    "Metformin 80 mg daily"
  ],
  "allergies": "None of the listed foods trigger known food allergy reactions.",
  "social_history": "Tobacco: Smokeless tobacco (gutka, pan masala) used occasionally; no regular smoking; hookah use infrequent; overall low-risk due to",
  "functional_status": "Amit Kumar undergoes a comprehensive evaluation for suspected head-and-neck cancer due to persistent hoarseness, swallowing difficulties,",
  "vital_signs": "- Blood pressure: normal; heart rate steady; temperature comfortable. No fever reported. Overall stable condition. No immediate life-threatening",
  "examination_findings": "No visible lesions detected during the oral exam. Voice pitch change and mild swallowing difficulty noted. Weight stable.",
  "investigations": [
    "Oral examination",
    "neck lymph node palpation",
    "ENT referral considered if needed. - Laryngoscopy considered if indicated by exam findings. - CT or MRI imaging planned if required t"
  ],
  "assessment_primary_diagnosis": "Primary diagnosis is unclear due to lack of definitive data. Current focus is on",
  "differential_diagnoses": [
    "Cancer differential diagnoses considered during this visit: - Head and neck malignancy (HPV-related or non-HPV)"
  ],
  "management_plan": "- Plan highlights: - Symptom-focused screening: hoarseness, swallowing difficulty, weight loss. - Risk factor identification: tobacco (smokeless, smoked), alcohol, combined risk. -",
  "tests_referrals_planned": [
    "ENT examination",
    "endoscopy if needed",
    "CT/MRI imaging",
    "biopsy if indicated",
    "HPV testing considered",
    "referral to specialist if required"
  ],
  "follow_up_plan": "- Follow-up plan includes re-evaluating symptoms (voice change, swallowing difficulty, weight loss) and performing a complete",
  "chronology_response_to_treatment": "The conversation focuses on a series of diagnostic steps and treatment planning for a man with suspected head-and-neck",
  "patient_concerns_preferences_consent": "Tobacco use, alcohol use, HPV awareness, dietary habits, dental hygiene, and family involvement—all highlighted as important risk factors",
  "safety_issues_red_flags": "Red flags to watch during the visit: - Persistent hoarseness lasting more than two weeks. - Swallowing difficulties",
  "coding_terms": "Tumor staging I-II; HPV testing considered; biopsy if indicated; imaging (CT/MRI) planned; FNAC if neck nodes"
}