{
  "patient_identifiers": "Name not specified in this conversation. The patient is Raju, aged 55, from Kolkata. No other specific details were given.",
  "demographics": {
    "age": "55 years old.",
    "sex": "The patient’s gender is male."
  },
  "visit": {
    "date_time": "The visit occurred on October 1st, 2025, at 9:00 AM. The doctor conducted an oral/throat exam, laryngoscopy, and neck lymph",
    "type": "It was an outpatient visit with no emergency signs. No urgent tests were ordered. The team"
  },
  "chief_complaint": "Persistent hoarseness with throat irritation, dysphagia, and mild cough for about two weeks. No fever or weight loss reported. Risk",
  "onset_duration": "The symptoms started around two weeks ago, with throat irritation and dysphagia. There was no mention of weight loss at",
  "symptom_description": "Persistent hoarseness, throat irritation, dysphagia, occasional cough, fatigue, and weight loss. No definitive diagnosis yet. Head-and-neck cancer risk highlighted due",
  "aggravating_factors": "Hoarseness, throat irritation, dysphagia, fatigue, weight loss, persistent cough, and worsening voice quality. These are common indicators that prompt further",
  "relieving_factors": "The main symptom relief strategies mentioned include diet modifications (fruit/vegetable intake, low-fat dairy, protein-rich foods), hydration, and avoiding irritants like",
  "associated_symptoms": [
    "Hoarseness for ~two weeks",
    "throat irritation",
    "dysphagia",
    "occasional cough",
    "fatigue",
    "no pain reported"
  ],
  "past_medical_history": "No prior medical history reported. The focus is on current symptoms, risk factors, and planned investigations leading toward diagnosis and",
  "past_surgical_history": "No surgical history was recorded in this encounter. The focus was on current symptoms, risk factors,",
  "family_history": "Family history was not explicitly reported in the dialogue. The clinician did not provide details about",
  "current_medications": [
    "No medications listed at this time. The conversation focuses on physical symptoms, risk factors, and initial diagnostic steps rather than medication details. A future"
  ],
  "allergies": "None known allergy reported. If there were any, we would",
  "social_history": "Tobacco: Long-term heavy use of cigarettes and bidis/paanshala; intermittent use of smokeless forms like paan masala; combined tobacco",
  "functional_status": "Functional status at presentation: The patient has persistent hoarseness and throat irritation with dysphagia and fatigue.",
  "vital_signs": "- Blood pressure: normal. - Heart rate: stable at ~60 bpm. - Respiratory rate: steady at ~12 breaths",
  "examination_findings": "No visible mucosal lesions at the mouth/throat exam; no obvious swelling or redness. No significant pain reported. The",
  "investigations": [
    "Oral/throat exam",
    "laryngoscopy",
    "neck lymph nodes assessment",
    "HPV testing if indicated",
    "imaging (CT/MRI/PET-CT)",
    "biopsy if indicated"
  ],
  "assessment_primary_diagnosis": "Primary diagnosis isn't known at this stage. The patient presents with persistent throat symptoms",
  "differential_diagnoses": [
    "Cancer differential includes head-and-neck malignancies such as squamous cell carcinoma, laryngeal papilloma, and possibly inflammatory conditions"
  ],
  "management_plan": "- Plan summary: - Primary step: perform oral/throat exam, laryngoscopy, and neck lymph node assessment today. - If abnormalities found: proceed with",
  "tests_referrals_planned": [
    "HPV testing",
    "chest X-ray",
    "CT/MRI",
    "laryngoscopy",
    "biopsy",
    "HPV results in 3–7 days"
  ],
  "follow_up_plan": "Follow-up plan includes: - Review of HPV test results and imaging/biopsy results; - Discuss treatment options",
  "chronology_response_to_treatment": "Patient has completed an initial evaluation with oral/throat exam, neck lymph nodes assessment, and plans for imaging and",
  "patient_concerns_preferences_consent": "What were the primary concerns expressed by the patient? A 55-year-old man with persistent throat symptoms (hoarseness, dysphagia,",
  "safety_issues_red_flags": "Red flags include persistent hoarseness lasting more than two weeks, worsening throat pain, dysphagia, weight loss, fever, or",
  "coding_terms": "Cancer-related codes: TNM stage I-II; HPV testing may influence prognosis and staging; biopsy results expected in"
}