{
  "patient_identifiers": "The patient's name was not explicitly stated in the dialogue. The conversation focused on assessing risk factors, performing an initial",
  "demographics": {
    "age": "The patient’s age is 40 years old.",
    "sex": "The patient is female. She has been diagnosed with head"
  },
  "visit": {
    "date_time": "The visit occurred sometime between October 1st and October 7th, with no specific date given. The doctor noted that the",
    "type": "The visit was an in-person ENT examination followed by possible biopsy and imaging. No telemedicine involved."
  },
  "chief_complaint": "Persistent throat discomfort with voice changes, difficulty swallowing, and weight loss over several months. No fever or severe systemic symptoms",
  "onset_duration": "Rajesh has had throat pain, hoarseness, difficulty swallowing, and weight loss over several months. The exact duration isn’t specified here,",
  "symptom_description": "Persistent throat discomfort, voice changes, difficulty swallowing, mild weight loss, night sweats. These were the primary symptoms described by the",
  "aggravating_factors": "Persistent throat irritation, hoarseness, difficulty swallowing, fatigue, and night sweats are aggravating symptoms that prompt urgent evaluation. These signs suggest",
  "relieving_factors": "The patient reports relief from throat irritation and hoarseness with warm saltwater gargles and humidified air. He also uses lozenges",
  "associated_symptoms": [
    "Persistent throat discomfort - Hoarseness - Difficulty swallowing - Weight loss - Fatigue - Night sweats - Oral mucosal changes (papillae) - Dysphagia (difficulty eating) - Painf"
  ],
  "past_medical_history": "No prior medical history noted. The focus is on current symptoms, risk factors, diagnostic plan, and expected next steps. No",
  "past_surgical_history": "No surgical history was recorded by the patient. The summary focuses on presenting symptoms, risk factors,",
  "family_history": "Family history was not explicitly reported by the patient. The clinician noted that family history does",
  "current_medications": [
    "No medications listed yet",
    "we'll provide a complete medication list once the history is filled out. The current focus is on assessing symptoms, evaluating"
  ],
  "allergies": "Allergies noted: No known food allergies; no severe skin reactions",
  "social_history": "Social history highlights: - Tobacco use: daily smoking (beedi/cigarette); occasional hookah use. - Alcohol use: about two glasses",
  "functional_status": "Rajesh Singh undergoes ENT examination today with possible laryngoscopy and biopsy if indicated. HPV testing is",
  "vital_signs": "- Blood pressure: 125/75 mmHg; no other significant abnormalities noted. No immediate urgent action required. Results expected in",
  "examination_findings": "No visible physical findings were reported by the clinician. The dialogue focuses on risk factors, symptoms, and planned",
  "investigations": [
    "ENT examination of mouth/throat and neck lymph nodes",
    "endoscopy if indicated",
    "biopsy if suspicious lesions found. - Tissue sampling under local anesthesia",
    "pathology report expec"
  ],
  "assessment_primary_diagnosis": "Primary diagnosis isn't clear yet. The patient presents with throat pain, hoarseness, difficulty swallowing,",
  "differential_diagnoses": [
    "Chronic cough/hoarseness with weight loss: possible tuberculosis or chronic lung infection. - Persistent sore throat:"
  ],
  "management_plan": "- Plan highlights: - Immediate step: perform laryngoscopy today to visualize the throat and neck nodes. - If nodal enlargement detected: proceed",
  "tests_referrals_planned": [
    "ENT examination including oral cavity and neck palpation",
    "possible laryngoscopy. - Tissue sampling by biopsy or FNAC if indicated. - HPV testing as part of workup",
    "results usuall"
  ],
  "follow_up_plan": "- Follow-up plan includes re-examination of mouth/throat and neck, possible laryngoscopy, and imaging as indicated by",
  "chronology_response_to_treatment": "The conversation centers around an ongoing Head & Neck cancer risk assessment for Mr. Rajesh Singh, including: -",
  "patient_concerns_preferences_consent": "Rajesh Singh presents with throat pain, hoarseness, difficulty swallowing, mild weight loss, fatigue, and night sweats. He has",
  "safety_issues_red_flags": "Red flags noted by the patient: - Persistent throat pain lasting more than 2 weeks. - Hoarseness persisting",
  "coding_terms": "Cancer type: Squamous cell carcinoma (head and neck). HPV-related risk noted. Dx remains pending on biopsy/imaging"
}