{
  "patient_identifiers": "The patient's name was not explicitly stated in the dialogue. The primary focus was on the patient’s age, symptom pattern,",
  "demographics": {
    "age": "The patient’s age is 48 years old.",
    "sex": "The patient is male. No other gender specified."
  },
  "visit": {
    "date_time": "The visit occurred around mid-January 2025, with follow-up appointments scheduled through February 2025. The exact date isn't specified here, so",
    "type": "In-person visit with follow-up plans and imaging; telemedicine available for urgent updates. Results will be communicated"
  },
  "chief_complaint": "Throat pain, voice change, difficulty swallowing solids, weight loss over ~two months. No fever or systemic symptoms reported. Headache noted",
  "onset_duration": "Symptoms started around two months ago, with persistent throat pain, hoarseness, difficulty swallowing solids, and mild weight loss. No fever",
  "symptom_description": "Throat pain, voice change, difficulty swallowing solids, mild weight loss over ~two months. No fever or systemic symptoms reported. These",
  "aggravating_factors": "Dietary factors like spicy foods, heavy alcohol consumption, and poor oral hygiene exacerbate throat symptoms and mucosal damage during treatment.",
  "relieving_factors": "The main symptom relief strategies mentioned are: - Soft diet and small, frequent meals to manage swelling and discomfort. -",
  "associated_symptoms": [
    "Persistent throat discomfort, voice change, difficulty swallowing solids, unintentional weight loss over ~two months",
    "occasional coughing",
    "no fever or systemic symptoms reported"
  ],
  "past_medical_history": "No prior medical history reported. The focus is on current symptoms, risk factors, and planned diagnostics. No specific past conditions",
  "past_surgical_history": "No surgical history was recorded in the encounter. The focus was on presenting symptoms, diagnostic plan,",
  "family_history": "No family history was reported in the dialogue. The focus was on current symptoms, diagnostic plan,",
  "current_medications": [
    "No medications listed yet",
    "we will collect them once they are available. The next step is to review all medications and provide clear"
  ],
  "allergies": "Allergies noted: No known food allergies; no known drug allergies.",
  "social_history": "- Tobacco exposure: Heavy tobacco use (cigarette, hookah, bidis) with intermittent smokeless tobacco; occasional alcohol consumption. - HPV",
  "functional_status": "- Rajesh Kumar undergoes staged evaluation for head-and-neck cancer: initial ENT exam, laryngoscopy, and imaging (CT/MRI).",
  "vital_signs": "- Blood pressure: 120/80 mmHg; heart rate 70 bpm; respiratory rate normal; oxygen saturation 96% on room air;",
  "examination_findings": "No exam was conducted here. The dialogue focuses on patient history, risk factors, and initial diagnostic plans rather",
  "investigations": [
    "ENT exam and endoscopy",
    "CT/MRI imaging",
    "biopsy/pathology",
    "FNAC",
    "blood tests",
    "nutritional assessment"
  ],
  "assessment_primary_diagnosis": "Primary diagnosis is suspected head-and-neck cancer based on symptoms and risk factors. The exact",
  "differential_diagnoses": [
    "Cervical carcinoma: involves the vocal cords and can cause hoarseness and neck swelling. - Nasopharyngeal"
  ],
  "management_plan": "- Immediate plan: Start with ENT exam and endoscopic assessment; perform laryngoscopy if indicated; obtain imaging (CT/MRI) within 2 days; biopsy and",
  "tests_referrals_planned": [
    "ENT exam and laryngoscopy",
    "imaging (CT preferred",
    "MRI if needed) - FNAC/biopsy for histology",
    "pathology results in 1–2 weeks - HPV testing",
    "referral to specialist if indicated"
  ],
  "follow_up_plan": "Follow-up plan emphasizes ongoing monitoring and supportive care: - Surveillance imaging every 3–6 months starting 6–7",
  "chronology_response_to_treatment": "Patient history summary: Rajesh Kumar, 48, presents with throat pain, hoarseness, difficulty swallowing solids, and mild weight loss",
  "patient_concerns_preferences_consent": "Consent process: The patient agreed to undergo endoscopy and imaging, with family involved. Consent was obtained for imaging",
  "safety_issues_red_flags": "Red flags noted: persistent voice change, new lump in the neck, dysphagia, weight loss, fever, or other alarming",
  "coding_terms": "TNM staging codes: Tumor size (T), Nodes (N), Metastasis (M). Codes range from 0–4, with higher"
}