{
  "patient_identifiers": "The patient's name was not provided in the dialogue. The conversation focused on presenting symptoms, risk factors, planned investigations, and",
  "demographics": {
    "age": "The patient is 54 years old.",
    "sex": "The patient is female."
  },
  "visit": {
    "date_time": "The visit occurred sometime between March 1st and March 15th, with no specific date given. The doctor noted that the",
    "type": "It was an outpatient follow-up visit with no new urgent symptoms. The doctor reviewed recent history,"
  },
  "chief_complaint": "Persistent throat discomfort with voice change and mild swallowing difficulty, no fever or marked weight loss. No known allergies or",
  "onset_duration": "The patient presents with throat pain and hoarseness for about two weeks. There's no mention of a definitive date when",
  "symptom_description": "Persistent throat discomfort with voice change, mild swallowing difficulty, and weight loss over several weeks. No fever or severe fatigue",
  "aggravating_factors": "Dietary triggers: spicy foods, fried items, high-salt snacks, caffeine, hot beverages, and dry fruits/dried products. These exacerbate mucosal irritation and",
  "relieving_factors": "Oral hygiene measures, adequate hydration, soft foods, rest, and avoiding irritants help with symptoms during treatment. Pain management will be",
  "associated_symptoms": [
    "Persistent throat discomfort with voice change",
    "dysphagia",
    "weight loss",
    "odynophagia",
    "persistent cough",
    "no fever or severe fatigue"
  ],
  "past_medical_history": "No prior medical history provided. The focus is on current symptoms, risk factors, planned investigations, and expected next steps rather",
  "past_surgical_history": "No prior surgeries were performed. The focus remains on current symptoms, risk factors, and planned investigations.",
  "family_history": "Family history was not provided in the dialogue. The clinician did not ask for or record",
  "current_medications": [
    "Albuterol inhaler",
    "Azithromycin",
    "Lopinex",
    "Sodium valproate",
    "Folic acid",
    "Vitamin D"
  ],
  "allergies": "None known allergy noted. Allergy history will be collected later",
  "social_history": "Past history: Past tobacco use: regular khaini/gutkha chewing with occasional smoking; no heavy past use. Alcohol use: 2–3",
  "functional_status": "Patient has completed an ENT-focused assessment with no immediate urgent findings. The next step is planned",
  "vital_signs": "- Blood pressure: normal; heart rate stable; oxygen saturation ~96% with room air; no acute distress noted. No",
  "examination_findings": "No exam was conducted during the dialogue. The focus was on presenting symptoms, risk factors, and planned investigations,",
  "investigations": [
    "Physical exam of throat/neck with endoscopy",
    "dental check",
    "basic blood tests. - CT/MRI for staging",
    "FNAC/biopsy if indicated. - HPV testing",
    "dietary advice",
    "nutrition referral"
  ],
  "assessment_primary_diagnosis": "Primary diagnosis is not yet known. The patient presents with throat pain, hoarseness, and",
  "differential_diagnoses": [
    "Throat infection with possible malignancy (e.g., bacterial pharyngitis, viral infections) - Laryngeal papilloma or benign"
  ],
  "management_plan": "- Plan focuses on staged management with multidisciplinary input: - Early-stage (Stage I–II): surgery or radiotherapy. - Advanced-stage (Stage III–IVA): combined modality",
  "tests_referrals_planned": [
    "ENT exam with endoscopy/biopsy",
    "CT/MRI",
    "FNAC",
    "HPV testing",
    "nutritional assessment",
    "dietary counseling"
  ],
  "follow_up_plan": "- Follow-up plan after initial assessment: - Schedule a complete ENT exam with endoscopy/biopsy if indicated.",
  "chronology_response_to_treatment": "Patient undergoes a structured diagnostic pathway with planned investigations (physical exam, dental check, basic labs), imaging (CT/MRI), and",
  "patient_concerns_preferences_consent": "Patient concerns: Painful throat with hoarseness, mild swallowing difficulty, weight loss; no fever/fatigue; tobacco/alcohol exposure; HPV discussion; urgent",
  "safety_issues_red_flags": "Red flags noted during the visit: - Persistent sore throat with hoarseness lasting >2 weeks. - Weight loss",
  "coding_terms": "Cancer type: Head and neck cancer; HPV-related; Stage IV; MDT-guided treatment plan; possible surgical resection with"
}