{
  "patient_identifiers": "The patient's name was not explicitly stated in the dialogue. The conversation focused on presenting symptoms and risk factors rather",
  "demographics": {
    "age": "The patient’s age is 40 years old.",
    "sex": "The patient’s gender is female."
  },
  "visit": {
    "date_time": "The visit occurred sometime between March 1st and April 1st, but exact date isn't specified. The doctor noted that imaging",
    "type": "It was an outpatient visit with telemedicine components. The doctor reviewed symptoms and risk factors, planned"
  },
  "chief_complaint": "Persistent throat discomfort with hoarseness and mild swallowing difficulty for ~two weeks. No fever or weight loss reported. No other",
  "onset_duration": "The patient reports throat pain for about two weeks. There's no mention of a definitive date when symptoms started, so",
  "symptom_description": "- Hoarseness, fatigue, throat discomfort, mild dysphagia, fatigue, reduced appetite, weight loss, night sweats, dry mouth, altered taste, sleep disturbances,",
  "aggravating_factors": "Hoarseness, throat discomfort, fatigue, weight change, persistent cough, voice changes, swallowing difficulties, night sweats, and unintentional weight loss. These can",
  "relieving_factors": "The patient reports throat soreness and hoarseness that worsens at night and early morning. The clinician notes these as common",
  "associated_symptoms": [
    "Hoarseness, throat pain, fatigue, dryness, altered taste, unintentional weight loss, night coughing, swallowing difficulty, voice change, nasal congestion, headache, ear discomfo"
  ],
  "past_medical_history": "No prior medical history was recorded. The conversation focuses on current symptoms, risk factors, and planned investigations rather than past",
  "past_surgical_history": "No prior surgery was performed by the patient. The dialogue focuses on current symptoms, risk factors,",
  "family_history": "Family history was not explicitly documented in this encounter. The clinician noted that it would be",
  "current_medications": [
    "No medications listed at this time. The conversation focuses on symptoms, risk factors, and planned investigations rather than medication lists. If medications were"
  ],
  "allergies": "None of the patient's allergies were mentioned in the dialogue.",
  "social_history": "- Past history: No prior dental problems noted; no known allergies or chronic conditions. - Presenting symptoms: Throat",
  "functional_status": "- The summary highlights that the dialogue describes an older adult seeking information about suspected head-and-neck",
  "vital_signs": "- Baseline vitals: Blood pressure 120/80 mmHg; heart rate 70 bpm; respiratory rate 16 breaths per minute; oxygen",
  "examination_findings": "- Examination findings were not detailed in this brief encounter. The dialogue focuses on presenting symptoms and risk",
  "investigations": [
    "Physical examination of mouth/throat/larynx. - Laryngoscopy if indicated. - Biopsy if findings warrant. - Imaging (MRI or CT) as part of staging. - Staging using TNM system (T, N"
  ],
  "assessment_primary_diagnosis": "Primary diagnosis was not established at this visit. The plan focused on evaluating symptoms,",
  "differential_diagnoses": [
    "Throat infection (e.g., bacterial pharyngitis) - Vocal cord dysfunction due to chronic irritation - Laryngeal"
  ],
  "management_plan": "- Immediate plan: Physical examination and laryngoscopy planned; biopsy and imaging if indicated; imaging results expected in 1–7 days; diagnostic confirmation and",
  "tests_referrals_planned": [
    "ENT examination and basic labs (CBC, LFTs, HbA1c)",
    "chest X-ray if indicated",
    "dental checkup",
    "nutrition assessment",
    "HPV testing",
    "imaging (MRI/CT) if indicated by findings"
  ],
  "follow_up_plan": "- Follow-up plan includes: - Regular monitoring of symptoms and growth over time. - Imaging (MRI",
  "chronology_response_to_treatment": "Patient has completed an ENT-focused visit with a structured plan for risk assessment, diagnostic workup, and early management.",
  "patient_concerns_preferences_consent": "Consent and context - Consent was obtained at the end of each visit. - The patient expressed willingness",
  "safety_issues_red_flags": "Red flags noted by the patient during the visit: - Persistent sore throat for >two weeks. - Hoarseness",
  "coding_terms": "Cancer risk category: high-risk due to tobacco/alcohol exposure and throat symptoms; HPV risk discussed but not"
}