{
  "patient_identifiers": "The patient's name was Savuri Surabhi Borah. No other specific IDs were given. The conversation focused on his presentation and",
  "demographics": {
    "age": "The patient’s age is 42 years old.",
    "sex": "The patient’s gender is female."
  },
  "visit": {
    "date_time": "The visit occurred sometime between today and tomorrow, but no specific date was given. The clinician emphasized that the plan",
    "type": "It was an in-person visit with a thorough physical exam, endoscopy, and biopsy under local anesthesia."
  },
  "chief_complaint": "Persistent hoarseness and throat discomfort with mild dysphagia and fatigue for about two months. No fever, weight loss, or new",
  "onset_duration": "The symptoms started around two months ago, so they’ve been present for several months. The exact duration isn’t specified here,",
  "symptom_description": "Persistent hoarseness, throat discomfort, mild dysphagia, fatigue, ongoing cough, and weight loss over ~two months. No fever or significant pain",
  "aggravating_factors": "Dietary habits (low fruit/vegetable intake, insufficient fluids), tobacco/alcohol use, and combined tobacco-alcohol exposure. These factors exacerbate throat irritation and potenti",
  "relieving_factors": "The relief strategy focuses on symptom management: 1) Pain relief: NSAIDs (e.g., aspirin, ibuprofen) are common choices but should be",
  "associated_symptoms": [
    "Persistent hoarseness, throat discomfort, mild dysphagia, fatigue",
    "no fever or weight loss reported. Headache occasionally felt but not severe. No significant pain described. Ove"
  ],
  "past_medical_history": "No prior medical history was reported. The focus is on current symptoms, risk factors, and planned diagnostics. No specific past",
  "past_surgical_history": "No surgical history was recorded at this visit. The focus was on current symptoms, risk factors,",
  "family_history": "Family history was not explicitly reported here. The summary focuses on current symptoms, risk factors, and",
  "current_medications": [
    "No medications listed yet",
    "we'll provide them once they're determined. The plan includes endoscopy preparation, dental care, and potential HPV-related discussions. A final medicati"
  ],
  "allergies": "None known allergy reported. Allergy status remains unknown until confirmed.",
  "social_history": "Tobacco: Daily smoking (~one cigarette/day); occasional double-smoking; dual-use of smokeless tobacco (chewing tobacco). Alcohol: Twice weekly, sometimes more",
  "functional_status": "Savuri Surabhi undergoes a thorough ENT exam today with potential endoscopy and biopsy. Imaging and lab",
  "vital_signs": "- Blood pressure: 130/85 mmHg; heart rate: 70 bpm; no significant changes today. No fever or chest pain",
  "examination_findings": "No visible mucosal lesions at initial examination. No obvious swelling or redness noted. Voice changes and throat discomfort",
  "investigations": [
    "Physical examination of mouth/throat and neck. - Laryngoscopy/endoscopy with potential biopsy to obtain tissue for pathology. - Blood tests and imaging (CT/MRI) as indicated by f"
  ],
  "assessment_primary_diagnosis": "Primary diagnosis is suspected but confirmed via biopsy. The plan includes endoscopy, biopsy, and",
  "differential_diagnoses": [
    "HPV-related changes, malignancy vs. chronic infection, lymphadenopathy, mucosal lesions, odontological issues, nutritional status, and dental health"
  ],
  "management_plan": "- Plan summary: - Primary diagnosis: Voice-related symptoms due to combined tobacco/alcohol exposure. - Immediate action: Physical examination of mouth/throat and neck",
  "tests_referrals_planned": [
    "ENT examination",
    "endoscopy",
    "biopsy",
    "CT/MRI",
    "FNAC",
    "HPV screening"
  ],
  "follow_up_plan": "- Follow-up plan includes: - Physical examination of mouth/throat and neck today. - If abnormalities found,",
  "chronology_response_to_treatment": "The conversation focused on evaluating a man named Savuri Surabhi Borah for suspected head-and-neck cancer due to persistent",
  "patient_concerns_preferences_consent": "Patient concerns: Hoarseness, throat discomfort, mild dysphagia, fatigue; risk factors include tobacco/alcohol use and combined exposure; HPV mentioned",
  "safety_issues_red_flags": "Red flags to watch out for: - Persistent hoarseness lasting >3 weeks - New lump in the neck",
  "coding_terms": "HPV-related cancer type, TNM stage, treatment plan, prognosis, and follow-up schedule are coded into a single"
}