{
  "patient_identifiers": "The patient’s name was not explicitly stated in this conversation. The primary focus was on the patient’s symptoms and initial",
  "demographics": {
    "age": "The patient’s age is 45 years old.",
    "sex": "The patient’s gender is unspecified. The conversation focuses on a"
  },
  "visit": {
    "date_time": "The visit occurred sometime between March 1st and March 8th, with the exact date not specified in the summary. The",
    "type": "It was an in-person visit with a family member accompanying him. The doctor performed a thorough"
  },
  "chief_complaint": "Persistent throat pain with voice change and difficulty swallowing for about two weeks. No fever or marked weight loss noted.",
  "onset_duration": "Symptoms started around two weeks ago with throat pain and hoarseness, plus difficulty swallowing. No fever or marked weight loss",
  "symptom_description": "Persistent throat discomfort with voice changes, dysphagia, and fatigue; no fever or marked weight loss. These features suggest possible malignancy",
  "aggravating_factors": "The main aggravating factors noted were throat irritation, dryness, and mild dysphagia. These symptoms could indicate inflammation, infection, or other",
  "relieving_factors": "The patient mentions relief with warm saline rinses and mild antihistamine medications; he also notes that avoiding irritants helps. He",
  "associated_symptoms": [
    "Persistent throat pain with hoarseness and difficulty swallowing",
    "possible weight loss",
    "no fever or marked fatigue",
    "no acute respiratory distress noted. These features suggest a"
  ],
  "past_medical_history": "No prior medical history was recorded during this visit. The focus was on presenting symptoms, initial assessments, and planned investigations",
  "past_surgical_history": "Rajesh Kumar has a long-standing history of tobacco use (smokeless and smoked forms) with intermittent heavy",
  "family_history": "Rajesh’s family history was not explicitly documented in this conversation. The doctor did not provide any",
  "current_medications": [
    "No medications listed at this time. The conversation focuses on initial assessments and investigations rather than medication details. Medications would be added once they"
  ],
  "allergies": "Allergies noted: No known food allergies; no known drug allergies.",
  "social_history": "Social history includes tobacco use (smoking and smokeless forms) with intermittent heavy use over several years, and alcohol",
  "functional_status": "Rajesh Kumar presents with throat pain, hoarseness, and difficulty swallowing over two weeks. No fever or",
  "vital_signs": "- Blood pressure: 120/80 mmHg; heart rate: 70 bpm; respiratory rate: 16 breaths per minute; oxygen saturation: 98%",
  "examination_findings": "Examination findings summarized: - No definitive diagnosis yet; symptoms suggest possible malignancy with a possibility of HPV involvement.",
  "investigations": [
    "Biopsies of suspicious lesions",
    "CT/MRI imaging",
    "HPV testing",
    "endoscopy with biopsy if indicated",
    "pathology report in 2–3 days",
    "FNAC if neck lumps"
  ],
  "assessment_primary_diagnosis": "The primary diagnosis was not established at this stage. The initial encounter focused on",
  "differential_diagnoses": [
    "Cervical carcinoma vs. laryngeal papilloma",
    "HPV-positive vs. HPV-negative",
    "HPV-related vs. non-HPV-related",
    "lymphadenopathy vs. non-adjuvant presentation",
    "TNM"
  ],
  "management_plan": "- A comprehensive summary of the clinician-led discussion on Rajesh Kumar’s head-and-neck cancer pathway with focus on initial assessment, diagnostic steps, and",
  "tests_referrals_planned": [
    "ENT exam with possible endoscopy",
    "CT/MRI if indicated",
    "HPV testing as indicated",
    "biopsy if suspicious lesions found",
    "FNAC if neck lumps",
    "laboratory tests as needed"
  ],
  "follow_up_plan": "Follow-up plan based on initial exam and investigations: - Complete throat/laryngeal examination and neck lymph nodes",
  "chronology_response_to_treatment": "The conversation describes a series of questions and responses focused on a patient with possible head and neck",
  "patient_concerns_preferences_consent": "Consent given for HPV testing and other investigations; willingness to undergo biopsy if indicated; family involvement planned with",
  "safety_issues_red_flags": "Red flags mentioned during the consultation include: - Persistent voice changes lasting over two weeks. - Difficulty swallowing",
  "coding_terms": "Cancer type: Head and Neck Cancer; possible diagnosis based on symptoms and exam. HPV testing may"
}