{
  "patient_identifiers": "Rima Sharma, 52, rural India, with throat pain, hoarseness, and dry cough for about two weeks. No cancer diagnosis yet.",
  "demographics": {
    "age": "Rima Sharma, 52-year-old.",
    "sex": "Rima Sharma is female. She has been diagnosed with throat"
  },
  "visit": {
    "date_time": "The visit occurred sometime between March 1st and March 8th, with no specific date given. The timeline was that it",
    "type": "It was a face-to-face visit with a stepwise plan for initial evaluation and subsequent management of"
  },
  "chief_complaint": "Persistent throat discomfort with hoarseness and dry cough for about two weeks. No fever, no significant weight loss reported. No",
  "onset_duration": "Symptoms started around two weeks ago with throat pain, hoarseness, and dry cough. No fever or weight loss reported yet.",
  "symptom_description": "Persistent throat discomfort with hoarseness, dry cough, fatigue, and no other major symptoms noted yet. No fever or weight loss",
  "aggravating_factors": "Rhinopharyngitis with voice changes, throat discomfort, and fatigue; tobacco use; poor dental hygiene; low fluid intake; weight loss; appetite reduction;",
  "relieving_factors": "Relief strategies discussed include tobacco cessation, alcohol reduction, good nutrition, hydration, and regular follow-up visits. Regular check-ups with updates on",
  "associated_symptoms": [
    "Persistent throat discomfort with hoarseness and dysphagia",
    "weight loss",
    "fatigue",
    "no fever or night sweats reported",
    "occasional throat irritation",
    "no persistent systemic symptoms"
  ],
  "past_medical_history": "No prior medical history noted. Rima has no known chronic conditions or allergies. She reports recent throat symptoms with no",
  "past_surgical_history": "No cancer detected during initial evaluation. No definitive diagnosis yet. Plan remains stepwise with next steps",
  "family_history": "Rima’s family history was not explicitly reported in this conversation. There were no details about her",
  "current_medications": [
    "No medications listed yet",
    "we’ll provide stepwise medication lists once results arrive. Right now, just summarize what’s known so far. The next question asks"
  ],
  "allergies": "Allergies noted: no known food allergies, no severe skin reactions,",
  "social_history": "Rima Sharma has a long tobacco exposure history with intermittent use of smokeless products like khaini/gutkha/paan masala. She",
  "functional_status": "Rationale: The conversation describes a series of diagnostic steps and treatment planning for head-and-neck cancer, but",
  "vital_signs": "Blood pressure: 120/80 mmHg; heart rate: 60 bpm; no other significant abnormalities noted. No urgent blood work required",
  "examination_findings": "Examination findings (short summary): - Throat exam: no obvious swelling or redness noted; voice quality mildly affected but",
  "investigations": [
    "Throat examination with possible endoscopy. - Neck palpation. - Biopsy of suspicious areas (if indicated). - CT/MRI imaging (based on findings). - Blood tests (CBC, liver functio"
  ],
  "assessment_primary_diagnosis": "Primary diagnosis is suspected but not confirmed yet. The next step is thorough evaluation",
  "differential_diagnoses": [
    "Cancer differential: head-and-neck cancer, lung cancer, tuberculosis, HPV-related cancers, infections",
    "N/A if no clear diagnosis yet"
  ],
  "management_plan": "- Step-wise plan with emphasis on initial assessment, diagnostics, and subsequent treatment based on TNM staging. - Step 1: Throat exam and",
  "tests_referrals_planned": [
    "Throat examination with possible endoscopy",
    "biopsy if suspicious lesions found. - FNAC of neck lump discussed",
    "results expected in 1-2 days. - CT/MRI imaging to assess tumor size"
  ],
  "follow_up_plan": "- Follow-up plan with stepwise timeline: - Step 1: Complete throat exam and neck palpation today.",
  "chronology_response_to_treatment": "The session covered a detailed, step-by-step diagnostic workup for a suspected head-and-neck cancer case with emphasis on initial",
  "patient_concerns_preferences_consent": "Rima Sharma presents with throat pain, hoarseness, and dry cough for about two weeks. She has no major",
  "safety_issues_red_flags": "Red flags discussed during this visit include persistent hoarseness, dysphagia, weight loss, night sweats, non-healing ulcers, and new",
  "coding_terms": "Cancer type: Head-and-neck cancer (primary); possible HPV-related risk factor discussed; no definitive diagnosis yet. Stage not"
}