{
  "patient_identifiers": "Name of the patient isn't explicitly stated in this summary. The conversation focuses on presenting symptoms and risk factors rather",
  "demographics": {
    "age": "45 years old.",
    "sex": "The patient’s gender is unspecified. The conversation does not specify"
  },
  "visit": {
    "date_time": "The visit occurred sometime between October 1st and October 15th, depending on exact date noted by the patient. The exact",
    "type": "It was an outpatient visit focused on evaluating a head-and-neck cancer risk profile and planning diagnostic"
  },
  "chief_complaint": "Persistent throat pain with hoarseness and difficulty swallowing for about two months. No new symptoms reported since then. Risk factors",
  "onset_duration": "Two weeks. The exact duration wasn't specified in the conversation.",
  "symptom_description": "Persistent throat pain, hoarseness, difficulty swallowing, intermittent cough, no fever, no weight loss. No new onset symptoms reported. Headache not",
  "aggravating_factors": "Hoarseness, fatigue, weight loss, night sweats, dysphagia, and breathing difficulties. These are common indicators that prompt urgent evaluation.",
  "relieving_factors": "Persistent throat pain, hoarseness, difficulty swallowing—these are common signs that prompt an ENT evaluation. The plan involves thorough oral/throat examination,",
  "associated_symptoms": [
    "Persistent throat pain",
    "hoarseness",
    "difficulty swallowing",
    "intermittent cough",
    "weight loss",
    "fatigue"
  ],
  "past_medical_history": "No prior medical history was reported. The conversation focuses on presenting symptoms, risk-factor assessment, and an initial diagnostic plan rather",
  "past_surgical_history": "No prior surgery was reported by the patient. The conversation focuses on presenting symptoms and risk-factor",
  "family_history": "Family history was not explicitly reported in the dialogue. The clinician noted that it wasn’t asked",
  "current_medications": [
    "No medications listed yet",
    "no medication names given. The conversation focuses on presenting symptoms, risk factors, and initial diagnostic planning rather than listing"
  ],
  "allergies": "None of the listed foods cause severe allergic reactions. If",
  "social_history": "Past tobacco use: Long-term smoking (beedis/cigarettes); intermittent use of smokeless tobacco; no heavy daily use reported. Alcohol use:",
  "functional_status": "Symptoms: Persistent throat pain for ~two months with hoarseness and difficulty swallowing; no fever reported. No",
  "vital_signs": "No immediate vital signs reported. The conversation focuses on presenting symptoms, risk factors, and an initial diagnostic plan",
  "examination_findings": "No visible mucosal lesions detected during the exam. No abnormal swelling or redness noted. The clinician notes that",
  "investigations": [
    "CT/MRI, HPV testing, laryngoscopy, biopsy, nutrition/dietary advice, smoking cessation plan, family involvement, follow-up schedule, cost estimates, referral letters, transportatio"
  ],
  "assessment_primary_diagnosis": "Primary diagnosis is suspected throat cancer based on the patient's symptoms (persistent throat pain,",
  "differential_diagnoses": [
    "Throat infection (e.g., bacterial pharyngitis) - Vocal cord dysfunction due to chronic irritation - Lichen"
  ],
  "management_plan": "- Plan highlights: - Primary goal: Early detection of head-and-neck cancer by thorough oral/throat exam and targeted imaging/biopsy. - Key components: Comprehensive",
  "tests_referrals_planned": [
    "ENT exam including throat/larynx inspection and neck lymph nodes",
    "CT/MRI imaging if indicated by exam/imaging",
    "HPV testing as part of workup",
    "Tobacco/alcohol cessation plan"
  ],
  "follow_up_plan": "Follow-up plan summary: - Primary goal: reassess symptoms and evaluate risk factors; initiate cessation counseling and",
  "chronology_response_to_treatment": "Patient has completed an ENT-focused evaluation including oral/throat exam, neck lymph nodes assessment, and consideration of imaging/biopsy based",
  "patient_concerns_preferences_consent": "Symptoms: Persistent throat pain for ~two months with hoarseness and difficulty swallowing. No fever reported. Risk factors: Long-standing",
  "safety_issues_red_flags": "Red flags noted by the patient include persistent throat pain, hoarseness, difficulty swallowing, and new voice changes. These",
  "coding_terms": "Yes, code terms were used; I'll translate them into plain language later. The core issues are"
}