{
  "patient_identifiers": "Name/ID: Not specified in the dialogue. The patient is referred to as \"Raj Kumar\" without specifying his full name or",
  "demographics": {
    "age": "The patient’s age is 45 years old.",
    "sex": "The patient’s gender is female. She has cancer that needs"
  },
  "visit": {
    "date_time": "The visit occurred on October 1st, 2025, around 9:00 AM. The doctor performed throat examination and laryngoscopy, obtained neck lymph",
    "type": "It was an in-person visit with some telemedicine elements. The doctor performed throat examination and laryngoscopy,"
  },
  "chief_complaint": "Chief complaint: Persistent throat pain with voice changes and mild dysphagia for about one week. No other major symptoms reported.",
  "onset_duration": "The symptoms started about one week ago, so they’ve been present for around 1–2 weeks. The exact duration isn’t specified",
  "symptom_description": "Persistent throat discomfort, voice changes, mild dysphagia, fatigue during meals, no major systemic symptoms yet. Headache was noted as a",
  "aggravating_factors": "N/A, throat irritation, dry mouth, smoking-related issues, and possibly reflux or other causes could contribute to symptoms. The exact trigger",
  "relieving_factors": "The main symptom relief strategies mentioned are: - Mouth care: gentle brushing, saltwater rinses, and avoiding irritants. - Hydration: small",
  "associated_symptoms": [
    "Persistent throat discomfort - Hoarseness - Mild dysphagia - Fatigue during meals - No persistent fever or significant weight loss reported yet - Painful swallowing described as"
  ],
  "past_medical_history": "No prior medical history was reported. The dialogue focuses on today’s visit and upcoming diagnostic steps rather than on any",
  "past_surgical_history": "No surgical history was recorded by the clinician. The dialogue focuses on presenting symptoms, diagnostic plan,",
  "family_history": "Family history was not explicitly reported by the patient. The clinician noted that family history could",
  "current_medications": [
    "N/A",
    "Amit Singh, Tylenol 10 mg daily",
    "Advantame 1 tab daily",
    "Alprazolam 0.15 mg nightly",
    "Nyquil 1 tab daily",
    "Cetirizine 1 tab daily"
  ],
  "allergies": "Allergies noted: no known food allergies, no severe skin reactions,",
  "social_history": "Tobacco exposure: The patient uses tobacco products (beedis/cigarettes); there’s no mention of regular smoking. Alcohol use is limited",
  "functional_status": "The summary highlights key events, symptoms, diagnostic steps, and planned treatments for the patient with head-and-neck",
  "vital_signs": "Temperature: 36.9°C; BP: 120/80 mmHg; Heart rate: 70 bpm; Oxygen saturation: 98% room air; No other immediate life-threatening",
  "examination_findings": "No visible mucosal lesions detected today. Laryngeal examination was normal. No abnormal findings reported. Next step would be",
  "investigations": [
    "HPV testing: Not mandatory at this stage",
    "decided after exam findings. Imaging plans: MRI preferred over CT",
    "MRI provides more detail for lesions",
    "CT can be used if MRI isn’t"
  ],
  "assessment_primary_diagnosis": "Primary diagnosis was not determined yet. The plan is to complete throat examination, laryngoscopy,",
  "differential_diagnoses": [
    "N/A",
    "swelling of the tongue, inflammation of the vocal cords, chronic throat irritation, aspiration pneumonia"
  ],
  "management_plan": "- Plan highlights: - Step-by-step diagnostic plan: throat exam, laryngoscopy, neck lymph nodes; biopsy if indicated; MRI or CT as needed. -",
  "tests_referrals_planned": [
    "HPV testing: Not performed today",
    "planned only if abnormal findings arise. Imaging plans: MRI preferred over CT",
    "CT if MRI unavailable or less informative. Biopsy timing: Usually s"
  ],
  "follow_up_plan": "A brief follow-up plan is outlined for the patient who underwent throat examination and laryngoscopy, with",
  "chronology_response_to_treatment": "The conversation describes a patient undergoing head-and-neck cancer evaluation by a clinician. Key points covered include: - Presenting",
  "patient_concerns_preferences_consent": "Symptoms: throat pain for ~one week, voice change, mild dysphagia, fatigue during meals. Risk factors: tobacco use (beedi/cigarettes),",
  "safety_issues_red_flags": "Red flags noted by the patient: persistent throat pain, voice changes, mild dysphagia, fatigue during meals, and unintentional",
  "coding_terms": "HPV status: HPV-positive; HPV-negative; HPV-testing timing and results TBD. Imaging/biopsy results will determine next steps. Stage-based"
}