{
  "patient_identifiers": "Name: Rajesh Roy, age 48, male. He reports persistent hoarseness for about one month and voice changes that have been",
  "demographics": {
    "age": "The patient is 48 years old.",
    "sex": "The patient is male. No explicit gender specified earlier."
  },
  "visit": {
    "date_time": "The visit occurred on October 1st, 2025, at 9:00 AM. The doctor performed an oral/laryngoscopy and began imaging/biopsy based on",
    "type": "It was an outpatient visit with a focused head-and-neck exam and plans for imaging and biopsy"
  },
  "chief_complaint": "Persistent hoarseness for about one month with voice changes noted recently. No fever, no weight loss reported. No specific pain",
  "onset_duration": "Symptoms started around one month ago, with voice changes noticed recently. No definitive date given yet. The duration was not",
  "symptom_description": "Persistent hoarseness for ~one month, with voice changes noticed recently. No fever, no significant weight loss reported. Mild dysphagia noted.",
  "aggravating_factors": "Dietary factors such as heavy salt intake, high fat content, and inadequate fruit/vegetable intake exacerbate throat irritation and mucosal damage,",
  "relieving_factors": "The patient reports relief from throat irritation after using a humidifier at night and taking a soft diet. He also",
  "associated_symptoms": [
    "Persistent hoarseness for ~one month",
    "voice changes noticed recently",
    "no fever or night sweats reported",
    "mild fatigue noted. No significant weight loss or neck swelling observed"
  ],
  "past_medical_history": "No prior medical history was reported. The conversation focused on current symptoms, risk factors, and immediate diagnostic steps rather than",
  "past_surgical_history": "- Rajesh Roy's past surgery: No major surgeries reported. He mentions a few minor procedures in",
  "family_history": "Family history was not explicitly reported in this encounter. The clinician did not provide details about",
  "current_medications": [
    "No medications listed at this time",
    "no medication details given. The conversation focuses on risk factors, examinations, and plans for investigations rather than"
  ],
  "allergies": "Allergies: None known. N/A if no allergy reported.",
  "social_history": "- Past tobacco use: Regular chewed tobacco (khaini/gutkha); occasional cigarette use; no smokeless tobacco except some smokeless forms",
  "functional_status": "- Rajesh Roy undergoes an oral/laryngeal exam and plans imaging/biopsy based on findings. He has significant",
  "vital_signs": "- Blood pressure: 120/85 mmHg; no significant change since last check. - Heart rate: 60 bpm; normal range",
  "examination_findings": "- Examination findings were not reported in this brief encounter. The dialogue focuses on risk-factor assessment, lifestyle counseling,",
  "investigations": [
    "ENT examination and laryngoscopy",
    "possible biopsy",
    "imaging (CT/MRI)",
    "HPV testing",
    "nutrition counseling",
    "tobacco/alcohol cessation plan"
  ],
  "assessment_primary_diagnosis": "Primary diagnosis was not established at this visit. The plan includes performing an oral/throat",
  "differential_diagnoses": [
    "Chronic cough with dysphagia: possible chronic respiratory illness or malignancy. - HPV-related throat cancers: consideration"
  ],
  "management_plan": "- Short summary: Patient presented with persistent hoarseness for ~one month, along with tobacco/alcohol use and combined risk factors. No prior cancer",
  "tests_referrals_planned": [
    "ENT exam and laryngoscopy",
    "possible biopsy",
    "imaging (CT/MRI)",
    "HPV testing",
    "nutrition counseling",
    "tobacco/alcohol cessation plan"
  ],
  "follow_up_plan": "- Follow-up plan after initial exam and imaging/biopsy: - Complete physical exam and laryngoscopy today. -",
  "chronology_response_to_treatment": "Patient has completed an initial visit with a thorough history and physical exam, plans immediate imaging and biopsy",
  "patient_concerns_preferences_consent": "- Patient concerns: Persistent hoarseness for ~one month; no fever, weight loss, night sweats, or new neck lump",
  "safety_issues_red_flags": "Red flags mentioned: persistent hoarseness for more than one month, new lump in neck, weight loss, night coughing,",
  "coding_terms": "CPT codes: TNM staging (if applicable); ICD-10 codes; international tumor classification codes (e.g., WHO, JCO). N/A"
}