{
  "patient_identifiers": "Name not provided in the dialogue. Amit Roy is the subject of the discussion, but his exact identity isn't known.",
  "demographics": {
    "age": "42 years old.",
    "sex": "The patient’s gender is male. N/A if unspecified."
  },
  "visit": {
    "date_time": "The visit occurred sometime between October 1st and October 15th, with no specific date given. No exact date was reported.",
    "type": "It was an outpatient visit with telemedicine components, followed by in-person ENT evaluation. No urgent emergency"
  },
  "chief_complaint": "Persistent throat discomfort with hoarseness and dysphagia for several days, along with fatigue. No fever reported. No significant weight loss",
  "onset_duration": "The symptoms started around 10 days ago, with throat irritation, hoarseness, dysphagia, and fatigue. There’s no mention of weight loss",
  "symptom_description": "Persistent sore throat, hoarseness, dysphagia, fatigue, no fever, no weight loss. No major pain or breathing trouble reported. Headache not",
  "aggravating_factors": "Red flags that could worsen throat symptoms include persistent hoarseness beyond 10 days, worsening dysphagia, new or changing voice quality,",
  "relieving_factors": "Oral care measures, balanced diet, adequate fluids, rest, and avoiding irritants. If pain persists, seek urgent evaluation. HPV testing may",
  "associated_symptoms": [
    "Sore throat, hoarseness, dysphagia, fatigue",
    "no fever or weight loss reported yet. Headache not noted. N/A if no specific symptoms were described"
  ],
  "past_medical_history": "No prior medical history reported. He has no known chronic conditions or major surgeries. He mentions tobacco use (smokeless khaini/gutkha",
  "past_surgical_history": "No surgical history provided in this dialog. The focus is on presenting symptoms, risk assessment, and",
  "family_history": "Family history is not explicitly reported in this conversation. There is no mention of specific family",
  "current_medications": [
    "No medications listed yet. Amit Roy's current medications are not known. We'll ask him directly upon his visit. If he has them now, we'd"
  ],
  "allergies": "None of the listed foods cause severe allergic reactions. If",
  "social_history": "Tobacco: Smokeless tobacco (khaini/gutkha) used 1–2 times/day; smoking less than once per week; mixed tobacco use (smokeless +",
  "functional_status": "Amit Roy undergoes an ENT evaluation for throat symptoms and tobacco/alcohol risk. He has ongoing tobacco",
  "vital_signs": "- Blood pressure: 120/85 mmHg; heart rate: 60 bpm; no significant abnormality noted. No fever or chest pain",
  "examination_findings": "No exam data were collected in this conversation. The dialogue focuses on risk assessment, symptom description, and initial",
  "investigations": [
    "ENT evaluation with flexible laryngoscopy",
    "biopsy if a lesion is detected",
    "FNAC if a lump is present",
    "imaging (CT/MRI) for staging",
    "HPV testing as appropriate",
    "nutritional assess"
  ],
  "assessment_primary_diagnosis": "Primary diagnosis is suspected throat malignancy based on symptoms and risk factors. No definitive",
  "differential_diagnoses": [
    "HPV-positive vs HPV-negative",
    "lymphadenopathy",
    "malignancy vs benign inflammation",
    "voice change",
    "dysphagia",
    "weight loss"
  ],
  "management_plan": "- Amit Roy’s initial presentation: sore throat, hoarseness, dysphagia, fatigue; significant tobacco/alcohol exposure; no fever or weight loss reported. - Planned evaluation:",
  "tests_referrals_planned": [
    "ENT evaluation with possible endoscopic exam",
    "biopsy if a lesion is detected",
    "FNAC if a lump is present. - Imaging: CT/MRI to determine tumor size, location, and nodal involvemen"
  ],
  "follow_up_plan": "- Follow-up plan outlines a structured pathway for ongoing care: - Regular follow-ups starting soon, likely",
  "chronology_response_to_treatment": "The conversation describes an ongoing series of questions and responses focused on evaluating a head-and-neck cancer case for",
  "patient_concerns_preferences_consent": "- Amit Roy presents with throat discomfort, dysphagia, and hoarseness over 10 days. He reports tobacco/alcohol use and",
  "safety_issues_red_flags": "Red flags noted by the patient include persistent sore throat, hoarseness, dysphagia, and fatigue over several days. These",
  "coding_terms": "Tobacco: smokeless tobacco (khaini/gutkha); smokeless tobacco use; dual-use (smokeless + smoked). Alcohol: weekly intake; higher during"
}