{
  "patient_identifiers": "The patient's name was not provided in the conversation. The primary focus was on the patient's symptoms, risk factors, and",
  "demographics": {
    "age": "The patient is 45 years old.",
    "sex": "The patient is female. She has been referred for head-and-neck"
  },
  "visit": {
    "date_time": "The visit occurred sometime between March 1st and April 1st, but exact date isn't specified. The conversation ends without specifying",
    "type": "The visit involved an in-person ENT consultation with a detailed history, physical exam, and planned investigations"
  },
  "chief_complaint": "Persistent throat discomfort with voice changes and mild swallowing difficulty for about four weeks. No fever or significant weight loss",
  "onset_duration": "Symptoms started around four weeks ago, with throat pain, hoarseness, and mild swallowing difficulty. No clear date given for onset.",
  "symptom_description": "Persistent throat discomfort, voice changes, mild dysphagia, no fever or weight loss. These are typical signs prompting investigation.",
  "aggravating_factors": "Throat irritation, dry mouth, fatigue, and weight loss can exacerbate symptoms during this period. These factors should be monitored and",
  "relieving_factors": "The patient reports relief from throat irritation and hoarseness with increased hydration and soft-textured foods. He also notes that he",
  "associated_symptoms": [
    "Persistent throat discomfort",
    "voice change",
    "dysphagia",
    "weight loss",
    "fatigue",
    "mouth ulcers"
  ],
  "past_medical_history": "No prior medical history provided. The conversation focuses on current symptoms, risk factors, and planned diagnostics rather than past medical",
  "past_surgical_history": "Rajesh Kumar presented with throat pain, hoarseness, dysphagia, and mild cough over 4 weeks. He has",
  "family_history": "Family history was not provided in this conversation. The summary focuses on the patient's risk factors",
  "current_medications": [
    "No medications listed yet. The conversation focuses on history, physical exam, and diagnostic steps rather than medication lists. Medications will be added once they"
  ],
  "allergies": "Rins allergy: no known food allergies; no severe skin reactions",
  "social_history": "Social history includes tobacco use (beedi/hookah) and alcohol use (two glasses/day). The combined use raises cancer risk. No",
  "functional_status": "Rajesh Kumar undergoes an ENT-focused evaluation for throat symptoms and tobacco/alcohol risk. He has no confirmed",
  "vital_signs": "- Blood pressure: 120/80 mmHg; heart rate: 70 bpm; no other significant changes reported. No immediate urgent action",
  "examination_findings": "No visible lesions detected during the oral/throat exam. No abnormal findings reported. The clinician advised immediate cessation of",
  "investigations": [
    "ENT examination including oral/throat inspection and neck palpation. - Basic blood tests (CBC). - Imaging (CT/MRI) and biopsy if indicated by findings. - HPV testing as part of e"
  ],
  "assessment_primary_diagnosis": "Primary diagnosis isn't clear from this conversation. The patient presents with throat pain, hoarseness,",
  "differential_diagnoses": [
    "Cervical cancer: possible cause of persistent laryngeal symptoms with voice changes and neck lump"
  ],
  "management_plan": "- Plan highlights: - Primary goal: early detection via comprehensive screening and timely diagnostics. - Key components: oral/throat exam, neck lymph nodes",
  "tests_referrals_planned": [
    "ENT referral for laryngoscopy and possible biopsy based on imaging/biopsy results. - HPV testing considered if indicated by findings. - Blood tests scheduled for today. - Imaging"
  ],
  "follow_up_plan": "Follow-up plan includes: - A three-to-four week follow-up to review imaging/biopsy results and decide next steps",
  "chronology_response_to_treatment": "The conversation describes an ongoing series of visits focused on a 45-year-old man with throat symptoms and risk",
  "patient_concerns_preferences_consent": "Patient concerns include throat pain, hoarseness, dysphagia, and mild weight loss over 4 weeks. No fever or significant",
  "safety_issues_red_flags": "Red flags mentioned include persistent sore throat, hoarseness, dysphagia, and new lump in the neck. These warrant urgent",
  "coding_terms": "HPV testing, imaging, biopsy, TNM staging, radiation therapy, chemotherapy, surgery, rehabilitation, nutrition, home care, financial assistance,"
}