{
  "patient_identifiers": "The patient's name was not provided in the dialogue. The conversation focused on presenting symptoms, risk factors, and basic diagnostic",
  "demographics": {
    "age": "The patient’s age is 52 years old.",
    "sex": "The patient’s gender is unspecified. The conversation does not specify"
  },
  "visit": {
    "date_time": "The visit occurred on October 1st, 2024, during which the clinician reviewed symptoms, risk factors, and prepared the plan for",
    "type": "It was an in-person visit with some telemedicine elements. The patient presented with throat symptoms and"
  },
  "chief_complaint": "Persistent throat symptoms with hoarseness and mild swallowing difficulty for about one week, along with fatigue. No fever or significant",
  "onset_duration": "Red flags were raised during consultation, indicating that symptoms had been present for several days, but exact duration wasn't specified",
  "symptom_description": "Persistent throat discomfort, voice changes, mild swallowing difficulty, fatigue, no fever or significant weight loss. These are typical signs prompting",
  "aggravating_factors": "Persistent hoarseness, throat discomfort, fatigue, and worsening swallowing difficulties are common aggravating factors during the course of the illness. These",
  "relieving_factors": "The patient has throat pain, hoarseness, and fatigue. The plan includes an oral/throat exam and laryngoscopy, followed by biopsy/endoscopy if",
  "associated_symptoms": [
    "Persistent hoarseness - Fatigue - Difficulty swallowing - Weight changes - Mouth dryness - Night-time coughing - Painful swallowing - Oral discomfort - Taste alterations - Dry sk"
  ],
  "past_medical_history": "No prior medical history provided. The focus remains on presenting symptoms, risk factors, and planned diagnostic workup rather than past",
  "past_surgical_history": "No prior surgeries were reported. The focus was on presenting symptoms and risk-factor assessment rather than",
  "family_history": "Family history was not provided in the dialogue. The clinician noted that it would be helpful",
  "current_medications": [
    "Antihistamine: Tylenol",
    "Advantame",
    "Zyrtec",
    "etc",
    "N/A if none. - Antibiotics: Ciprofloxacin",
    "Augmentin"
  ],
  "allergies": "Patient has no known food allergies or severe skin reactions.",
  "social_history": "- Tobacco exposure: Long-term khaini/gutkha use; intermittent smoking; no heavy daily use reported. - Alcohol use: Occasional consumption;",
  "functional_status": "- The patient has a history of long-term tobacco exposure (khaini/gutkha), occasional smoking, and alcohol use.",
  "vital_signs": "- Blood pressure: 140/95 mmHg; heart rate 60 bpm; no other immediate concerns noted. No urgent blood work",
  "examination_findings": "- Examination findings were not provided in the dialogue. The clinician focused on risk factors, symptoms, and plan",
  "investigations": [
    "Oral examination and laryngoscopy",
    "possible FNAC/endoscopy biopsy",
    "HPV testing",
    "imaging (Ultrasound preferred",
    "CT/MRI if needed). - Blood tests: CBC, liver function tests, kidney"
  ],
  "assessment_primary_diagnosis": "Primary diagnosis was not established during the conversation. The plan focused on evaluating symptoms,",
  "differential_diagnoses": [
    "Cervical lymph node involvement - Lymphadenopathy - Thrombosis-related symptoms - Malnutrition or anemia - Poor"
  ],
  "management_plan": "- Immediate management highlights: - Cancer suspicion raised by symptoms and risk factors; no definitive diagnosis yet. - Planned investigations: oral/throat exam,",
  "tests_referrals_planned": [
    "Complete blood count (CBC) - Urine analysis - Chest X-ray - Blood pressure measurement - Lymph node assessment by palpation - Oral cavity examination - Neck lymph nodes assessmen"
  ],
  "follow_up_plan": "- Follow-up plan: - Step-by-step timeline: Step 1 – Endoscopy + biopsy; Step 2 – Imaging",
  "chronology_response_to_treatment": "Patient has completed step-by-step workup: oral/throat exam, laryngoscopy, and possible biopsy/fnac. Imaging (ultrasound, CT/MRI) will follow. HPV testing",
  "patient_concerns_preferences_consent": "Patient concerns and consent: - Red flags raised by the patient: throat pain, hoarseness, fatigue, and difficulty swallowing.",
  "safety_issues_red_flags": "Red flags mentioned during discussion: - Persistent hoarseness lasting more than two weeks. - Difficulty swallowing (dysphagia). -",
  "coding_terms": "CT scan, HPV testing, TNM staging, biopsy, FNAC, imaging, Stage III, prognosis, red flags, multidisciplinary team,"
}