{
  "patient_identifiers": "The patient's name was not provided in the dialogue. The conversation focused on presenting symptoms and risk factors rather than",
  "demographics": {
    "age": "The patient is 45 years old.",
    "sex": "The patient’s gender is unspecified. No explicit mention of sex"
  },
  "visit": {
    "date_time": "The visit occurred sometime between March 1st and April 1st, with some uncertainty about exact date. The clinician noted that",
    "type": "The visit was an outpatient ENT-focused one-day clinic visit with no overnight admission. No imaging or"
  },
  "chief_complaint": "Persistent throat pain, voice change, mild swallowing difficulty, weight loss, no fever, no obvious lump. No recent sore throat noted.",
  "onset_duration": "The patient presents with throat pain, hoarseness, mild dysphagia, fatigue, and weight loss over several weeks. There is no explicit",
  "symptom_description": "Persistent throat pain, hoarseness, mild swallowing difficulty, fatigue, weight loss, no fever, no obvious lump. No clear diagnosis yet. Headache",
  "aggravating_factors": "Dietary triggers like spicy foods, hot beverages, and certain fruits can exacerbate throat irritation and dryness. Alcohol also worsens mucosal",
  "relieving_factors": "The patient reports throat soreness, hoarseness, and fatigue. The clinician notes that these can be related to throat irritation, dry",
  "associated_symptoms": [
    "Persistent throat discomfort - Hoarseness - Fatigue - Weight loss - Dysphagia - Painful swallowing - Mouth ulcers or sores - Night sweats - Dry mouth - Sore throat - Swelling in"
  ],
  "past_medical_history": "No prior medical history provided. The focus remains on presenting symptoms, risk factors, and planned investigations leading to possible diagnosis",
  "past_surgical_history": "No surgical history provided in this case. The focus was on presenting symptoms, risk factors, diagnostic",
  "family_history": "Family history was not provided in the dialogue. The clinician noted that family history could influence",
  "current_medications": [
    "No medications listed yet",
    "we'll provide them once they're identified. Right now, there's no medication noted. We'll update when meds become known. Stay tuned!"
  ],
  "allergies": "Allergies noted: no known food allergy, no severe skin rash,",
  "social_history": "Past smoking history: Past beedi/cigarette smoker; no current cigarette use; occasional beedi/cigarette use in past few years; no",
  "functional_status": "Patient has undergone ENT examination, laryngoscopy, and biopsy; no definitive diagnosis yet. No imaging or HPV",
  "vital_signs": "- Baseline vitals: blood pressure 120/80 mmHg, heart rate 70 bpm, respiratory rate 16 breaths per minute, temperature",
  "examination_findings": "No visible signs of malignancy detected during the ENT exam and basic lab work. No biopsy or imaging",
  "investigations": [
    "ENT examination and laryngoscopy",
    "biopsy if indicated",
    "FNAC for suspicious lesions",
    "HPV testing as part of screening/diagnosis",
    "imaging (CT/MRI) as appropriate",
    "nutritional couns"
  ],
  "assessment_primary_diagnosis": "Primary diagnosis is suspected throat cancer based on symptoms and risk factors. The exact",
  "differential_diagnoses": [
    "Laryngeal papilloma vs. squamous cell carcinoma",
    "HPV-related risk",
    "HPV-negative can still have HPV-positive lesions",
    "HPV-positive"
  ],
  "management_plan": "- A brief summary of the clinician-led, stepwise management plan: - Immediate actions and investigations: - Begin ENT examination and laryngoscopy today.",
  "tests_referrals_planned": [
    "ENT exam and laryngoscopy",
    "biopsy if indicated",
    "FNAC for suspicious lesions",
    "HPV testing as part of screening/diagnosis",
    "imaging (CT/MRI) if indicated",
    "MDT decision based on resu"
  ],
  "follow_up_plan": "- Follow-up plan emphasizes staged monitoring and management based on endoscopy/biopsy results and imaging. Key components:",
  "chronology_response_to_treatment": "The conversation outlines an ongoing series of questions and responses focused on a head-and-neck cancer case, including: -",
  "patient_concerns_preferences_consent": "Patient concerns: Painful throat, hoarseness, fatigue, weight loss; no fever or significant systemic symptoms reported. No family history",
  "safety_issues_red_flags": "Red flags noted during this visit: - Persistent hoarseness beyond two weeks. - Weight loss over time. -",
  "coding_terms": "Cancer type: Head-and-neck cancer; HPV-related risk factor; tobacco/alcohol exposure; possible HPV testing; supportive care including diet/nutrition,"
}