{
  "patient_identifiers": "Name not provided in the dialogue. Patient referred to as \"Mr. Kumar\" in the context discussion. If you have access",
  "demographics": {
    "age": "42 years old.",
    "sex": "Male, 42 years old."
  },
  "visit": {
    "date_time": "The visit occurred sometime between October 1st and October 5th, depending on exact date noted later. The specific date isn't",
    "type": "It was an in-person visit with a family member accompanying the patient. The doctor provided a"
  },
  "chief_complaint": "Persistent throat pain, hoarseness, dysphagia, and mild weight loss over several weeks. No fever or severe breathing distress. Night-time exacerbation",
  "onset_duration": "The symptoms started around one week ago, with worsening at night and persistent weight loss noted by the patient. There",
  "symptom_description": "Persistent throat pain, hoarseness, dysphagia, mild weight loss, nocturnal worsening, no fever or severe breathing issues. These features suggest a",
  "aggravating_factors": "Tobacco products (smokeless and smoked) and alcohol exacerbate throat symptoms and increase cancer risk. Both should be reduced or eliminated",
  "relieving_factors": "The patient reports relief from throat irritation with warm water gargles and humidified air. He also uses saline rinses and",
  "associated_symptoms": [
    "Persistent throat pain - Hoarseness - Dysphagia - Weight loss - Nightly worsening symptoms - Abnormal voice quality - No fever or severe breathing difficulties - Pain exacerbated"
  ],
  "past_medical_history": "No prior medical history provided. The conversation focuses on current symptoms, risk factors, and diagnostic plan rather than past medical",
  "past_surgical_history": "No prior surgery known. Cancer risk assessment ongoing. HPV status pending. Imaging/biopsy plan pending results. Treatment",
  "family_history": "Family history is not provided in this case. There is no mention of any specific family",
  "current_medications": [
    "No medication listed currently",
    "N/A. Medications include antihypertensives, statins, ACE inhibitors, diuretics, beta-blockers, calcium supplements, vitamin D, iron/folic acid, anti"
  ],
  "allergies": "None of the patient's known allergies were listed. If there",
  "social_history": "Tobacco use: smokeless tobacco (gutka/pan masala) with occasional smoking (hookah/bidis); combined tobacco and alcohol use identified as high-risk.",
  "functional_status": "The patient is a 42-year-old male with persistent throat pain, hoarseness, dysphagia, and weight loss over",
  "vital_signs": "Blood pressure, temperature, pulse, respiratory rate, oxygen saturation, and weight. If none available, note \"unknown\".",
  "examination_findings": "No visible lesions detected during the oral/throat exam. No abnormality noted. Imaging and biopsy were deferred pending further",
  "investigations": [
    "Oral/throat examination",
    "laryngoscopy if needed",
    "biopsy if suspicious lesions detected",
    "CT/MRI for staging",
    "HPV testing considered depending on findings",
    "FNAC if neck lymph nodes"
  ],
  "assessment_primary_diagnosis": "Primary diagnosis is unclear due to lack of definitive findings. The current plan includes",
  "differential_diagnoses": [
    "cancer vs infection",
    "HPV",
    "malignancy",
    "lymphoma",
    "tuberculosis",
    "other infections"
  ],
  "management_plan": "- Stepwise plan: - Oral/throat exam today; biopsy if indicated. - Imaging (CT/MRI) to define tumor size/stage. - TNM-based staging (Tumor, Node,",
  "tests_referrals_planned": [
    "Oral/pharyngeal exam",
    "laryngoscopy if needed",
    "CT/MRI if indicated",
    "biopsy if suspicious lesions detected",
    "HPV screening considered depending on results",
    "referral to ENT if indica"
  ],
  "follow_up_plan": "Follow-up plan includes: - Revisit in 2–4 weeks to review findings and decide on further investigations",
  "chronology_response_to_treatment": "The session focused on establishing a baseline risk assessment for a 42-year-old male smoker and non-drinker who presented",
  "patient_concerns_preferences_consent": "Symptoms described: throat pain, hoarseness, dysphagia, mild weight loss. Risk factors: tobacco use (smokeless, occasional smoking), alcohol use",
  "safety_issues_red_flags": "Red flags include persistent throat pain, hoarseness, dysphagia, worsening nighttime symptoms, or new neck lump. These warrant urgent",
  "coding_terms": "Cancer risk category: High-risk due to combined tobacco/alcohol use; HPV risk acknowledged but not confirmed. Dx"
}