{
  "patient_identifiers": "Name not provided in the dialogue. The conversation focuses on presenting symptoms and basic risk-factor discussion without identifying an individual.",
  "demographics": {
    "age": "35-year-old patient.",
    "sex": "The patient’s gender is male. No other details were given."
  },
  "visit": {
    "date_time": "The visit occurred sometime between March 1st and April 1st, with no specific date given. The clinician noted that the",
    "type": "It was an outpatient clinic visit focused on evaluating a head-and-neck symptom profile and planning diagnostic"
  },
  "chief_complaint": "Persistent throat pain with hoarseness and mild dysphagia over several weeks, along with prolonged smokeless tobacco use and occasional alcohol",
  "onset_duration": "Symptoms started around three weeks ago, with hoarseness and mild dysphagia. No definitive diagnosis yet. The next step is an",
  "symptom_description": "Persistent throat discomfort, voice change, mild swallowing difficulty, no fever or significant weight loss. Headache occasionally reported. No major systemic",
  "aggravating_factors": "Dietary triggers like spicy foods, hot beverages, and certain dairy products can exacerbate throat irritation and hoarseness. Avoiding these may",
  "relieving_factors": "Oral care, hydration, balanced diet, adequate rest, and avoiding irritants. Skin care may help with drying. Soft textures and small",
  "associated_symptoms": [
    "Hoarseness, throat pain, dysphagia, fatigue, weight loss, night sweats, coughing",
    "no fever. Headache, ear fullness, chest discomfort noted occasionally. Skin changes reported in"
  ],
  "past_medical_history": "No prior medical history noted. The focus is on current symptoms, risk factors, diagnostic plan, and treatment considerations. No specific",
  "past_surgical_history": "No prior surgeries were performed. The focus was on presenting symptoms and risk factors rather than",
  "family_history": "Family history was not explicitly reported in the dialogue. No specific family history was noted. The",
  "current_medications": [
    "No medications listed yet",
    "we'll provide them once they're identified. The next question asks specifically about current medications. We'll wait for that before providing"
  ],
  "allergies": "None known allergy noted. Allergy history will be collected at",
  "social_history": "Past tobacco use: Smokeless tobacco (khaini/gutkha) used daily for several years; intermittent cigarette smoking; no heavy alcohol use.",
  "functional_status": "Symptoms: throat pain for ~three weeks, hoarseness, mild dysphagia; no fever or significant weight loss reported.",
  "vital_signs": "- Blood pressure: 120/80 mmHg; heart rate: 60 bpm; no other significant abnormalities noted. No fever or chest",
  "examination_findings": "No visible lesions detected at the current visit. No abnormal findings reported. The next step would likely be",
  "investigations": [
    "Oral examination and laryngoscopy",
    "FNAC if suspicious lesions found. - Neck lymph node assessment",
    "possible biopsy if indicated. - Imaging: CT/MRI to determine tumor size, locati"
  ],
  "assessment_primary_diagnosis": "Primary diagnosis is suspected throat cancer due to persistent hoarseness, throat pain, and tobacco/alcohol",
  "differential_diagnoses": [
    "Cancer-related differentials include non-malignant conditions like chronic sinusitis, cystic lymphadenopathy, or benign tumors. The differential also"
  ],
  "management_plan": "- Amit Kumar undergoes ENT evaluation with targeted imaging/biopsy and an MDT-driven staged plan. Key elements include: - Oral exam and laryngoscopy;",
  "tests_referrals_planned": [
    "Oral exam and laryngoscopy",
    "FNAC if suspicious lesion found. - CT/MRI for staging",
    "biopsy if indicated. - HPV testing considered",
    "vaccination status reviewed. - Dental evaluation"
  ],
  "follow_up_plan": "- Follow-up plan outlines a structured pathway for Amit Kumar’s evaluation and management: - First visit:",
  "chronology_response_to_treatment": "The conversation describes an ongoing series of questions and responses focused on a patient named Amit Kumar who",
  "patient_concerns_preferences_consent": "Symptoms: throat pain for ~three weeks, hoarseness, mild dysphagia; no fever or significant weight loss reported. No major",
  "safety_issues_red_flags": "Red flags noted include persistent sore throat, hoarseness lasting longer than two weeks, progressive voice changes, unintentional weight",
  "coding_terms": "Yes, TNM codes were used; common ones include Stage III (large primary + involved neck nodes);"
}