{
  "patient_identifiers": "Name not provided in the dialogue. The patient is described as a 52-year-old male with persistent throat pain, hoarseness, dysphagia,",
  "demographics": {
    "age": "The patient is 52 years old.",
    "sex": "The patient is male."
  },
  "visit": {
    "date_time": "The visit occurred on October 1st, 2025. The exact date was not specified in the prompt. So I'll use \"October",
    "type": "It was an outpatient clinic visit focused on history-taking, physical examination, and planning for imaging and"
  },
  "chief_complaint": "Chief complaint: persistent throat pain, hoarseness, difficulty swallowing, and weight loss over several months. No fever or night sweats reported.",
  "onset_duration": "The symptoms started around two weeks ago, so they’ve been present for about four weeks. The exact timeline isn’t clear",
  "symptom_description": "Persistent throat discomfort, voice change, difficulty swallowing, weight loss. No fever or night sweats noted yet. These are red flags",
  "aggravating_factors": "Diet low in protein, fat, and fiber; dehydration; dry mouth; fatigue; poor sleep; anxiety about diagnosis and treatment. These exacerbate",
  "relieving_factors": "Dietary adjustments, hydration, and gentle exercise help manage symptoms during treatment. A balanced diet rich in fruits/vegetables, adequate protein, and",
  "associated_symptoms": [
    "Persistent throat discomfort - Hoarseness - Weight loss - Dysphagia (dysphagia) - Oral dryness - Fatigue - Nighttime coughing - Mouth ulcers - Painful swallowing - Difficulty eat"
  ],
  "past_medical_history": "No prior medical history was recorded. The focus remains on current symptoms, diagnostic plan, and treatment options based on findings.",
  "past_surgical_history": "Surgical history was not provided in this exchange. The summary focuses on presenting symptoms, diagnostic plan,",
  "family_history": "Family history was not explicitly mentioned in the dialogue. The clinician noted that if there were",
  "current_medications": [
    "No medication listed yet",
    "N/A for now. The doctor will provide specific medications once results come back. If you have any questions before then"
  ],
  "allergies": "Allergies: None known. N/A if none.",
  "social_history": "Social history includes long-term tobacco use (smoking and smokeless forms) and alcohol consumption (about 3–4 glasses per day).",
  "functional_status": "The patient has persistent throat pain, hoarseness, dysphagia, and weight loss. The immediate plan includes a",
  "vital_signs": "Age: 52 years old; no known allergies; no current medications. No blood pressure measurement noted yet. Temperature and",
  "examination_findings": "No visible mucosal lesions during the exam. Voice quality stable; no obvious swelling noted. Imaging was deferred until",
  "investigations": [
    "Oral examination and laryngoscopy today. - CT/MRI imaging within about one week. - HPV vaccination discussion contingent on age/risk factors. - Nutritional evaluation and possibl"
  ],
  "assessment_primary_diagnosis": "Primary diagnosis not yet established. The patient presents with persistent throat pain, hoarseness, dysphagia,",
  "differential_diagnoses": [
    "cervical lymph node pathology",
    "thyroiditis",
    "inflammatory conditions",
    "malignancy",
    "NOS",
    "NOS"
  ],
  "management_plan": "- Plan summary: - Immediate step: comprehensive oral/pharyngeal exam today; laryngoscopy if indicated. - Imaging: CT/MRI within about a week after initial",
  "tests_referrals_planned": [
    "Oral examination today",
    "possible endoscopy if findings warrant. - CT/MRI imaging within about one week after initial assessment. - HPV vaccination discussed",
    "age-dependent decisi"
  ],
  "follow_up_plan": "Follow-up plan includes: - Three-month interim visits starting today, with more frequent checks if symptoms worsen.",
  "chronology_response_to_treatment": "Patient undergoes comprehensive evaluation including oral/pharyngeal exam, possible laryngoscopy, and CT/MRI imaging; HPV vaccination discussed as an option",
  "patient_concerns_preferences_consent": "Patient expressed concern about tobacco use and alcohol consumption, asking for cessation plans and advice. There was no",
  "safety_issues_red_flags": "Red flags include persistent sore throat lasting more than two weeks, new lump in the neck, non-healing mouth",
  "coding_terms": "TNM codes: Tumor size (T), Nodes (N), Metastasis (M); codes range from 01-30. Stage I-IV determined"
}