{
  "patient_identifiers": "The patient's name was not explicitly stated in the dialogue. The conversation focused on his symptoms, risk factors, and initial",
  "demographics": {
    "age": "The patient is 42 years old.",
    "sex": "The patient is female. No other gender was specified."
  },
  "visit": {
    "date_time": "The visit occurred sometime between March 15th and March 31st, with some time gaps due to delays. The exact date",
    "type": "It was an in-person visit with some telemedicine elements. The doctor performed physical exams and took"
  },
  "chief_complaint": "Persistent throat/mouth discomfort with hoarseness for several days, along with heavy tobacco exposure. No other major symptoms reported at this",
  "onset_duration": "The symptoms started around three to four days ago, with hoarseness noted. There was no mention of a specific duration",
  "symptom_description": "Persistent throat/mouth discomfort with hoarseness over several days, along with heavy tobacco exposure (khaini/gutkha, cigarettes/beedis/hookah). No other major symptoms reported",
  "aggravating_factors": "Persistent throat/mouth discomfort, hoarseness, and intermittent coughing during meals. These symptoms suggest an underlying condition that needs careful evaluation. The",
  "relieving_factors": "The patient reports throat pain and hoarseness that persists over several days. The clinician emphasizes that these symptoms could indicate",
  "associated_symptoms": [
    "Persistent throat/mouth discomfort",
    "hoarseness",
    "intermittent cough",
    "weight loss",
    "fatigue",
    "sleep disturbance"
  ],
  "past_medical_history": "No prior medical history was reported in this conversation. The focus was on current symptoms, diagnostic plan, and treatment considerations",
  "past_surgical_history": "No prior surgery was performed by the patient. The focus remains on current symptoms, diagnostic plan,",
  "family_history": "Family history was not explicitly reported in the dialogue. The clinician did not provide details about",
  "current_medications": [
    "No medications listed at this time. The conversation focuses on physical symptoms, risk factors, and diagnostic steps rather than medication details. If medications were"
  ],
  "allergies": "None of the patients mentioned known food allergies or other",
  "social_history": "Tobacco exposure: Heavy daily use of khaini/gutkha and cigarettes/beedis/hookah; intermittent alcohol use; dual-use pattern observed. Alcohol increases risk",
  "functional_status": "Rajib undergoes an initial ENT-focused evaluation including oral/pharyngeal exam, laryngoscopy, and blood tests. HPV testing is",
  "vital_signs": "Blood pressure: 130/85 mmHg; heart rate: 70 bpm; no other significant changes reported. No immediate urgent issues identified",
  "examination_findings": "No visible mucosal lesions detected during the oral/laryngoscopic examination. No abnormality reported by endoscopy. HPV testing was deferred",
  "investigations": [
    "Oral examination and laryngoscopy planned",
    "blood tests ordered today",
    "HPV testing optional",
    "imaging/biopsy contingent on results. - Imaging options: CT/MRI",
    "biopsy if indicated b"
  ],
  "assessment_primary_diagnosis": "Primary diagnosis is suspected mucosal lesion due to chronic throat symptoms and elevated HPV",
  "differential_diagnoses": [
    "Chronic rhinosinusitis with upper airway irritation - Epithelial disorders like lichen planus or pemphigus-like lesions"
  ],
  "management_plan": "- Plan summary: - Step-wise evaluation: oral/throat exam, laryngoscopy, blood tests, HPV testing as indicated. - Imaging/biopsy contingent on results; HPV status",
  "tests_referrals_planned": [
    "ENT referral for laryngoscopy",
    "HPV testing as indicated by findings",
    "CBC and liver function tests",
    "chest X-ray if indicated",
    "dental screening",
    "nutritional counseling"
  ],
  "follow_up_plan": "- Follow-up plan includes: - Complete initial assessments (oral exam, laryngoscopy, blood tests) today. - Results",
  "chronology_response_to_treatment": "Patient has completed an initial visit with a structured plan: step-by-step evaluation, emphasis on cessation of tobacco/alcohol, dietary",
  "patient_concerns_preferences_consent": "Patient concerns: Persistent throat/mouth discomfort with hoarseness; heavy tobacco exposure (khaini/gutkha, cigarettes/beedis/hookah); occasional alcohol use. No major health",
  "safety_issues_red_flags": "Red flags mentioned during the visit: - Persistent sore throat for more than 3–4 days. - Hoarseness lasting",
  "coding_terms": "CPT: Head-and-neck cancer, Tobacco/alcohol exposure, HPV-related risks, dental health, dietary guidance, HPV testing, vaccination discussion, screening/testing"
}