{
  "patient_identifiers": "The patient’s name was not provided in the dialogue. The conversation focused on identifying risk factors, assessing symptoms, and outlining",
  "demographics": {
    "age": "45 years old.",
    "sex": "The patient’s gender is male. No other details were provided"
  },
  "visit": {
    "date_time": "The visit occurred on October 3, 2025, around 10:00 AM. The date was explicitly stated. No other dates were provided.",
    "type": "It was an in-person visit focused on initial risk-factor assessment, symptom review, and planning for diagnostic"
  },
  "chief_complaint": "Persistent cough with hoarseness, no fever or weight loss, ongoing tobacco/alcohol use. No other major symptoms noted. The focus is",
  "onset_duration": "Three to four weeks, with intermittent hoarseness noted. No weight loss or fever reported. The focus remains on risk-factor modification",
  "symptom_description": "Persistent cough, occasional hoarseness, mild throat discomfort, no fever or weight loss. No major new symptoms noted yet. Head and",
  "aggravating_factors": "Dietary triggers such as fried foods, spicy items, and heavy alcohol consumption exacerbate throat irritation and potential ulcers. These habits",
  "relieving_factors": "The main symptom relief strategies mentioned include avoiding irritants, maintaining good oral hygiene, eating a diet rich in fruits and",
  "associated_symptoms": [
    "Persistent cough for ~3–4 weeks",
    "occasional hoarseness",
    "no fever or weight loss",
    "no other significant symptoms noted. These features raise suspicion for possible malignancy in th"
  ],
  "past_medical_history": "No prior medical history provided. The focus remains on current symptoms, risk factors, and planned diagnostic workup rather than past",
  "past_surgical_history": "No prior surgery was performed. The focus remains on current symptoms, risk factors, and planned diagnostic",
  "family_history": "Family history was not provided in the dialogue. The conversation focused on current symptoms, risk factors,",
  "current_medications": [
    "No medication listed yet",
    "we'll provide a complete list once the exam reveals findings. Right now, I'm ready to help you fill out the"
  ],
  "allergies": "None of the listed items are known allergies. If there",
  "social_history": "Tobacco: Daily cigarette smoking (2–3/day); smokeless tobacco (gutka/pan masala) used occasionally. Alcohol: Two days per week, up to",
  "functional_status": "The summary captures the core elements of the dialogue: - Presenting symptoms and risk factors -",
  "vital_signs": "- Blood pressure: 130/85 mmHg; heart rate 70 bpm; respiratory rate normal; oxygen saturation 98% room air; overall",
  "examination_findings": "No exam was performed in this conversation. The focus was on risk-factor assessment, HPV education, and an initial",
  "investigations": [
    "ENT exam including throat/larynx inspection",
    "laryngoscopy if indicated. - CT or MRI to assess tumor size/location and spread. - FNAC (fine-needle aspiration cytology) of neck lym"
  ],
  "assessment_primary_diagnosis": "Primary diagnosis is suspected based on symptoms and risk factors, but definitive diagnosis requires",
  "differential_diagnoses": [
    "Cancer differential diagnoses include lung cancer, head and neck cancer, esophageal disease, and other malignancies. HPV-related"
  ],
  "management_plan": "- Plan structure: - Step-by-step diagnostic pathway: ENT exam → CT/MRI → biopsy if indicated → TNM staging → multidisciplinary team (MDT)",
  "tests_referrals_planned": [
    "ENT exam including throat/laryngoscopy",
    "CT/MRI if indicated",
    "HPV testing if clinically indicated",
    "blood tests as appropriate",
    "biopsy if suspicious lesions detected",
    "FNAC if neck"
  ],
  "follow_up_plan": "- Plan summary: - Next steps: complete initial exam today, obtain imaging/biopsy as indicated, review results",
  "chronology_response_to_treatment": "Patient has completed an initial risk-factor-focused intake and plans immediate diagnostic workup including CT/MRI and possible biopsy based",
  "patient_concerns_preferences_consent": "- Patient reports ongoing cough for ~3–4 weeks, mild hoarseness, and no fever or weight loss. No other",
  "safety_issues_red_flags": "Red flags include persistent cough over several weeks, hoarseness, neck lump, dysphagia, unintentional weight loss, or new-onset breathing",
  "coding_terms": "Cancer type: Head and neck cancer; HPV-related risk; tobacco/alcohol risk-factor focus; possible HPV testing depending on"
}