{
  "patient_identifiers": "The patient's name was not explicitly given in the summary. The conversation focused on the patient’s age, presenting symptoms, and",
  "demographics": {
    "age": "The patient’s age is 45.",
    "sex": "The patient’s gender is male. No other relevant information was"
  },
  "visit": {
    "date_time": "The visit occurred sometime between March 1st and April 1st, with some dates overlapping. Exact day/month isn't specified. The main",
    "type": "It was an outpatient follow-up visit for a head-and-neck cancer patient who had undergone radiotherapy. The"
  },
  "chief_complaint": "Chief complaint: Sore throat and mild dysphagia with fatigue. No other major symptoms reported.",
  "onset_duration": "The patient presented with throat discomfort and dysphagia for several weeks before starting radiotherapy. No explicit timeline was given for",
  "symptom_description": "Persistent sore throat, mild dysphagia, fatigue, occasional night sweats. No major acute distress reported yet. These are key clues prompting",
  "aggravating_factors": "Fatigue, dehydration, poor appetite, weight loss, sleep disturbances, irritability, dry mouth, throat irritation, swallowing difficulties, coughing, chest discomfort, skin changes,",
  "relieving_factors": "The main symptom relief focus is nutrition and swallowing rehabilitation. Patients should aim for soft, high-protein, high-calorie foods (khichdi, dal,",
  "associated_symptoms": [
    "Sore throat",
    "fatigue",
    "night sweats",
    "weight loss",
    "persistent cough",
    "nasal congestion"
  ],
  "past_medical_history": "Past medical history was limited. No prior cancer diagnosis or active chronic conditions were reported. The focus was on current",
  "past_surgical_history": "Surgical history was missing. No surgical history reported. The rest of the conversation focuses on current",
  "family_history": "Family history was not explicitly reported in the conversation. There is no summary of family history",
  "current_medications": [
    "Medications listed today: None known. If there were medications, they would appear here separated by semicolons. If none, just \"None\" will be noted. If"
  ],
  "allergies": "None of the patient has known allergies. They have no",
  "social_history": "Social history: Raj Kumar has been smoking cigarettes and occasional hookah; he uses bidi and gutka occasionally. He",
  "functional_status": "The summary highlights key events, symptoms, diagnosis, and planned management for this head-and-neck cancer case: -",
  "vital_signs": "Blood pressure: 120/80 mmHg; heart rate: 70 bpm; respiratory rate: 16 breaths per minute; oxygen saturation: 98% room",
  "examination_findings": "Examination findings were not reported in this brief encounter. The conversation focused on presenting symptoms and planned diagnostic",
  "investigations": [
    "Biopsy/FNAC, CT/MRI, endoscopy, blood tests, HPV testing, nutritional screening, dental clearance, referral to oncology, psychosocial support, language-accessible information, and"
  ],
  "assessment_primary_diagnosis": "Primary diagnosis: Head-and-neck cancer, likely involving the tongue, palate, or base of the mouth.",
  "differential_diagnoses": [
    "Cancerous vs non-cancerous differential: - Cervical cancer: Head and neck location, odynophagia, possible weight loss, neck"
  ],
  "management_plan": "- Raj Kumar’s plan focuses on timely diagnostics, staged treatment planning, and comprehensive supportive care, with strong emphasis on nutrition, swallowing rehabilitation,",
  "tests_referrals_planned": [
    "Biopsy/FNAC, CT/MRI, endoscopy, blood tests, HPV testing, nutritional screening, dental clearance, referral to oncology, palliative care consultation, psychosocial support, languag"
  ],
  "follow_up_plan": "The follow-up plan focuses on continued monitoring and management of Raj Kumar’s head-and-neck cancer, with attention",
  "chronology_response_to_treatment": "The conversation describes a patient undergoing radiotherapy for head-and-neck cancer who received a series of supportive care steps,",
  "patient_concerns_preferences_consent": "Consent given for MRI scan; no immediate adverse reactions reported; MRI scheduled for tomorrow morning at 9 am.",
  "safety_issues_red_flags": "Red flags to watch out for during this period include persistent throat pain, worsening swallowing difficulties, significant weight",
  "coding_terms": "TNM codes: Tumor (T), Node (N), Metastasis (M). Codes range from 1–4 based on extent. Examples:"
}