{
  "patient_identifiers": "The patient's name was not provided in the conversation. The primary focus was on the patient’s age, risk factors, and",
  "demographics": {
    "age": "The patient’s age is 55.",
    "sex": "The patient’s gender is male. No other details were provided"
  },
  "visit": {
    "date_time": "The visit occurred sometime between March 1st and April 1st, but no specific date was given. The patient's condition was",
    "type": "It was an outpatient visit with a head-and-neck cancer-focused assessment and discussion of possible biopsy and"
  },
  "chief_complaint": "Chief complaint: Persistent throat pain, voice change, difficulty swallowing, and weight loss over several months. No fever or significant systemic",
  "onset_duration": "The patient presents with throat pain, hoarseness, dysphagia, and weight loss over several months. The exact duration isn’t specified in",
  "symptom_description": "Persistent throat discomfort, voice change, difficulty swallowing, weight loss, no fever, mild fatigue. No new symptoms reported since last visit.",
  "aggravating_factors": "Dietary triggers: hot/spicy foods, very salty foods, fried items, dairy products, caffeine, tobacco/alcohol exposure, and certain fruits/vegetables that irritate the",
  "relieving_factors": "The patient reports throat pain, hoarseness, dysphagia, and weight loss. The primary relief strategy is voice rest, soft diet, adequate",
  "associated_symptoms": [
    "Persistent throat discomfort - Hoarseness - Weight loss - Dysphagia - Painful swallowing - Mouth ulcers or sores - Night-time coughing - Fatigue - Dry mouth - Taste changes - Swa"
  ],
  "past_medical_history": "No prior medical history provided. The focus remains on current symptoms, risk factors, and planned diagnostics/treatment pathway. No specific past",
  "past_surgical_history": "No prior surgery was reported. The patient presented with throat pain, hoarseness, dysphagia, and weight loss.",
  "family_history": "Family history was not provided in the dialogue. The patient’s age and tobacco exposure were noted",
  "current_medications": [
    "No medications listed at this time",
    "no medication details provided. The patient has been evaluated for cancer risk and is undergoing investigations without"
  ],
  "allergies": "None of the patient’s known allergies were mentioned in the",
  "social_history": "- Tobacco exposure: Long-term heavy tobacco use (smoking ~30 years). Occasional alcohol use. - HPV awareness: Not familiar",
  "functional_status": "- The patient has been evaluated for head-and-neck cancer with risk factors including tobacco exposure and",
  "vital_signs": "- Baseline vitals: Blood pressure 120/80 mmHg, heart rate 70 bpm, respiratory rate 16 breaths per minute, temperature",
  "examination_findings": "No visible pathology found at the initial examination. The patient reports throat pain, hoarseness, dysphagia, and weight loss",
  "investigations": [
    "Oral exam and laryngoscopy",
    "biopsy if indicated",
    "imaging as needed",
    "pathology results in 3–7 days",
    "CT/MRI in 1–4 days",
    "MDT discussion to determine stage and treatment plan. HPV t"
  ],
  "assessment_primary_diagnosis": "Primary diagnosis is head-and-neck cancer due to persistent throat pain, voice change, and weight",
  "differential_diagnoses": [
    "Laryngeal cancer: possible cause of voice change and swallowing difficulties. - Esophageal cancer: associated with"
  ],
  "management_plan": "- A brief summary of the patient’s management plan: - Diagnosis and risk assessment: The patient has multiple risk factors (long-term tobacco",
  "tests_referrals_planned": [
    "Oral/pharyngeal exam",
    "laryngoscopy",
    "imaging as indicated",
    "biopsy if indicated",
    "pathology report in 3–7 days",
    "FNAC if cancer suspected"
  ],
  "follow_up_plan": "- Follow-up plan includes: - Next step: complete endoscopy and biopsy; results in 3–7 days. -",
  "chronology_response_to_treatment": "The conversation does not contain any explicit responses regarding patient progress or outcomes. The dialogue focuses on the",
  "patient_concerns_preferences_consent": "Consent process and patient concerns - Consent was obtained before procedures; no prior consent provided. - Patient expressed",
  "safety_issues_red_flags": "Red flags noted: persistent sore throat, voice change, difficulty swallowing, unintentional weight loss, new lump in the neck,",
  "coding_terms": "Cancer type: Head-and-neck cancer; risk factor: tobacco exposure; HPV testing considered; biopsy planned; imaging (CT/MRI) planned;"
}