{
  "patient_identifiers": "Roshan Kumar, 45, Guwahati, India. He has been referred for an oral/throat exam and possible biopsy/imaging based on findings. HPV",
  "demographics": {
    "age": "Patient is 45 years old.",
    "sex": "The patient’s gender is unspecified. No explicit mention of gender"
  },
  "visit": {
    "date_time": "The visit occurred sometime between March 1st and April 1st, but no specific date was given. The overall timeline was",
    "type": "It was an outpatient visit with telemedicine components. The doctor performed physical exam and took notes;"
  },
  "chief_complaint": "Persistent throat discomfort with voice change and dysphagia for ~two weeks. No fever, no significant weight loss reported yet. Head-and-neck",
  "onset_duration": "Symptoms started around two weeks ago, with persistent throat pain, hoarseness, difficulty swallowing, and mild weight loss. No definitive diagnosis",
  "symptom_description": "Persistent throat irritation, hoarseness, dysphagia, weight loss, intermittent cough, mild breathing discomfort. These were the primary symptoms described by the",
  "aggravating_factors": "Persistent throat irritation, hoarseness, and persistent voice change persistently over several weeks.",
  "relieving_factors": "Relief strategies include warm saltwater gargles, humidified air, gentle jaw rest, and avoiding irritants like spicy foods. Pain relief can",
  "associated_symptoms": [
    "Persistent throat irritation - Hoarseness - Weight loss - Dysphagia (difficulty swallowing) - Fatigue - Night-time coughing - Mouth pain or discomfort - Swallowing difficulties"
  ],
  "past_medical_history": "No prior medical history noted. The focus is on current symptoms, risk factors, and planned diagnostics/treatment. No specific past conditions",
  "past_surgical_history": "No surgical history was recorded in this dialog. The focus was on current symptoms, risk factors,",
  "family_history": "Family history was not explicitly reported in this conversation. The focus remains on current symptoms, risk",
  "current_medications": [
    "No medications listed yet. The conversation ends without specifying any current medications. If you need this information later, please ask me directly. The rest"
  ],
  "allergies": "Allergies noted: No known food allergies. N/A if none. If",
  "social_history": "Past history: No known past tobacco/alcohol use reported. No specific family history noted. The focus remains on current",
  "functional_status": "- Roshan Kumar undergoes an ENT-focused evaluation including laryngoscopy and biopsy if needed. HPV testing is",
  "vital_signs": "Blood pressure: 120/80 mmHg; heart rate 70 bpm; no other significant lab values noted. No acute distress reported.",
  "examination_findings": "No visible lesions were found during the oral/throat exam. The clinician noted that further imaging or biopsy would",
  "investigations": [
    "ENT examination and/or endoscopy",
    "CT/MRI imaging",
    "FNAC/endoscopic ultrasound if indicated",
    "HPV testing",
    "Blood tests (CBC, liver/kidney function)",
    "Dental clearance"
  ],
  "assessment_primary_diagnosis": "Primary diagnosis is stage III head and neck cancer based on TNM staging. Stage",
  "differential_diagnoses": [
    "Cancer differential: - Head and neck malignancy: possible causes include squamous cell carcinoma, adenoid cystic carcinoma"
  ],
  "management_plan": "- Plan highlights: - Primary goal: early detection and timely intervention based on TNM staging. - Stages I–II: usually managed by surgery",
  "tests_referrals_planned": [
    "ENT examination and possible endoscopy",
    "CT/MRI imaging if indicated by exam",
    "HPV testing as part of screening",
    "Blood tests (CBC, liver function tests)",
    "Nutritional status"
  ],
  "follow_up_plan": "- Follow-up plan based on stage: - Stage I-II: outpatient follow-up every 3 months; endoscopy/laryngoscopy as",
  "chronology_response_to_treatment": "The MDT discussion has concluded; the team plans to summarize the TNM staging and outline the proposed treatment",
  "patient_concerns_preferences_consent": "- Patient had no explicit consent recorded in the dialogue. Consent was not obtained before the session. The",
  "safety_issues_red_flags": "Red flags include persistent hoarseness lasting more than two weeks, new lump in the neck, non-healing mouth ulcers,",
  "coding_terms": "TNM stage, HPV testing, biopsy, imaging, MDT, prognosis, supportive care, dietary guidelines, financial assistance, tobacco-cessation program,"
}