{
  "patient_identifiers": "The patient's name was not provided in the conversation. The primary focus was on risk factors, symptoms, and planned investigations",
  "demographics": {
    "age": "Patient is 54 years old.",
    "sex": "The patient’s gender is female. No other details were provided."
  },
  "visit": {
    "date_time": "The visit occurred sometime between March 1st and March 8th, with no specific date given. The patient was seen for",
    "type": "The visit was an outpatient consultation with a planned physical exam and potential biopsy. No imaging"
  },
  "chief_complaint": "Chief complaint: Persistent throat pain with hoarseness, dysphagia, fatigue, and weight loss over about two weeks. No fever reported. No",
  "onset_duration": "The patient reports throat pain, hoarseness, dysphagia, fatigue, and weight loss over about two weeks. No specific date for symptom",
  "symptom_description": "Persistent throat discomfort with hoarseness, dysphagia, fatigue, and unintentional weight loss. No clear diagnosis yet. Risk factors include tobacco and",
  "aggravating_factors": "The patient’s symptoms worsen with hot food, spicy foods, and cold weather. These triggers exacerbate throat irritation, hoarseness, and dysphagia.",
  "relieving_factors": "The patient reports throat pain, hoarseness, dysphagia, fatigue, and weight loss. The clinician emphasizes that these symptoms suggest an underlying",
  "associated_symptoms": [
    "Persistent throat discomfort with hoarseness",
    "dysphagia",
    "fatigue",
    "weight loss",
    "intermittent cough",
    "mild fever"
  ],
  "past_medical_history": "No prior medical history provided. The focus is on current symptoms, risk factors, and planned investigations leading toward diagnosis and",
  "past_surgical_history": "Surgical history was not provided in this encounter. The focus was on risk factors, symptoms, and",
  "family_history": "Family history was not provided in this session. No specific family history-related details were noted. The",
  "current_medications": [
    "Medications listed today: None known. No current medications noted. The patient will undergo investigations and MDT discussion after results. If new meds arise later"
  ],
  "allergies": "Allergies noted: No known food allergies, no severe skin reactions,",
  "social_history": "- Social history: The patient reports heavy tobacco use (bidis and cigarettes) with occasional smoking. There’s no mention",
  "functional_status": "- Ramul Datta undergoes an oral/throat exam with possible biopsy and imaging depending on findings. He",
  "vital_signs": "- Baseline vitals: Blood pressure 120/80 mmHg; heart rate 60 bpm; respiratory rate 16 breaths/min; no fever noted.",
  "examination_findings": "Key findings from the examination: - Throat examination revealed no obvious swelling or lump; voice changes noted with",
  "investigations": [
    "Complete physical examination including oral/throat inspection and neck palpation. - Consider biopsy if indicated by exam/imaging. - FNAC (fine needle aspiration cytology) planne"
  ],
  "assessment_primary_diagnosis": "Primary diagnosis was not established in this brief encounter. The patient presented with throat",
  "differential_diagnoses": [
    "Throat infection with inflammation - Laryngeal papilloma - Lymphadenopathy - Suspicious lesion requiring biopsy"
  ],
  "management_plan": "- Short summary of planned management (risk reduction, screening, and supportive care) - Immediate actions and priorities - Complete risk-factor questionnaire today;",
  "tests_referrals_planned": [
    "ENT examination with possible endoscopy",
    "biopsy if lesion detected",
    "FNAC if appropriate. - Imaging: CT/MRI as indicated by exam/imaging",
    "PET-CT considered for advanced disease"
  ],
  "follow_up_plan": "- Follow-up plan after biopsy and imaging: - Schedule a second opinion with MDT (surgeon, medical",
  "chronology_response_to_treatment": "Patient history summary provided: Ramul Datta, 54, presents with throat pain, dysphagia, fatigue, and weight loss over ~two",
  "patient_concerns_preferences_consent": "- Patient concerns and consent: - Painful mouth ulcers with swelling and bleeding; no fever or significant weight",
  "safety_issues_red_flags": "Red flags noted: persistent voice changes, worsening dysphagia, significant weight loss, new lump in neck, fever with respiratory",
  "coding_terms": "Cancer type: Head-and-neck cancer; HPV-related risk factor; tobacco/alcohol history; dysphagia with weight loss; no definitive diagnosis"
}