{
  "patient_identifiers": "Patient name isn't explicitly stated in this conversation. The primary focus was on symptoms, diagnostic plan, and planned investigations rather",
  "demographics": {
    "age": "The patient is 45 years old.",
    "sex": "The patient’s gender is unspecified. They identify as a 45-year-old"
  },
  "visit": {
    "date_time": "The visit occurred on October 3, 2025, at 9:00 AM. It was planned to start with an ENT examination followed",
    "type": "It was an in-person visit with a patient who presented with throat discomfort and hoarseness over"
  },
  "chief_complaint": "Persistent throat discomfort with hoarseness and difficulty swallowing for ~two weeks. No fever or weight loss reported. No recent dental",
  "onset_duration": "The patient presents with throat discomfort and hoarseness for about two weeks. There's no explicit mention of when these symptoms",
  "symptom_description": "Persistent throat discomfort, voice changes, difficulty swallowing, occasional coughing, no fever or weight loss at onset. These are typical signs",
  "aggravating_factors": "Tobacco products (smokeless, smoked, and alcohols); poor dental hygiene; inadequate fruit/vegetable intake; low fluid intake; environmental irritants (heat, dust). These",
  "relieving_factors": "The patient mentions relief from throat irritation and hoarseness when using warm water gargles and avoiding irritants like spicy foods.",
  "associated_symptoms": [
    "Persistent throat discomfort",
    "hoarseness",
    "difficulty swallowing",
    "occasional cough",
    "no fever or weight loss reported at this time. These are common signs prompting ENT evaluation"
  ],
  "past_medical_history": "No prior medical history was reported. The conversation focuses on current symptoms and planned diagnostic steps rather than past conditions.",
  "past_surgical_history": "No prior surgeries were performed at this visit. The patient’s main concern was persistent throat symptoms",
  "family_history": "Family history was not explicitly discussed in this conversation. There were no specific details about family",
  "current_medications": [
    "No medications listed at this time. The conversation focuses on symptoms, physical signs, and planned diagnostic steps rather than medication details. If medications were"
  ],
  "allergies": "Allergies noted: no known food allergies or severe skin reactions",
  "social_history": "Tobacco exposure: Past use of smokeless tobacco (khaini/gutkha/paan masala); past cigarette smoking; no regular smoking at this time.",
  "functional_status": "Short summary of the encounter: - Presenting symptoms: persistent throat discomfort, hoarseness, difficulty swallowing, mild voice",
  "vital_signs": "Blood pressure: 130/85 mmHg; heart rate: 70 bpm; no other significant lab values noted at this time. No",
  "examination_findings": "No visible mucosal lesions noted during the ENT exam at this visit. Laryngeal voice changes and mild swallowing",
  "investigations": [
    "ENT examination today or soon",
    "laryngoscopy if indicated",
    "CT/MRI imaging if abnormalities found. - Endoscopic biopsy considered if suspicious lesions seen during exam. - FNAC dis"
  ],
  "assessment_primary_diagnosis": "Primary diagnosis was not established at this visit. The patient presented with persistent throat",
  "differential_diagnoses": [
    "Chronic laryngeal pathology: chronic laryngitis, vocal cord paralysis, or recurrent laryngopharyngeal reflux can mimic throat"
  ],
  "management_plan": "- Plan highlights: - Symptom assessment: persistent throat discomfort, hoarseness, difficulty swallowing, mild dysphagia. - Diagnostic strategy: ENT exam today or soon;",
  "tests_referrals_planned": [
    "ENT examination today or soon",
    "laryngoscopy if indicated",
    "CT/MRI imaging if abnormalities found",
    "biopsy if suspicious lesions",
    "FNAC if neck lymph nodes involved",
    "blood tests as a"
  ],
  "follow_up_plan": "- Follow-up plan after initial ENT visit: - Schedule CT/MRI imaging if abnormalities are detected. -",
  "chronology_response_to_treatment": "Patient has been assessed for throat symptoms and no definitive diagnosis yet. Plan includes immediate ENT examination today",
  "patient_concerns_preferences_consent": "Consent and context: The conversation is about a patient who has been referred for ENT evaluation for persistent",
  "safety_issues_red_flags": "Red flags discussed during this visit include persistent hoarseness, voice changes, difficulty swallowing, and new neck swelling. These",
  "coding_terms": "Cancer-related codes discussed: head-and-neck cancers, HPV-related risks, tobacco/alcohol exposure, dental hygiene, nutritional counseling, and supportive care."
}