{
  "patient_identifiers": "Rajesh Kumar, 48, Kolkata, India. He has been experiencing throat irritation/groaning, hoarseness, difficulty speaking, and occasional coughing for about three",
  "demographics": {
    "age": "Patient is 48 years old.",
    "sex": "The patient’s gender is male. No other details were provided"
  },
  "visit": {
    "date_time": "The visit occurred sometime between March 2025 and April 2025, with no specific date given. The doctor’s actions were focused",
    "type": "It was an outpatient visit with no emergency signs. The team performed a thorough physical exam"
  },
  "chief_complaint": "Persistent throat irritation with hoarseness and difficulty speaking for about three months. No other major symptoms reported. The main concern",
  "onset_duration": "Symptoms started around three months ago with persistent throat irritation/groaning, hoarseness, difficulty speaking, and occasional coughing. No clear onset date",
  "symptom_description": "Persistent throat irritation with hoarseness, intermittent voice change, and mild swallowing discomfort over several months. No significant pain reported yet.",
  "aggravating_factors": "Persistent throat irritation, hoarseness, difficulty speaking, and occasional coughing during the past few months. These symptoms have been ongoing with",
  "relieving_factors": "Persistent throat irritation, hoarseness, and mild swallowing discomfort with meals; no severe pain or breathing issues reported. These symptoms suggest",
  "associated_symptoms": [
    "Persistent throat irritation/groaning",
    "hoarseness",
    "difficulty speaking",
    "occasional coughing",
    "no pain reported",
    "no fever or night sweats"
  ],
  "past_medical_history": "No prior medical history provided. The focus is on current symptoms, risk factors, and planned diagnostics/treatment. No specific past conditions",
  "past_surgical_history": "No prior surgeries were performed by the patient. The team will proceed with endoscopy and biopsy",
  "family_history": "Family history was not provided in this encounter. The conversation focused on current symptoms, risk factors,",
  "current_medications": [
    "No medications listed yet",
    "we’ll provide a complete medication list once tests are done. Right now, I'll summarize what's known so far: - Antihistamine:"
  ],
  "allergies": "Allergies: None known. N/A.",
  "social_history": "Past medical history: No prior cancer diagnosis reported. Past tobacco exposure: long-term use of khaini/gutkha with intermittent smoking.",
  "functional_status": "Patient has completed endoscopy with no immediate complications. No definitive diagnosis yet. Next steps involve pathology",
  "vital_signs": "- Blood pressure: 120/80 mmHg; heart rate: 70 bpm; no other immediate lab issues reported. No fever or",
  "examination_findings": "No exam was performed during this visit. The dialogue focuses on risk factors, potential diagnosis, and initial management",
  "investigations": [
    "Physical exam: full mouth/throat and neck inspection with palpation of lymph nodes. - Endoscopy: scheduled for today",
    "duration ~5–10 minutes",
    "local anesthesia",
    "potential mild dis"
  ],
  "assessment_primary_diagnosis": "Primary diagnosis was not established by the conversation. The patient presented with throat irritation,",
  "differential_diagnoses": [
    "Cancer differential considerations: - Head-and-neck malignancy: possible due to chronic throat symptoms with hoarseness and dysphagia"
  ],
  "management_plan": "- Plan highlights: - Immediate actions: conduct endoscopy with biopsy if indicated, obtain HPV vaccination eligibility data, arrange dental screening, implement oral",
  "tests_referrals_planned": [
    "Complete physical exam including oral cavity, pharynx, and neck lymph nodes. - Endoscopy with local anesthesia",
    "biopsy if suspicious lesions detected. - CT/MRI imaging to assess"
  ],
  "follow_up_plan": "- Follow-up plan: - Schedule endoscopy and biopsy dates; obtain required documents. - Review results within",
  "chronology_response_to_treatment": "Patient history summary provided: Rajesh Kumar, 48, with three-months of throat irritation/harsh voice, hoarseness, difficulty speaking, and intermittent",
  "patient_concerns_preferences_consent": "Consent received; no specific consent details provided. Patient plans to undergo endoscopy with potential biopsy and discuss HPV",
  "safety_issues_red_flags": "Red flags to watch during this visit: - Persistent sore throat with hoarseness lasting more than 3 weeks.",
  "coding_terms": "HPV-related risk factor: tobacco + alcohol; vaccination eligibility and cost considerations discussed; dental health and nutrition"
}