{
  "patient_identifiers": "The patient’s name was not explicitly stated in the dialogue. The conversation focused on his presentation and initial management rather",
  "demographics": {
    "age": "The patient’s age is 45 years old.",
    "sex": "The patient’s gender is unspecified. No explicit mention of sex"
  },
  "visit": {
    "date_time": "The visit occurred sometime between March 1st and April 1st, but no specific date was given. The clinician noted that",
    "type": "It was an in-person visit with a step-by-step plan for evaluating a head-and-neck cancer risk assessment."
  },
  "chief_complaint": "Persistent throat irritation, hoarseness, and weight loss over several weeks. No fever or significant systemic symptoms reported. The focus is",
  "onset_duration": "Three weeks. The timeline was established during the initial assessment. The exact duration wasn't asked but it's known that symptoms",
  "symptom_description": "Persistent throat irritation, hoarseness, mild dysphagia, weight loss over several weeks. No fever, no neck lump reported. Headache not prominent.",
  "aggravating_factors": "Hoarseness, throat irritation, weight loss, fatigue, dry mouth, taste changes, and persistent coughing. These can worsen over time and affect",
  "relieving_factors": "Oral mucosal soothing agents like saline rinses, chlorhexidine gargle, and topical anesthetics can help relieve discomfort during exams and procedures.",
  "associated_symptoms": [
    "Hoarseness, throat irritation, weight loss, dysphagia, fatigue, coughing, night sweats, dry mouth, taste changes, sleep disturbances, appetite changes, fatigue. N/A if no specifi"
  ],
  "past_medical_history": "No prior medical history was reported in this conversation. The focus was on current symptoms, risk factors, and initial diagnostic",
  "past_surgical_history": "No prior surgeries were reported. The focus was on current symptoms and risk-factor assessment rather than",
  "family_history": "Family history was not explicitly reported in this conversation. The focus was on current symptoms, risk",
  "current_medications": [
    "No medications listed at this time. The conversation focuses on initial assessment and planning rather than current medication lists. Medications would be added"
  ],
  "allergies": "None known allergy noted. Allergy history will be collected at",
  "social_history": "Past history: No prior tobacco exposure reported. The focus was on current tobacco use (smoking 2–3 cigarettes/day, smokeless",
  "functional_status": "Raj Kumar undergoes initial ENT exam with possible endoscopy and biopsy; imaging (CT/MRI/PET-CT) pending biopsy results.",
  "vital_signs": "- Blood pressure: 130/85 mmHg; heart rate 70 bpm; no chest pain reported. No fever noted. Normal range",
  "examination_findings": "No exam was conducted in this exchange. The conversation focused on risk assessment, lifestyle changes, and initial diagnostic",
  "investigations": [
    "ENT exam",
    "laryngoscopy if indicated",
    "biopsy if suspicious",
    "imaging (CT/MRI/PET-CT as appropriate) - FNAC possible for neck lump",
    "biopsy if FNAC inconclusive - Blood tests (CBC, l"
  ],
  "assessment_primary_diagnosis": "Primary diagnosis is suspected head-and-neck cancer due to persistent hoarseness, throat irritation, and weight",
  "differential_diagnoses": [
    "HPV-related cancers, throat infections, nutritional deficiencies, dental issues, systemic diseases (e.g., lymphoma). N/A if no differential"
  ],
  "management_plan": "- Raj Kumar undergoes initial ENT exam and endoscopy; biopsy and imaging planned if indicated. Pathology results in 1–2 days; imaging depends",
  "tests_referrals_planned": [
    "ENT exam",
    "possible laryngoscopy",
    "biopsy if indicated",
    "imaging (CT/MRI/PET-CT as needed) - Endoscopy if indicated",
    "biopsy if needed",
    "FNAC if required - Blood tests (CBC, liver fun"
  ],
  "follow_up_plan": "- Follow-up plan after initial assessment: - Complete Step 1 exam (oral/throat exam, possible endoscopy) within",
  "chronology_response_to_treatment": "The conversation outlines a step-by-step approach to evaluating suspected head-and-neck cancer in a 45-year-old man with tobacco exposure.",
  "patient_concerns_preferences_consent": "- Raj Kumar presents with throat irritation, hoarseness, mild dysphagia, and recent weight loss. He reports tobacco/alcohol exposure",
  "safety_issues_red_flags": "Red flags noted during this visit include persistent hoarseness, worsening throat discomfort, new neck lump, significant weight loss,",
  "coding_terms": "Step 1: Examination of the oral cavity and neck lymph nodes. Step 2: Biopsy of suspicious"
}