{
  "patient_identifiers": "Name not specified in the dialogue. The patient was identified through symptom description and history but no individual name was",
  "demographics": {
    "age": "The patient’s age is 35 years old.",
    "sex": "The patient’s gender is male. No explicit mention of gender"
  },
  "visit": {
    "date_time": "The visit occurred today, around 9:00 AM, with ENT examination, laryngoscopy, and neck lymph node assessment. FNAC/endoscopy was discussed as",
    "type": "It was an in-person visit with ENT examination, laryngoscopy, and neck lymph node assessment; no imaging"
  },
  "chief_complaint": "Chief complaint: Persistent throat discomfort with hoarseness and a sensation of obstruction when speaking. No fever, no significant weight loss",
  "onset_duration": "Symptoms started around two months ago with throat discomfort, hoarseness, and persistent cough. No clear date given yet. The current",
  "symptom_description": "Persistent throat discomfort with hoarseness, weight loss over weeks, and intermittent cough. No fever or significant systemic symptoms reported. These",
  "aggravating_factors": "Persistent throat discomfort, hoarseness, and gradual weight loss with no fever. These are typical signs that prompt evaluation for head-and-neck",
  "relieving_factors": "Pain relief strategies discussed include topical anesthetics, warm/hot water gargles, and gentle jaw rest. Soft, non-spicy foods help reduce irritation.",
  "associated_symptoms": [
    "Persistent throat discomfort - Hoarseness - Weight loss over several weeks - Dysphagia (difficulty swallowing) - Night-time cough - Fatigue - No clear lump detected by exam or im"
  ],
  "past_medical_history": "Past medical history noted briefly: no prior cancer diagnosis; no active smoking; alcohol use limited but occasional. No known allergies",
  "past_surgical_history": "No prior surgeries were performed. The current focus is on evaluating a suspected head-and-neck cancer with",
  "family_history": "Family history was not explicitly reported. The clinician noted that smoking history could influence risk but",
  "current_medications": [
    "Anticipated medications: Tylenol 600 mg twice daily",
    "Advantame 1 tablet once daily",
    "Alprazolam 0.15 mg nightly",
    "Paracetamol 650 mg every 4–6 hours as"
  ],
  "allergies": "Allergies noted: no known food allergies, but patient reports sensitivity",
  "social_history": "Social history: The patient reports smoking tobacco (khaini), chewing tobacco, and alcohol use. These risk factors are noted",
  "functional_status": "- Raju undergoes ENT exam, laryngoscopy, and neck lymph node assessment today. FNAC/biopsy and imaging planned",
  "vital_signs": "- Vital signs: Blood pressure 120/80 mmHg; heart rate 60 bpm; no other significant abnormalities noted. No fever",
  "examination_findings": "No exam performed yet; focus on symptom history and risk factors discussed. No diagnosis or treatment decisions made.",
  "investigations": [
    "ENT exam with laryngoscopy",
    "FNAC/endoscopic biopsy if suspicious lesions found",
    "imaging (CT/MRI) for staging",
    "HPV testing discussed but not mandatory unless indicated. - Tissue d"
  ],
  "assessment_primary_diagnosis": "Primary diagnosis was not specified in the dialogue. The focus was on symptom evaluation,",
  "differential_diagnoses": [
    "Chronic rhinosinusitis with possible mucosal inflammation - Lichen planus-like condition - Hypothyroidism-related symptoms - Infections"
  ],
  "management_plan": "- Plan highlights: - Immediate step: ENT exam with endoscopic view today; FNAC/biopsy if indicated. - Imaging: CT/MRI to define tumor size",
  "tests_referrals_planned": [
    "ENT exam with laryngoscopy",
    "FNAC/endoscopy if suspicious lesions found",
    "imaging (CT/MRI) for staging",
    "HPV testing discussed but not mandatory unless indicated",
    "biopsy results in"
  ],
  "follow_up_plan": "- Follow-up plan after initial evaluation: - Next step: ENT exam, laryngoscopy, and neck lymph node",
  "chronology_response_to_treatment": "Patient has undergone ENT exam, laryngoscopy, and neck lymph node assessment today. Biopsy/FNAC and imaging planned if indicated.",
  "patient_concerns_preferences_consent": "Consent process: The patient consented to proceed with imaging and biopsy. He expressed willingness to undergo procedures and",
  "safety_issues_red_flags": "Red flags discussed include persistent hoarseness, progressive difficulty swallowing, unilateral ear fullness, non-healing ulcers, unintentional weight loss, and",
  "coding_terms": "Cancer type: Head and neck cancer; possible stage I–IV depending on pathology and imaging. HPV testing"
}