{
  "patient_identifiers": "Mr. Rajesh Kumar, 46, farmer, with throat pain, hoarseness, fatigue, and weight loss. No clear diagnosis yet. Risk factors include",
  "demographics": {
    "age": "The patient’s age is 46 years old.",
    "sex": "The patient’s gender is female."
  },
  "visit": {
    "date_time": "The visit occurred on Day 1 of the series, with endoscopy scheduled today. The full date was not provided in",
    "type": "The visit involved an endoscopy with biopsy/fnac under local anesthesia, followed by imaging (CT/MRI) and a"
  },
  "chief_complaint": "Persistent throat pain with hoarseness and difficulty speaking for about 2 weeks. No fever or significant weight loss reported yet.",
  "onset_duration": "Symptoms started around 2 weeks ago with throat pain, hoarseness, difficulty speaking, and mild weight loss. No clear date given",
  "symptom_description": "Persistent throat pain with hoarseness, fatigue, and unintended weight loss. No fever or significant systemic symptoms reported. These features suggest",
  "aggravating_factors": "Persistent cough, throat discomfort, and voice changes persistently over time, especially with heavy smoke exposure.",
  "relieving_factors": "The main symptom relief strategies mentioned are hydration, oral care, and dietary adjustments. Specific recommendations include maintaining adequate fluid intake,",
  "associated_symptoms": [
    "Persistent throat pain - Hoarseness - Fatigue - Weight loss - Increased thirst - Fatigue with exercise - Difficulty speaking - Mouth dryness - Swallowing difficulties - Taste cha"
  ],
  "past_medical_history": "Past medical history was limited. No specific chronic conditions were reported. The focus was on current symptoms and risk factors",
  "past_surgical_history": "Rajesh Kumar underwent endoscopic examination today with suspected early-stage head-and-neck cancer. No definitive diagnosis yet; TNM",
  "family_history": "Rajesh’s father has no reported cancer in the family. There is no known cancer in his",
  "current_medications": [
    "Anticipated medications: none currently prescribed",
    "antibiotics considered if infection suspected",
    "antihistamines for allergic reactions",
    "antiemetics for nausea",
    "analgesics for pai"
  ],
  "allergies": "Allergies noted: No known food allergies. If any allergy arises",
  "social_history": "Social history: The patient has a long-term habit of daily smoking with occasional use of smokeless tobacco (hookah).",
  "functional_status": "Rajesh Kumar undergoes endoscopy today with biopsy/fnac planned. Imaging will follow biopsy/imaging results to define stage.",
  "vital_signs": "Blood pressure: normal; heart rate steady; oxygen saturation ~98% with room air; no acute distress noted. No fever",
  "examination_findings": "Examination findings were clear: no obvious masses or tumors detected on endoscopy. No significant nodal involvement noted. FNAC",
  "investigations": [
    "FNAC/biopsy",
    "endoscopy",
    "imaging",
    "HPV testing",
    "nutritional advice",
    "language support"
  ],
  "assessment_primary_diagnosis": "Primary diagnosis isn't clear from this brief exchange. The patient presents with throat pain,",
  "differential_diagnoses": [
    "Differential diagnoses considered early: - Chronic rhinosinusitis with nasal congestion and/or sinus infection. - Allergic rhinitis"
  ],
  "management_plan": "Short summary of the management plan: - Patient presentation: Mr. Rajesh Kumar with throat pain, hoarseness, difficulty speaking, mild weight loss, fatigue,",
  "tests_referrals_planned": [
    "FNAC/biopsy",
    "endoscopy",
    "imaging",
    "HPV testing",
    "nutritional advice",
    "language support"
  ],
  "follow_up_plan": "Following up on endoscopy and FNAC/biopsy, the plan is: - A week later: review FNAC/biopsy results",
  "chronology_response_to_treatment": "The session ended with an endoscopy appointment scheduled for today. The patient was informed that the results would",
  "patient_concerns_preferences_consent": "What were the main health issues identified? A series of throat-related symptoms with increasing severity over time: persistent",
  "safety_issues_red_flags": "Red flags noted: persistent hoarseness, progressive voice change, dysphagia, unintentional weight loss, fever with respiratory symptoms, new lump",
  "coding_terms": "TNM, HPV vaccination, endoscopy, biopsy/fnac, imaging, staging, MDT, treatment plan, supportive care, rehabilitation, follow-up schedule, cost"
}