{
  "patient_identifiers": "The patient’s name was not provided in the dialogue. The conversation focused on presenting symptoms and initial steps rather than",
  "demographics": {
    "age": "45 years old.",
    "sex": "Male, 45 years old."
  },
  "visit": {
    "date_time": "The visit occurred sometime between March 1st and March 3rd at around noon. The exact date isn’t specified here. The",
    "type": "The visit was a face-to-face consultation at the clinic. No telemedicine was used. The patient presented"
  },
  "chief_complaint": "Persistent throat discomfort with hoarseness and difficulty swallowing for several weeks. No fever reported. Symptoms have been worsening over time.",
  "onset_duration": "Symptoms were present for about two weeks when we started evaluating him. The exact duration wasn’t specified in the summary.",
  "symptom_description": "Persistent throat discomfort, hoarseness, and difficulty swallowing over days, with mild weight loss and reduced appetite. No fever or significant",
  "aggravating_factors": "Hoarseness, dysphagia, weight loss, fatigue, and persistent coughing are aggravating symptoms that prompt urgent evaluation. These signs suggest underlying conditions",
  "relieving_factors": "Relief strategies mentioned: throat soothers, saline rinses, warm water gargles, gentle neck massage, and rest. Avoid spicy or hot foods",
  "associated_symptoms": [
    "Persistent throat discomfort",
    "hoarseness",
    "difficulty swallowing",
    "weight loss",
    "fatigue",
    "night coughing"
  ],
  "past_medical_history": "No prior history provided. The focus is on current symptoms, risk factors, and planned diagnostics/treatment. No specific past medical history",
  "past_surgical_history": "HPV status was not determined at this visit; it would be assessed later via biopsy. HPV-related",
  "family_history": "Family history was not provided in this exchange. The conversation focused on presenting symptoms, initial assessment,",
  "current_medications": [
    "No medications listed at this time. The conversation focuses on initial assessments and plans rather than current medication lists. Medications would be added once"
  ],
  "allergies": "Allergies: None known. N/A if none.",
  "social_history": "- Past history: The patient has a long-term history of cigarette smoking (Beedi/Cigarette) and alcohol use. There is",
  "functional_status": "- The patient has been evaluated for head-and-neck cancer risk and plans to undergo a comprehensive",
  "vital_signs": "- Blood pressure: 120/80 mmHg; heart rate 70 bpm; respiratory rate normal. - No acute distress reported. -",
  "examination_findings": "Symptoms and initial impression: Throat pain, hoarseness, difficulty swallowing; weight loss unlikely at this visit. No definitive diagnosis",
  "investigations": [
    "Physical examination of the oral cavity and neck",
    "Laryngoscopy",
    "Biopsy of suspicious tissue",
    "CT/MRI imaging if indicated by biopsy results or other tests",
    "HPV testing"
  ],
  "assessment_primary_diagnosis": "Primary diagnosis is suspected throat cancer based on persistent hoarseness, dysphagia, and weight loss",
  "differential_diagnoses": [
    "HPV-related vs non-HPV cancers, throat cancer, head-and-neck cancer, esophageal cancer, lung cancer, skin cancer. N/A if"
  ],
  "management_plan": "- A brief management plan follows: - Immediate actions: - Complete oral/throat examination today. - If abnormalities detected, refer to ENT for",
  "tests_referrals_planned": [
    "ENT examination",
    "endoscopic/laryngoscopy",
    "biopsy",
    "HPV testing",
    "imaging (CT/MRI) if indicated",
    "dental clearance"
  ],
  "follow_up_plan": "Follow-up plan: - Next steps for patient: schedule follow-up within 2–3 weeks to review results and",
  "chronology_response_to_treatment": "The conversation describes a patient undergoing initial evaluation for suspected head-and-neck cancer, including: - Presenting symptoms: persistent throat",
  "patient_concerns_preferences_consent": "- Symptoms reported: throat pain, hoarseness, difficulty swallowing, persistent cough, weight loss, fatigue, and reduced appetite. - Risk",
  "safety_issues_red_flags": "Red flags mentioned at this visit: - Persistent sore throat over weeks. - Hoarseness lasting longer than two",
  "coding_terms": "Cancer type: Head-and-neck cancer; HPV-related risk; risk-factor review; initial screening including oral/throat exam and potential biopsy;"
}