{
  "patient_identifiers": "Patient name not provided in this conversation. The focus was on risk factors, symptoms, and planned investigations rather than identifying",
  "demographics": {
    "age": "Patient is 52 years old.",
    "sex": "The patient’s gender is unspecified. No explicit mention of sex"
  },
  "visit": {
    "date_time": "The visit occurred sometime between October 1st and October 7th, depending on exact date noted by the patient. The exact",
    "type": "It was an outpatient visit with telemedicine components; no in-person hospital visit required. The patient underwent"
  },
  "chief_complaint": "Persistent throat discomfort with hoarseness and difficulty swallowing for several weeks. No fever reported. No other major symptoms noted yet.",
  "onset_duration": "The patient presents with throat pain and hoarseness for about one week. No clear date for onset was provided in",
  "symptom_description": "Persistent throat discomfort, hoarseness, and difficulty swallowing over several weeks, with occasional coughing and mild voice change. No major weight",
  "aggravating_factors": "Cigarette smoke, alcohol, poor nutrition, dehydration, and environmental irritants can exacerbate throat symptoms. A combination of these exposures significantly raises",
  "relieving_factors": "Relief strategies discussed include avoiding irritants like smokeless tobacco, limiting alcohol, maintaining good oral hygiene, staying hydrated, eating a balanced",
  "associated_symptoms": [
    "Hoarseness, persistent throat discomfort, weight loss, fatigue, night sweats, dysphagia, unintentional weight loss, nasal congestion, dry mouth, sore throat, ear fullness, headac"
  ],
  "past_medical_history": "No prior medical history provided. The patient will undergo an oral/throat exam, neck lymph nodes palpation, and possibly laryngoscopy today.",
  "past_surgical_history": "No prior surgeries were reported by the patient. The current focus is on evaluating symptoms and",
  "family_history": "Family history was not provided in the dialogue. The patient’s family history was not elicited or",
  "current_medications": [
    "Anticipated medications: Tylenol 1 tab/day",
    "Advantiva 0.5 mg/tab",
    "Diclofenac 200 mg/tab",
    "Metformin 80 mg/tab",
    "Amlodiptide 100 mg/tab",
    "Vitamin C 1 g/dose"
  ],
  "allergies": "Allergies: No known food allergies; no severe skin reactions or",
  "social_history": "Past history: No prior tobacco exposure reported. Past year: Occasional smokeless tobacco use (khaini/gutkha); no regular cigarette or",
  "functional_status": "Patient has no major functional impairment at this time. He can walk independently and performs basic",
  "vital_signs": "Blood pressure: 120/80 mmHg; heart rate: 70 bpm; no other significant abnormalities noted. No immediate urgent action required.",
  "examination_findings": "No visible mucosal lesions detected by oral/oral-throat exam. No swelling or tenderness noted. Neck lymph nodes were palpated",
  "investigations": [
    "Complete throat examination",
    "endoscopic laryngoscopy if needed",
    "imaging (CT/MRI)",
    "blood tests (CBC/LFT)",
    "FNAC if indicated",
    "HPV testing by throat swab"
  ],
  "assessment_primary_diagnosis": "Primary diagnosis isn't clear from this brief exchange. The patient presents with throat pain,",
  "differential_diagnoses": [
    "HPV-related conditions",
    "throat infection",
    "malignancy",
    "benign lesions",
    "dental issues",
    "nutritional deficiencies"
  ],
  "management_plan": "- Plan highlights: - Immediate step: complete oral/throat exam, neck lymph nodes palpation, and laryngoscopy if indicated. - Next steps: imaging (CT/MRI)",
  "tests_referrals_planned": [
    "Complete blood count (CBC) - Liver function tests (LFT) - Chest X-ray (if indicated by history or exam) - Neck ultrasound (for lymph nodes) - Laryngoscopy (if needed)"
  ],
  "follow_up_plan": "Follow-up plan after initial workup: - Schedule a comprehensive ENT visit within 1–2 weeks to finalize",
  "chronology_response_to_treatment": "Patient history summary provided includes risk factors (tobacco/alcohol), current symptoms (throat pain, hoarseness, dysphagia, weight loss), lack of",
  "patient_concerns_preferences_consent": "Consent given for testing; no prior consent required. No specific details provided about family involvement or consent status.",
  "safety_issues_red_flags": "Red flags to watch for: persistent sore throat, new lump in the neck, non-healing mouth ulcers, weight loss,",
  "coding_terms": "TNM staging codes: Stage III; HPV-related risk; tobacco/alcohol risk reduction; nutrition/diet; dental check; referral to ENT;"
}