{
  "patient_identifiers": "Name not provided in the dialogue. The patient is identified as Raj Bhawan, 42-year-old from rural area. No specific ID",
  "demographics": {
    "age": "Patient is 42 years old.",
    "sex": "The patient’s gender is male. No explicit mention of gender"
  },
  "visit": {
    "date_time": "The visit was scheduled for today, around midday, with an estimated 1–2 hours of time spent discussing diagnosis, staging, and",
    "type": "The visit was an outpatient follow-up appointment focused on survivorship and symptom monitoring following radiotherapy. It"
  },
  "chief_complaint": "Chief complaint: persistent throat discomfort and hoarseness, mild dysphagia, no fever, no significant weight loss. No major systemic symptoms noted",
  "onset_duration": "Symptoms started around 1–2 weeks after radiotherapy began, with persistent throat discomfort and hoarseness. No specific date given for onset.",
  "symptom_description": "Persistent throat discomfort, mild dysphagia, fatigue; no fever or significant weight loss noted yet. No definitive diagnosis yet. Focus remains",
  "aggravating_factors": "Dietary triggers, smoking/alcohol use, infections, dehydration, poor oral hygiene, and general fatigue can exacerbate symptoms. A balanced diet, avoiding irritants,",
  "relieving_factors": "The main symptom relief strategies mentioned were: 1) Nutrition: High-protein, soft foods; small, frequent meals; dairy, pulses, yogurt, eggs, fish,",
  "associated_symptoms": [
    "Hoarseness lasting several weeks - Persistent sore throat - Weight loss over time - Difficulty swallowing solids - Dry mouth sensation - Painful eating - Fatigue - No fever or si"
  ],
  "past_medical_history": "Past medical history noted briefly: no prior cancer diagnosis; tobacco use (smokeless), alcohol use, poor dental hygiene, low fruit/vegetable intake,",
  "past_surgical_history": "Surgical history was not provided in this encounter. The focus was on current symptoms, diagnostic plan,",
  "family_history": "Family history was not provided in the dialogue. No specific family history is recorded here. The",
  "current_medications": [
    "Anticipated medications: Tylenol 10 mg twice daily",
    "Advantiga 500 mg once daily",
    "Alprazolam 0.15 mg nightly",
    "Diclofenac sodium 75 mg once daily",
    "Metformin"
  ],
  "allergies": "Allergies noted: no known food allergies, but some patients have",
  "social_history": "- Tobacco use: Heavy tobacco exposure throughout life; intermittent smoking; occasional hookah; no heavy alcohol use. - HPV",
  "functional_status": "- Raj Bhawan undergoes survivorship-focused care following head-and-neck cancer treatment. Key functional status points: - Swallowing:",
  "vital_signs": "- Baseline vitals: Blood pressure 120/80 mmHg; heart rate 65 bpm; respiratory rate 16 breaths per minute; no",
  "examination_findings": "- Examination findings were not provided in this brief encounter. The focus was on symptom history, current status,",
  "investigations": [
    "Complete physical exam including neck, jaw, tongue, palate, and pharynx. - Laryngoscopy with endoscope",
    "biopsy if suspicious lesions found. - Endoscopic guided biopsy if lesion a"
  ],
  "assessment_primary_diagnosis": "Primary diagnosis was determined through ENT exam, laryngoscopy, and biopsy; no definitive diagnosis yet.",
  "differential_diagnoses": [
    "Cervical carcinoma: involves the neck region and can cause hoarseness and neck swelling. - Lymphadenopathy:"
  ],
  "management_plan": "- Immediate plan highlights: - Continue multimodal treatment based on stage and patient health. - Initiate nutrition-focused rehabilitation (soft diets, high-protein, adequate",
  "tests_referrals_planned": [
    "Basic screening: complete blood count, liver enzymes, kidney function, electrolytes, and nutritional markers. - Endoscopic assessment: endoscopy of the esophagus/larynx with lary"
  ],
  "follow_up_plan": "- Follow-up plan emphasizes staged surveillance and symptom-driven evaluations: - First visit: complete history, physical exam,",
  "chronology_response_to_treatment": "Patient has completed radiotherapy and is undergoing survivorship care focused on nutrition, swallowing rehabilitation, and psychosocial support. Key",
  "patient_concerns_preferences_consent": "- Patient concerns noted: fear of radiation side effects, anxiety about future quality of life, need for dietary",
  "safety_issues_red_flags": "Red flags noted: persistent hoarseness beyond 2 weeks, worsening swallowing difficulty, significant weight loss, fever, severe breathing distress,",
  "coding_terms": "Cancer type: Head and Neck Cancer; Diagnosis: Suspicious lesion in the throat with hoarseness and mild"
}