{
  "patient_identifiers": "Patient name not specified in this conversation. The primary focus was on presenting symptoms, risk factors, and planned diagnostic steps",
  "demographics": {
    "age": "Patient is 40 years old.",
    "sex": "Male, 40 years old."
  },
  "visit": {
    "date_time": "The visit occurred sometime between March 15th and March 25th, depending on when the conversation started. The exact date isn't",
    "type": "It was an in-person visit at the clinic. The doctor performed throat examination, laryngoscopy, and neck"
  },
  "chief_complaint": "Persistent throat pain with voice change and difficulty swallowing for ~two weeks, plus recent weight loss. No fever or other",
  "onset_duration": "Symptoms started around two weeks ago, with worsening hoarseness and difficulty swallowing. The duration was noted as \"two weeks\" without",
  "symptom_description": "Persistent throat pain, voice change, difficulty swallowing, weight loss over several days, no fever, no obvious lump. Headache occasionally. Two-week",
  "aggravating_factors": "Tobacco use, alcohol use, diet, and HPV exposure are known risk factors that can exacerbate throat symptoms. The emphasis is",
  "relieving_factors": "Relief strategies discussed include avoiding irritants like spicy foods, maintaining good oral hygiene, staying hydrated, and following a diet rich",
  "associated_symptoms": [
    "Persistent throat pain, voice change, difficulty swallowing, weight loss over time",
    "no fever or severe breathing trouble reported. These are typical early signs prompting investi"
  ],
  "past_medical_history": "No prior medical history was reported. The conversation focuses on current symptoms, risk factors, and planned diagnostic workup rather than",
  "past_surgical_history": "No prior surgery was performed. The patient presented with throat symptoms and no known previous surgeries.",
  "family_history": "Family history was not explicitly reported in this conversation. The clinician did not provide details about",
  "current_medications": [
    "No medications listed at this time. The conversation focuses on risk factors, physical exams, and upcoming diagnostics rather than medication details. If medications were"
  ],
  "allergies": "None of the patient’s known allergies were listed. The conversation",
  "social_history": "- Past tobacco use: Regular chewed tobacco (khaini/gutkha) and smoked cigarettes; intermittent beedi smoking; no heavy daily use.",
  "functional_status": "Patient history summary: - Symptoms reported: persistent throat pain, voice change, difficulty swallowing, mild weight loss",
  "vital_signs": "- Blood pressure: 120/85 mmHg; heart rate 70 bpm; no other immediate lab issues noted. No fever or",
  "examination_findings": "No visible mucosal lesions detected at the initial exam. Laryngeal examination was normal; no voice changes noted. The",
  "investigations": [
    "Throat examination",
    "laryngoscopy",
    "neck lymph node assessment",
    "biopsy/imaging as indicated",
    "HPV screening as appropriate",
    "ENT referral if indicated"
  ],
  "assessment_primary_diagnosis": "Primary diagnosis was not established at this visit. The patient presented with throat pain,",
  "differential_diagnoses": [
    "Chronic laryngeal pathology: Laryngeal papilloma, chronic laryngitis, or other chronic laryngeal conditions. - Voice changes"
  ],
  "management_plan": "- Plan highlights: - Symptom-focused workup: throat exam, laryngoscopy, neck lymph nodes assessment; biopsy or imaging if abnormalities detected. - Risk reduction:",
  "tests_referrals_planned": [
    "Throat examination",
    "laryngoscopy",
    "neck lymph node assessment",
    "biopsy/imaging as indicated",
    "HPV screening",
    "ENT referral if indicated"
  ],
  "follow_up_plan": "- Follow-up plan includes: - Revisit in 1–2 days to review results and decide on next",
  "chronology_response_to_treatment": "Patient history summary: 40-year-old male presenting with persistent throat pain, hoarseness, and difficulty swallowing for ~two weeks. Significant",
  "patient_concerns_preferences_consent": "Patient concerns and consent: - Symptoms reported: persistent throat pain, hoarseness, difficulty swallowing, weight loss over several days.",
  "safety_issues_red_flags": "Red flags noted: persistent voice changes, worsening swallowing difficulties, new lump in the neck, unexplained weight loss, fever,",
  "coding_terms": "Cancer-related codes: 5700 (head-and-neck cancer); 5702 (cervical-skin lesion). HPV-related risk-coded as 5708. Dx code pending final"
}