{
  "patient_identifiers": "Patient name not specified in this dialogue. Only symptoms and basic risk factors were noted. No diagnosis was made yet.",
  "demographics": {
    "age": "52 years old.",
    "sex": "The patient is female."
  },
  "visit": {
    "date_time": "The visit occurred sometime between March 20th and April 7th, depending on when the conversation started. No specific date was",
    "type": "It was an outpatient clinic visit focused on evaluating a head-and-neck symptom profile and planning diagnostic"
  },
  "chief_complaint": "Persistent throat pain with dysphagia and hoarseness for about three weeks, along with mild weight loss and fatigue. No fever",
  "onset_duration": "The symptoms started around three weeks ago, with hoarseness and dysphagia noted. There was some weight loss and fatigue. No",
  "symptom_description": "Persistent throat pain, hoarseness, dysphagia, mild weight loss, fatigue; no fever or neck swelling. Headache occasionally. No major systemic symptoms",
  "aggravating_factors": "Persistent tobacco exposure, alcohol use, poor diet, and lack of dental care exacerbate risk. HPV testing is not routine unless",
  "relieving_factors": "Oral hygiene measures, diet modifications, hydration, and avoiding irritants help reduce discomfort during treatment. Soft textures and small, frequent meals",
  "associated_symptoms": [
    "Hoarseness, dysphagia, fatigue, weight loss, persistent throat discomfort, mild neck swelling, intermittent cough",
    "no fever or severe neck swelling noted. These are common presen"
  ],
  "past_medical_history": "No prior medical history noted. No specific chronic conditions or risk factors mentioned. The focus remains on current symptoms, physical",
  "past_surgical_history": "No prior surgeries were performed. The patient presented with throat symptoms and was scheduled for ENT",
  "family_history": "Family history was not explicitly mentioned in the dialogue. No specific family history-related details were provided.",
  "current_medications": [
    "No medications listed at this time. The conversation focuses on diagnosis, staging, and treatment planning rather than medication lists. Medications would be added once"
  ],
  "allergies": "None of the patient's known allergies are listed here. They",
  "social_history": "Tobacco: Heavy tobacco use (beedi/cigarette/hookah) with intermittent alcohol consumption; no known addiction but ongoing risk due to dual",
  "functional_status": "Patient has persistent throat symptoms (pain, hoarseness, dysphagia, fatigue) with recent weight loss. No clear diagnosis",
  "vital_signs": "Vital signs noted: blood pressure 120/80 mmHg, heart rate 60 bpm, respiratory rate 16 breaths per minute. No",
  "examination_findings": "No visible lesions detected during the initial examination. Voice pitch change noted but no definitive diagnosis yet. No",
  "investigations": [
    "imaging: CT/MRI",
    "endoscopy",
    "FNAC",
    "blood tests",
    "HPV testing",
    "pathology results"
  ],
  "assessment_primary_diagnosis": "Primary diagnosis isn't clear from this brief exchange. The patient presented with throat pain,",
  "differential_diagnoses": [
    "Cervical laryngeal malign (cancer) - Laryngopharyngeal non-cancerous condition (e.g., chronic reflux, laryngomalacia) - Infections (viral"
  ],
  "management_plan": "- Plan highlights: - Primary step: thorough physical exam of the throat and larynx, including voice evaluation. - Diagnostic pathway: imaging (CT/MRI)",
  "tests_referrals_planned": [
    "ENT evaluation with endoscopy",
    "CT/MRI if indicated",
    "FNAC if suspicious lesions",
    "pathology results within ~1–2 days",
    "TNM staging after biopsy/imaging",
    "multidisciplinary discussion"
  ],
  "follow_up_plan": "- Follow-up plan outlines a stepwise approach: - Step 1: Complete history and physical exam today;",
  "chronology_response_to_treatment": "The conversation outlines a stepwise diagnostic pathway for head-and-neck cancer, focusing on initial evaluation, imaging, biopsy, and subsequent",
  "patient_concerns_preferences_consent": "Patient concerns: persistent throat pain, hoarseness, dysphagia, fatigue; no fever or neck swelling reported. No major trauma history",
  "safety_issues_red_flags": "Red flags mentioned during the discussion include persistent hoarseness beyond two weeks, dysphagia, weight loss, fatigue, and new",
  "coding_terms": "Tumor location (T), nodal status (N), and metastasis (M) determine TNM stage. Stage I–III usually involve"
}