{
  "patient_identifiers": "Rajesh Kumar, 45, Farmer, presented with throat pain, hoarseness, difficulty speaking, fatigue, and several months of throat symptoms. No clear",
  "demographics": {
    "age": "The patient’s age is 45 years old.",
    "sex": "The patient’s gender is unspecified. They identify as male."
  },
  "visit": {
    "date_time": "The visit occurred sometime between March 1st and March 8th, depending on when the conversation started. Exact date isn't specified.",
    "type": "It was a telemedicine follow-up visit focused on assessing symptoms and planning further investigations given the"
  },
  "chief_complaint": "Persistent throat discomfort with hoarseness and dysphagia for about two weeks. No fever or weight loss reported. Initial concern is",
  "onset_duration": "Symptoms started around two weeks ago, with throat pain, hoarseness, difficulty speaking, and fatigue. There was no clear onset date",
  "symptom_description": "Persistent throat discomfort, hoarseness, fatigue, and worsening dysphagia over several weeks. No fever or weight loss reported. Appetite stable. Initial",
  "aggravating_factors": "Throat irritation, dry mouth, and post-meal discomfort are common triggers for throat symptoms during the period.",
  "relieving_factors": "The patient mentions several relief strategies he has tried: throat lozenges, saline rinses, warm water gargles, and chest percussion. He",
  "associated_symptoms": [
    "Persistent throat discomfort, hoarseness, dysphagia, fatigue, weight loss, night sweats, coughing blood, persistent sore throat, nasal congestion, dry mouth, swollen gums, unusua"
  ],
  "past_medical_history": "No prior medical history was recorded during the session. The conversation focused on presenting symptoms, risk factors, and initial diagnostic",
  "past_surgical_history": "Rajesh Kumar presented with throat pain, hoarseness, and difficulty speaking for about two weeks. He reported",
  "family_history": "Rajesh’s family history was not explicitly reported by the doctor. There were no known cancers in",
  "current_medications": [
    "No medications listed by the patient. Medications will be documented during follow-up visits. If you have any specific questions later, please ask me directly"
  ],
  "allergies": "Allergies: None known.",
  "social_history": "Social history: Rajesh Kumar has quit tobacco (khaini/gutkha) several months ago, but continues to smoke cigarettes occasionally. He",
  "functional_status": "Rajesh Kumar presents with throat pain, hoarseness, and difficulty speaking for about two weeks. He has",
  "vital_signs": "Blood pressure: 120/80 mmHg; heart rate: 70 bpm; no acute distress reported. Overall stable condition without significant systemic",
  "examination_findings": "No clear examination findings were reported by the clinician in the given text. The dialogue focuses on presenting",
  "investigations": [
    "ENT examination of mouth/throat and neck lymph nodes. - Endoscopic view of the larynx. - Blood tests (CBC, liver/kidney function, fasting glucose)",
    "HIV testing if indicated. - Im"
  ],
  "assessment_primary_diagnosis": "Primary diagnosis was not established during the conversation. The patient presented with throat symptoms",
  "differential_diagnoses": [
    "Thyroiditis vs. laryngopharyngeal infection",
    "esophageal/esophageal-thrombosis",
    "malignancy",
    "HPV-related infection",
    "nutritional issues",
    "dental/oral pathology"
  ],
  "management_plan": "- A comprehensive summary of the head-and-neck cancer care pathway based on the given dialogue: - Presenting issues and risk factors -",
  "tests_referrals_planned": [
    "ENT laryngoscopy and/or endoscopy",
    "CT/MRI",
    "blood tests",
    "HPV testing",
    "genetic counseling",
    "referral to dental care"
  ],
  "follow_up_plan": "Follow-up plan based on current status: - Continue ENT evaluation and imaging as indicated. - Maintain",
  "chronology_response_to_treatment": "The conversation shows ongoing discussion about a head-and-neck cancer screening pathway for Rajesh Kumar, including risk-factor assessment, symptom-focused",
  "patient_concerns_preferences_consent": "Rajesh Kumar presents with throat pain, hoarseness, fatigue, and several months of persistent throat symptoms. He has significant",
  "safety_issues_red_flags": "Red flags identified by the patient include persistent throat pain, hoarseness, difficulty speaking, fatigue, and new lump sensation",
  "coding_terms": "Cancer type: Head-and-neck cancer; HPV-related risk factor; tobacco/alcohol risk; HPV screening discussion; dental hygiene guidance; dietary"
}