{
  "patient_identifiers": "The patient's name was not explicitly stated in the dialogue. The primary focus was on risk factors, symptoms, and initial",
  "demographics": {
    "age": "The patient is 40 years old.",
    "sex": "The patient is female. No explicit mention of gender was"
  },
  "visit": {
    "date_time": "The visit occurred on October 3, 2025, at 9:00 AM. The doctor conducted an initial throat/laryngoscopy and examined the throat,",
    "type": "The visit was an in-person ENT evaluation with Sunita present. No telemedicine was used. A thorough"
  },
  "chief_complaint": "Chief complaint: Persistent throat irritation, hoarseness, and ongoing cough for several weeks. No fever or weight loss noted. No major",
  "onset_duration": "The duration of symptoms was unclear at that visit. The clinician noted that the patient had throat irritation, hoarseness, and",
  "symptom_description": "Persistent throat irritation, hoarseness, and chronic cough; no weight loss or fever noted. No major systemic symptoms yet. The focus",
  "aggravating_factors": "Dietary factors, tobacco/alcohol use, and environmental exposures are known aggravating factors. Aggravating symptoms include increased throat irritation, hoarseness, and fatigue",
  "relieving_factors": "The patient has throat irritation, hoarseness, and persistent cough. The clinician emphasizes that these symptoms can be related to tobacco",
  "associated_symptoms": [
    "Persistent throat irritation - Hoarseness - Chronic cough - Possible dysphagia (difficulty swallowing) - Weight loss not noted - Painful mouth/throat sensation - Increased thirst"
  ],
  "past_medical_history": "Past medical history noted briefly: No prior major illness known. The clinician notes that tobacco and alcohol use significantly raise",
  "past_surgical_history": "Surgical history was not provided in the dialogue. The clinician noted that surgical history would be",
  "family_history": "Family history was not explicitly documented here. The clinician noted that it would be important to",
  "current_medications": [
    "Antihistamine: Tylenol",
    "Advantame",
    "Zyrtec",
    "Cetirizine",
    "Lomotil",
    "Pantoprazole"
  ],
  "allergies": "Allergies noted: No known food allergies or severe skin reactions.",
  "social_history": "- Past/present: Tobacco use: daily inhalated cigarette and hookah; intermittent smokeless tobacco (gutka); past use of khaini/gutkha; alcohol:",
  "functional_status": "- Patient has a history of chronic throat irritation, hoarseness, and persistent cough over several weeks.",
  "vital_signs": "- Blood pressure: 135/85 mmHg; heart rate 70 bpm; respiratory rate normal; oxygen saturation 98% room air; no",
  "examination_findings": "No current biopsy results were mentioned in the dialogue. The clinician noted that biopsy would be performed under",
  "investigations": [
    "Throat/laryngoscopy and endoscopic evaluation",
    "biopsy if suspicious lesions found. - Imaging: CT or MRI to assess extent and nodal spread. - FNAC considered for neck lump",
    "result"
  ],
  "assessment_primary_diagnosis": "Primary diagnosis was not established during the encounter. The clinician noted that the current",
  "differential_diagnoses": [
    "Chronic sinusitis - Infection-related sore throat - Laryngopharyngeal reflux - Vocal cord dysfunction - Foreign"
  ],
  "management_plan": "- Risk reduction and lifestyle modifications - Stop tobacco and alcohol; counsel on gradual cessation; consider nicotine replacement therapy (patch, gum, lozenge).",
  "tests_referrals_planned": [
    "Throat/laryngoscopy and endoscopic evaluation",
    "biopsy if suspicious lesions found. - CT/MRI for staging",
    "FNAC considered if a lump is present. - HPV testing by saliva sample",
    "vac"
  ],
  "follow_up_plan": "- Follow-up plan based on biopsy result: - If biopsy is positive: initiate a multidisciplinary treatment",
  "chronology_response_to_treatment": "Key observations and progress noted by the clinician: - Patient history and symptoms: Amol Baruah presents with throat",
  "patient_concerns_preferences_consent": "Consent and context - Patient consented to tests and procedures; expressed willingness to discuss risks and benefits. -",
  "safety_issues_red_flags": "Red flags noted by the patient: - Persistent hoarseness over several weeks. - Difficulty swallowing that worsens with",
  "coding_terms": "Cancer risk category: high-risk due to combined tobacco and alcohol use; HPV-related risk acknowledged but not"
}