{
  "patient_identifiers": "The patient's name was Rahul Sharma, age 38, from Kolkata. No other specific IDs were given.",
  "demographics": {
    "age": "The patient is 38 years old.",
    "sex": "The patient is female. She has been referred by her"
  },
  "visit": {
    "date_time": "The visit occurred on March 1st, 2024, with subsequent follow-ups through April 1st, 2024. The exact date was not explicitly",
    "type": "The visit involved an in-person ENT consultation followed by imaging and possibly biopsy based on exam"
  },
  "chief_complaint": "Chief complaint: Persistent throat pain, hoarseness, difficulty speaking, and fatigue over about three months. No fever or significant weight loss",
  "onset_duration": "The duration of symptoms was unclear in this conversation. The patient reported throat pain, hoarseness, difficulty speaking, and fatigue over",
  "symptom_description": "Persistent throat pain, voice change, difficulty swallowing, fatigue, weight loss, no fever, no obvious lump. These features suggest an upper",
  "aggravating_factors": "Hoarseness, fatigue, weight loss, and persistent throat discomfort are common aggravating factors for this patient. These symptoms may indicate worsening",
  "relieving_factors": "The patient has been advised to quit tobacco and alcohol, which helps prevent worsening symptoms and improves outcomes. The plan",
  "associated_symptoms": [
    "Persistent throat discomfort - Hoarseness - Difficulty swallowing - Fatigue - Weight loss - Painful swallowing - Night-time coughing - Dry mouth - Mouth ulcers - Oral dryness - T"
  ],
  "past_medical_history": "Past medical history was not explicitly documented in this encounter. The focus was on current symptoms, risk factors, and planned",
  "past_surgical_history": "No surgical history was recorded in this encounter. The focus was on risk factors, current symptoms,",
  "family_history": "Family history was not explicitly documented in this conversation. The clinician did not report any specific",
  "current_medications": [
    "No medications listed yet",
    "we'll collect them once the exam and imaging are completed. The list would include antihypertensives, antiplatelet agents, immunosuppressants, antibiot"
  ],
  "allergies": "None of Rahul Sharma has known food allergies. He mentions",
  "social_history": "- Rahul Sharma has a long-term habit of chewing gutka/hookah (about 2–3 times per week), with occasional smoking.",
  "functional_status": "- Rahul Sharma undergoes an ENT-focused series of investigations including oral/throat exam, laryngoscopy, chest X-ray, and",
  "vital_signs": "- Blood pressure: normal; heart rate stable; respiratory rate steady. - Weight: approximately 60 kg; BMI ~24.5. -",
  "examination_findings": "No clear examination findings were reported in this brief encounter. The dialogue focuses on risk factors, education, and",
  "investigations": [
    "Oral examination and laryngoscopy planned. - Chest X-ray scheduled. - Biopsy considered if indicated by exam/imaging. - Imaging options: CT or MRI depending on findings. - FNAC c"
  ],
  "assessment_primary_diagnosis": "Primary diagnosis was not established by this brief encounter. The next steps include completing",
  "differential_diagnoses": [
    "Laryngeal papilloma vs. squamous cell carcinoma",
    "lymphadenopathy may be present",
    "HPV-related risk discussed",
    "biopsy preferred"
  ],
  "management_plan": "- Primary goal: Comprehensive cancer screening and early detection through thorough history-taking, risk-factor assessment, and an organized diagnostic pathway. - Key interventions",
  "tests_referrals_planned": [
    "Oral exam and laryngoscopy planned",
    "CT/MRI imaging if indicated",
    "FNAC biopsy if suspicious lesions found",
    "blood tests as part of baseline",
    "HPV screening discussed but not mandato"
  ],
  "follow_up_plan": "- Follow-up plan includes: - Complete risk-factor questionnaire and obtain consent. - Schedule oral/throat examination and",
  "chronology_response_to_treatment": "Patient has completed an intake visit with Rahul Sharma, age 38, from Kolkata. Key points include: - Presenting",
  "patient_concerns_preferences_consent": "Consent details discussed include: - Risk-reduction plan: quit tobacco and alcohol; cessation counseling offered. - Home management: maintain",
  "safety_issues_red_flags": "Red flags mentioned include persistent hoarseness, voice change lasting more than 3 weeks, progressive swallowing difficulties, unintentional weight",
  "coding_terms": "CT/MRI, TNM, HPV, MDT, rehabilitation, nutrition, swallowing exercises, speech therapy, home-care tips, follow-up scheduling, telemedicine, cost"
}