{
  "patient_identifiers": "The patient’s name was Amit Sharma, 40, who presented with throat discomfort, hoarseness, and mild dysphagia. No specific ID number",
  "demographics": {
    "age": "Patient is 40 years old.",
    "sex": "The patient’s gender is unspecified. No explicit gender was given."
  },
  "visit": {
    "date_time": "The visit occurred sometime between March 1st and March 15th, with the exact date not specified. The dialogue covers the",
    "type": "The visit involved an in-person physical examination with laryngoscopy and basic lab tests, followed by imaging"
  },
  "chief_complaint": "Persistent throat discomfort with hoarseness and mild dysphagia for ~2 weeks, prompting evaluation. No acute distress reported. No cancer diagnosis",
  "onset_duration": "Symptoms started around 40 days ago with throat discomfort, hoarseness, and mild trouble speaking. No clear date given for onset.",
  "symptom_description": "Persistent throat discomfort with hoarseness and mild dysphagia for ~2 weeks, plus ongoing tobacco/alcohol exposure and poor dental hygiene. No",
  "aggravating_factors": "Persistent throat irritation, hoarseness, and fatigue with eating/drinking. These are common triggers that can exacerbate symptoms. The exact trigger isn’t",
  "relieving_factors": "Saliva substitutes, humidified air, saline gargles, warm water rinses, and gentle brushing can help with dryness and soreness.温和的漱口水和温水漱口也有帮助。保持口腔卫生很重要，避免刺激性食物。如果症状持续或加重，请及时就医。",
  "associated_symptoms": [
    "Persistent sore throat with hoarseness",
    "intermittent voice change",
    "fatigue",
    "weight loss",
    "night cough",
    "persistent throat irritation"
  ],
  "past_medical_history": "- Amit Sharma has had long-standing throat discomfort with hoarseness and mild dysphagia for about 2–3 weeks. He also has",
  "past_surgical_history": "Key surgical history summary: - Presenting symptoms: persistent throat discomfort with hoarseness and mild dysphagia for",
  "family_history": "Family history was briefly discussed with mention of tobacco use (khaini/gutkha) and alcohol use. No specific",
  "current_medications": [
    "No medications listed by the patient at this time. The clinician will ask about them during the visit. If there are any known medications"
  ],
  "allergies": "Allergies: None known. No specific allergy reported. If there are",
  "social_history": "- Amit Sharma has a long-term habit of daily khaini/gutka chewing with occasional smoking. He also uses alcohol",
  "functional_status": "Key points from the dialogue: - Presenting symptoms and risk factors - Amit Sharma, 40, with",
  "vital_signs": "- Baseline vitals: BP 120/80 mmHg, heart rate 70 bpm, respiratory rate 16 breaths/min, weight ~60 kg, appetite",
  "examination_findings": "Key findings from the examination: - Throat appearance: redness and swelling around the mouth and tongue with hoarseness",
  "investigations": [
    "CBC with differential",
    "LFTs",
    "Urine dipstick",
    "Chest X-ray",
    "CT/MRI if indicated by findings",
    "Endoscopic evaluation of upper airway"
  ],
  "assessment_primary_diagnosis": "Primary diagnosis was not established during the dialogue. The patient presented with throat discomfort,",
  "differential_diagnoses": [
    "Throat infection with chronic hoarseness and weight loss",
    "Laryngeal malignancy (e.g., squamous cell carcinoma)"
  ],
  "management_plan": "- Amit Sharma undergoes an oral exam, laryngoscopy, CBC, and other labs with imaging if indicated. The team plans multidisciplinary consultation (MDT)",
  "tests_referrals_planned": [
    "CBC with differential",
    "LFT",
    "HbA1c",
    "chest X-ray",
    "urine dipstick",
    "lipid panel"
  ],
  "follow_up_plan": "- Follow-up plan based on symptom progression and test results: - Immediate action: Continue with ongoing",
  "chronology_response_to_treatment": "Patient status remains stable with ongoing symptom surveillance and plans for further evaluation based on findings. No definitive",
  "patient_concerns_preferences_consent": "Patient-reported symptoms: throat discomfort with hoarseness and mild dysphagia for ~2 weeks. No fever, weight loss, or significant",
  "safety_issues_red_flags": "Red flags for urgency: - Persistent sore throat with hoarseness lasting >2 weeks. - New onset of dysphagia",
  "coding_terms": "- The conversation does not contain sufficient data to assign specific ICD-10 codes or SNOMED-Terms codes."
}