{
  "patient_identifiers": "The patient's name was not provided in the conversation. The primary focus was on the patient's symptoms, risk factors, and",
  "demographics": {
    "age": "The patient is 45 years old.",
    "sex": "The patient’s gender is male. No other details were provided"
  },
  "visit": {
    "date_time": "The visit occurred sometime between March 1st and April 1st, but exact date isn't specified. The clinician noted that the",
    "type": "The visit involved an in-person physical exam followed by endoscopy and biopsy, then imaging (CT/MRI) and"
  },
  "chief_complaint": "Persistent throat discomfort, hoarseness, and mild dysphagia with fatigue over recent weeks. No fever or weight loss reported. Risk factors",
  "onset_duration": "The patient presented with throat discomfort, hoarseness, and mild dysphagia over about two weeks. No clear date was given for",
  "symptom_description": "Persistent throat discomfort, hoarseness, mild dysphagia, fatigue, no fever or weight loss. No clear primary diagnosis yet. Headache not reported.",
  "aggravating_factors": "Persistent cough, throat irritation, hoarseness, weight loss, fatigue, and night-time breathing difficulties. These are common indicators that prompt further evaluation.",
  "relieving_factors": "The patient reports throat soreness, hoarseness, and fatigue. The clinician notes that these are common signs of head-and-neck cancer and",
  "associated_symptoms": [
    "Persistent throat irritation - Hoarseness - Fatigue - Weight loss - Oral dryness - Painful swallowing - Mouth ulcers - Night-time coughing - Difficulty eating/drinking - Unexplai"
  ],
  "past_medical_history": "No prior medical history provided. The focus is on current symptoms, risk factors, and planned diagnostics rather than past medical",
  "past_surgical_history": "No surgical history provided in this encounter. The focus was on presenting symptoms, risk factors, and",
  "family_history": "Family history was not provided in the dialogue. The clinician noted that it would be helpful",
  "current_medications": [
    "Antihistamine: Tylenol",
    "Advantame",
    "Zyrtec",
    "etc",
    "N/A if none. - Antibiotics: Ciprofloxacin",
    "Augmentin"
  ],
  "allergies": "Patient reports no known food allergies. No other specific allergy",
  "social_history": "- Tobacco exposure: Long-term heavy smoking (20 years). Occasional alcohol use; no significant addiction yet but potential impact",
  "functional_status": "- The patient undergoes endoscopy today and obtains biopsy results in 1–2 days. Pathology confirms squamous",
  "vital_signs": "- Baseline vitals: Blood pressure ~120/80 mmHg; heart rate ~60 bpm; respiratory rate normal; no fever noted. -",
  "examination_findings": "- Examination findings were inconclusive due to lack of clear throat signs and no definitive lesions identified during",
  "investigations": [
    "Endoscopy and biopsy planned",
    "FNAC discussed as an option if lesions are present. - Imaging (CT/MRI) planned for staging",
    "PET-CT considered only in certain cases. - Blood tests ("
  ],
  "assessment_primary_diagnosis": "Primary diagnosis was not specified in this encounter. The focus was on symptom evaluation,",
  "differential_diagnoses": [
    "Persistent cough without cold symptoms (e.g., tuberculosis) - Chronic throat irritation or hoarseness - Possible"
  ],
  "management_plan": "-Patient status and immediate plan: The patient presents with throat discomfort, hoarseness, and mild dysphagia over ~two weeks. No fever or weight",
  "tests_referrals_planned": [
    "Endoscopy and biopsy planned",
    "FNAC discussed for suspected cancer. - Imaging (CT/MRI) to assess extent and determine need for additional procedures. - Pathology results expected"
  ],
  "follow_up_plan": "- Follow-up plan after endoscopy/biopsy: - Complete imaging (CT/MRI) and staging. - Determine final stage using",
  "chronology_response_to_treatment": "Patient undergoes endoscopy today; biopsy results expected in 1–2 days. Imaging (CT/MRI) and staging discussed; TNM staging explained.",
  "patient_concerns_preferences_consent": "Patient concerns: Throat discomfort, hoarseness, mild dysphagia, fatigue; no fever or weight loss reported. No specific cancer diagnosis",
  "safety_issues_red_flags": "Red flags discussed during the visit: - Persistent sore throat over several weeks - Hoarseness lasting more than",
  "coding_terms": "TNM, HPV, biopsy, imaging, staging, prognosis, supportive care, diet, dental hygiene, tobacco cessation, psychosocial support, family"
}