{
  "patient_identifiers": "Rajesh Kumar, 45-year-old from Kolkata. He presented with throat pain, hoarseness, dysphagia, fatigue, and weight loss over two weeks. No",
  "demographics": {
    "age": "Patient is 45 years old.",
    "sex": "The patient’s gender is unspecified. No explicit mention of sex"
  },
  "visit": {
    "date_time": "The visit occurred sometime between March 1st and March 15th, depending on which date you want to specify. The exact",
    "type": "It was an in-person visit with a planned series of examinations and potential biopsy/endoscopy, followed by"
  },
  "chief_complaint": "Persistent throat pain, hoarseness, dysphagia, fatigue, and unintentional weight loss over ~two weeks. No fever reported. These symptoms raise suspicion",
  "onset_duration": "Symptoms started around two weeks ago, with persistent throat pain, hoarseness, dysphagia, fatigue, and night coughing. No clear date given",
  "symptom_description": "Persistent throat pain, hoarseness, dysphagia, fatigue, weight loss, nocturnal cough. These were the primary symptoms prompting investigation. The patient also",
  "aggravating_factors": "Rinintion, throat irritation, dry mouth, and fatigue can exacerbate symptoms during evaluation and follow-up. These issues should be managed with",
  "relieving_factors": "The relief strategy focuses on symptom management and improving quality of life while awaiting definitive diagnosis. Key strategies include: -",
  "associated_symptoms": [
    "Persistent throat pain - Hoarseness - Difficulty swallowing (dysphagia) - Fatigue - Nighttime coughing - Weight loss - Painful mouth ulcers or sores - Mouth dryness or altered ta"
  ],
  "past_medical_history": "No prior medical history was recorded. The focus is on current symptoms, risk factors, planned investigations, and anticipated management based",
  "past_surgical_history": "Rajesh Kumar underwent an endoscopic exam and biopsy under local anesthesia. The procedure was successful and",
  "family_history": "Rajesh’s family history was not explicitly reported in the dialogue. The clinician did not provide any",
  "current_medications": [
    "No medications listed yet",
    "we’ll provide a complete medication list once the history is filled. Right now, there’s no medication data. We’ll update it"
  ],
  "allergies": "Rins allergy: no known food allergies. N/A if none.",
  "social_history": "Rajesh Kumar, 45, smoker (2–3 cigarettes/day) and occasional hookah use. No heavy alcohol consumption reported. Dual tobacco and",
  "functional_status": "Rajesh Kumar undergoes ENT evaluation for throat pain, dysphagia, fatigue, and weight loss. He smokes daily",
  "vital_signs": "Vital signs: temperature 37°C, heart rate 60 bpm, respiratory rate 15 breaths/min, no acute distress. No fever. Overall",
  "examination_findings": "No exam was performed in this conversation. The dialogue focuses on risk factors, potential diagnosis, and planned investigations,",
  "investigations": [
    "ENT exam including throat/laryngeal inspection and neck palpation. - Basic lab work: CBC, liver function test, fasting glucose, electrolytes. - Imaging planned: CT or MRI dependi"
  ],
  "assessment_primary_diagnosis": "Primary diagnosis is suspected based on throat pain, hoarseness, dysphagia, fatigue, and weight loss",
  "differential_diagnoses": [
    "cervical-skin lesion, inflammatory condition, benign swelling, malignancy. N/A if no differential"
  ],
  "management_plan": "- A comprehensive plan based on the dialogue: - Step 1: Initiate tobacco/alcohol cessation via counseling and NRT. - Step 2: Conduct",
  "tests_referrals_planned": [
    "ENT exam",
    "laryngoscopy",
    "biopsy",
    "imaging (CT/MRI)",
    "HPV testing",
    "nutritional assessment"
  ],
  "follow_up_plan": "Follow-up plan includes: - Regular monitoring every 3 months starting 6–8 weeks after diagnosis. - Annual",
  "chronology_response_to_treatment": "Patient undergoes initial screening including oral/throat exam, neck palpation, and basic labs; endoscopy planned if indicated; biopsy considered",
  "patient_concerns_preferences_consent": "Rajesh Kumar presents with throat pain, hoarseness, dysphagia, fatigue, and weight loss over ~two weeks. He reports tobacco/alcohol",
  "safety_issues_red_flags": "Red flags: persistent sore throat, voice changes, dysphagia, unintentional weight loss, new lump in neck, non-healing mouth ulcer,",
  "coding_terms": "TNM, HPV, Stage, MDT, biopsy, pathology, radiation, chemotherapy, surgery, rehabilitation, follow-up, costs, subsidies, Ayushman Bharat, dietary"
}