{
  "patient_identifiers": "Name of the patient: Sunil Kalita, 45.",
  "demographics": {
    "age": "45 years old.",
    "sex": "Male, 45 years old."
  },
  "visit": {
    "date_time": "The visit occurred sometime between March 1st and March 3rd at the clinic. No specific date was given. The doctor",
    "type": "It was an in-person visit with a family member accompanying him. No telemedicine involved. The doctor"
  },
  "chief_complaint": "Chief complaint: Throat irritation, hoarseness, dysphagia, mild cough. No fever or weight loss reported. Sunil mentions ongoing tobacco use (khaini/gutkha,",
  "onset_duration": "Symptoms started around two weeks ago, with throat irritation, hoarseness, and mild dysphagia. No persistent pain reported yet. Noted that",
  "symptom_description": "Throat irritation, hoarseness, mild dysphagia, occasional cough, ongoing tobacco/alcohol use. No definitive diagnosis yet. HPV discussion included. Plan includes symptom",
  "aggravating_factors": "Dietary irritants like spicy foods, hot beverages, and certain dairy products can exacerbate throat irritation and dysphagia. Sunil should avoid",
  "relieving_factors": "Relief strategies mentioned: hydration, soft foods, rest, avoiding irritants, and possibly topical analgesics or antihistamines as advised by the clinician.",
  "associated_symptoms": [
    "Persistent throat irritation",
    "hoarseness",
    "dysphagia",
    "occasional cough",
    "weight loss",
    "fatigue"
  ],
  "past_medical_history": "No prior medical history reported. Sunil has no known chronic conditions or ongoing issues noted in this conversation. He will",
  "past_surgical_history": "No prior surgery history reported.",
  "family_history": "Family history is not explicitly mentioned in this conversation. There is no explicit discussion of family",
  "current_medications": [
    "No medication listed at this time. Sunil is undergoing diagnostic workup and will receive specific instructions once tests are available. He should report any"
  ],
  "allergies": "Allergies: None known. N/A.",
  "social_history": "Social history includes tobacco use (khaini/gutkha, pan masala) and alcohol use (beers/spirits); combined risk noted as higher than",
  "functional_status": "Sunil Kalita undergoes a thorough physical exam including oral and neck assessments, followed by imaging and",
  "vital_signs": "Blood pressure: normal; heart rate steady; no acute distress noted. No other major vital signs reported.",
  "examination_findings": "No visible lesions detected at the initial visit. No abnormal findings reported. The focus remains on risk-factor assessment",
  "investigations": [
    "ENT examination of mouth/throat and neck lymph nodes. - Imaging (CT/MRI) considered if findings warrant. - Biopsy planned if suspicious lesions detected by exam/imaging. - HPV te"
  ],
  "assessment_primary_diagnosis": "Primary diagnosis not specified at this stage. The plan focuses on evaluating symptoms, assessing",
  "differential_diagnoses": [
    "Throat infection (e.g., bacterial pharyngitis) - Lichen planus-like condition - Oral candidiasis - Malignancy (head-and-neck"
  ],
  "management_plan": "- Plan highlights: - Symptom diary and lifestyle modifications: start a daily symptom diary documenting throat symptoms, dysphagia, voice changes, and weight",
  "tests_referrals_planned": [
    "ENT examination",
    "laryngoscopy",
    "endoscopy",
    "biopsy",
    "FNAC",
    "imaging (CT/MRI)"
  ],
  "follow_up_plan": "- Follow-up plan includes: - Complete symptom diary by tomorrow. - Schedule next visit within a",
  "chronology_response_to_treatment": "Patient has completed a brief intake and is ready for a structured diagnostic workup including oral/throat examination, neck",
  "patient_concerns_preferences_consent": "Patient concerns included throat symptoms, persistent hoarseness, dysphagia, and tobacco/alcohol use. Consent received for basic exams, imaging, and",
  "safety_issues_red_flags": "Red flags noted by the patient include persistent throat irritation, hoarseness, dysphagia, and occasional coughing. These symptoms raise",
  "coding_terms": "Cancer risk category: High risk due to tobacco and alcohol exposures; HPV testing considered but not"
}