{
  "patient_identifiers": "The patient’s name was Rahul Kumar, aged approximately 6 months. The primary concern was persistent nocturnal cough, irregular stools, and",
  "demographics": {
    "age": "The patient’s age is approximately 6 months old.",
    "sex": "The patient’s gender is male."
  },
  "visit": {
    "date_time": "The visit occurred on Friday, around noon when the family brought Rahul to the clinic. The Sweat Test was scheduled",
    "type": "The visit involved an in-person evaluation with a multidisciplinary team (pediatric pulmonologist, nutritionist, respiratory therapist). The"
  },
  "chief_complaint": "Persistent nocturnal cough since birth, irregular stools, and intermittent wheeze. Rash noted intermittently. No fever or vomiting reported. Focus on",
  "onset_duration": "Rahul’s cough has been present since birth, with nocturnal episodes and irregular stools. The exact duration isn’t specified here, so",
  "symptom_description": "Persistent nighttime cough, irregular stools, intermittent wheezing, and slow weight gain. These are red flags that prompt CF/TB/malnutrition screening. No",
  "aggravating_factors": "Stressful situations like travel, infections, or changes in diet can exacerbate cough and overall condition in children with CF. Regular",
  "relieving_factors": "Stomach relief, hydration, energy-rich foods, gentle routines, sleep hygiene, and gradual reintroduction of solids. Avoid spicy/fatty foods during flare-ups. Maintain",
  "associated_symptoms": [
    "Persistent cough since birth",
    "nocturnal cough",
    "intermittent wheezing",
    "irregular stools",
    "slow weight gain",
    "intermittent nasal congestion"
  ],
  "past_medical_history": "Past medical history was limited. No specific diagnoses were made yet. The focus was on presenting symptoms and planning Sweat",
  "past_surgical_history": "Surgical history was not documented during this encounter. No surgical procedures were performed. The focus was",
  "family_history": "Family history was not provided during the encounter. The clinician noted that if available, it would",
  "current_medications": [
    "Enzymes: Pancreatic enzyme replacement therapy (Panlipase, Enzar Forte)",
    "dosage determined by weight and age",
    "start slowly and titrate up gradually. Other meds noted:"
  ],
  "allergies": "Allergies noted: No known food allergy or severe skin reactions.",
  "social_history": "Social history: No tobacco use; alcohol consumption limited; family members may smoke occasionally; no known smoking exposure in",
  "functional_status": "Rahul’s functional status is unclear due to lack of detailed functional data. The summary highlights that:",
  "vital_signs": "- Rahul’s vital signs: temperature 37°C, pulse 90/min, respirations normal, weight 4.5 kg, head circumference 36 cm, overall",
  "examination_findings": "- Rahul’s physical exam was normal during the visit; no skin lesions noted. No major abnormalities detected. The",
  "investigations": [
    "Sweat chloride test: planned for Friday at the nearest hospital",
    "results expected in 1–2 days. - Genetic testing: considered if Sweat Test is inconclusive",
    "to be pursued if neede"
  ],
  "assessment_primary_diagnosis": "Primary diagnosis: Cystic Fibrosis (CF). The plan includes Sweat Test to confirm CF, followed",
  "differential_diagnoses": [
    "Chronic cough without fever or weight loss: tuberculosis (TB) and malnutrition. - Malnutrition: weight <"
  ],
  "management_plan": "- Rashid’s CF evaluation plan: - Confirm CF via Sweat Test; genetic testing as backup if Sweat Test isn’t available or inconclusive.",
  "tests_referrals_planned": [
    "Sweat chloride test: planned for Friday at the nearest hospital",
    "results expected in 1–2 days. - Genetic testing: considered if Sweat Test is inconclusive",
    "to be pursued concurre"
  ],
  "follow_up_plan": "- Follow-up plan focuses on ongoing CF management while awaiting Sweat Test results: - Continue symptom",
  "chronology_response_to_treatment": "The conversation outlines a stepwise approach to evaluating a child with chronic cough and stunted growth, focusing on:",
  "patient_concerns_preferences_consent": "- Rahul’s primary concerns: persistent cough since birth, irregular stools, and slow weight gain; family seeks clear CF/TB/malnutrition",
  "safety_issues_red_flags": "- Persistent cough, slow weight gain, oily stools, abdominal distension, recurrent pneumonia, or failure to thrive despite good",
  "coding_terms": "CF, TB, malnutrition, nutrition, enzymes, CPT, diary, tele-consult, subsidy, school access, social worker, family involvement, HIV/AIDS"
}