{
  "patient_identifiers": "The patient's name was not explicitly identified in the dialogue. The conversation focused on presenting symptoms and basic CF workup",
  "demographics": {
    "age": "The patient’s age is 3 months old.",
    "sex": "The patient’s gender is female. N/A if unknown."
  },
  "visit": {
    "date_time": "The visit occurred around mid-January 2025, when the team began collecting growth and cough history, arranging sweat testing, and preparing",
    "type": "The visit involved an in-person assessment and sweat testing, followed by interim screening and growth monitoring."
  },
  "chief_complaint": "Persistent nighttime cough, poor weight gain, oily stools, intermittent diarrhea, and recurrent infections. These features raise suspicion for cystic fibrosis",
  "onset_duration": "The cough started soon after birth, but exact onset date wasn't recorded. The child also had oily stools and slow",
  "symptom_description": "Persistent nighttime cough, poor weight gain, oily stools, intermittent diarrhea, intermittent wheezing, intermittent fatigue, occasional vomiting. No fever or night",
  "aggravating_factors": "Cough, poor appetite, weight loss, and energy decline are common CF triggers that prompt evaluation. The exact exacerbating factor depends",
  "relieving_factors": "Chest physiotherapy, saltwater gargles, gentle hydration, and good oral hygiene. Avoid irritants and allergens. Ensure consistent home routines and clear",
  "associated_symptoms": [
    "Persistent nighttime cough",
    "poor weight gain",
    "oily stools",
    "intermittent wheezing",
    "recurrent infections",
    "fatigue"
  ],
  "past_medical_history": "Past medical history was missing. The dialogue focuses on presenting symptoms and CF-related evaluation rather than prior diagnoses. No specific",
  "past_surgical_history": "Surgical history was not provided in this encounter. The summary focuses on presenting symptoms, diagnostic steps,",
  "family_history": "Family history was not explicitly documented in the dialogue. The focus was on presenting symptoms, risk",
  "current_medications": [
    "Nebulizer",
    "Chest physiotherapy",
    "Pancreatic enzymes (Panlipase, Enzar Forte)",
    "Antibiotics as prescribed",
    "Saline nasal drops",
    "Vitamin D supplementation"
  ],
  "allergies": "- No known food allergies or severe reactions noted. If",
  "social_history": "Social history: The mother reports occasional smoking tobacco use and alcohol consumption. There’s no clear record of past",
  "functional_status": "- The summary captures the core events, symptoms, and management steps described in the dialogue: -",
  "vital_signs": "- Weight: ~6 kg; height ~75 cm; growth noted as slow but improving. - Feeding: infant formula; occasional",
  "examination_findings": "- No exam was performed; focus was on presenting symptoms and risk factors. - Key observations: persistent nighttime",
  "investigations": [
    "Sweat chloride testing: scheduled today or tomorrow",
    "if unavailable, proceed with interim screening using simple tests. - Blood glucose and stool fat analysis: considered if swea"
  ],
  "assessment_primary_diagnosis": "Primary diagnosis: Cystic Fibrosis (CF). The patient’s history strongly suggests CF, but definitive confirmation",
  "differential_diagnoses": [
    "Cystic Fibrosis (CF): Chronic cough, poor weight gain, oily stools",
    "CF has autosomal recessive inheritance"
  ],
  "management_plan": "- CF suspicion established; immediate action: conduct sweat test at nearest facility; interim screening if sweat testing unavailable. - Nutrition: high-calorie diet;",
  "tests_referrals_planned": [
    "Sweat chloride testing: primary confirmation test",
    "if unavailable, proceed with interim screening methods. - Genetic testing: considered after sweat test results",
    "carrier status"
  ],
  "follow_up_plan": "- Follow-up plan after sweat test results: - If CF is confirmed: - Initiate nutrition optimization",
  "chronology_response_to_treatment": "The dialogue outlines a stepwise evaluation for suspected cystic fibrosis (CF). Key points covered: 1) Symptom presentation and",
  "patient_concerns_preferences_consent": "- Patient concerns: Cough since birth, slow weight gain, oily stools; no fever or night sweats; intermittent diarrhea;",
  "safety_issues_red_flags": "- Persistent cough after age 2, slow weight gain, oily stools, intermittent wheezing, recurrent infections, poor appetite, abdominal",
  "coding_terms": "Cystic_fibrosis, CF, childhood_cough, malnutrition, growth_stunting, genetic_testing, carrier_status, nutrition_optimization, airway_clearance, PERT, Nebulizer, CF_screening, CF_di"
}