{
  "patient_identifiers": "Ravi Kumar, age 4 months, suspected CF due to persistent cough, slow weight gain, and oily stools. Sweat test is",
  "demographics": {
    "age": "The patient is 4 months old.",
    "sex": "The patient is male."
  },
  "visit": {
    "date_time": "The visit occurred around mid-January 2025, with no exact date given. It was part of a series of consultations focused",
    "type": "Visit type: In-person consultation with sweat test planned; telemedicine could also be used if needed. Results"
  },
  "chief_complaint": "Persistent cough since birth, poor weight gain, oily stools, no fever, normal breathing. No other major illness noted. Focus on",
  "onset_duration": "The cough started around two weeks ago, with nighttime exacerbation. Appetite has declined over time, and stools were oily/bulky initially.",
  "symptom_description": "Persistent cough since birth, slowed weight gain, oily bulky stools, intermittent abdominal distension, occasional vomiting. No fever or dehydration noted.",
  "aggravating_factors": "Oily stools, poor appetite, slow weight gain, nocturnal cough, and fatigue are aggravating factors for this infant with suspected CF.",
  "relieving_factors": "The main symptom relief strategies discussed were hydration, nutrition optimization, and airway clearance techniques like chest physiotherapy (CPT). Regular home-based",
  "associated_symptoms": [
    "Persistent cough since birth, poor weight gain, oily stools, intermittent nasal discharge, fever, fatigue, recurrent infections, breathing difficulties, abdominal distension, vom"
  ],
  "past_medical_history": "No prior medical history was recorded in this conversation. The summary focuses on current symptoms, diagnostic plan, and treatment steps",
  "past_surgical_history": "Sweat test history: No prior surgery noted. No known surgeries or procedures related to CF mentioned.",
  "family_history": "Family history was not explicitly discussed in this conversation. No specific family history details were provided",
  "current_medications": [
    "Medications listed currently: N/A",
    "no current medications noted. Treatment plans depend on sweat test results and additional diagnostics. If needed, we’ll provide a medication"
  ],
  "allergies": "Allergies: None known. N/A.",
  "social_history": "Social history notes: - No tobacco use reported. - Alcohol consumption: occasional drinks around meals, no heavy drinking.",
  "functional_status": "Sweat test indicates CF suspicion; parent carrier status discussed; genetic counseling recommended; nutrition and infection control",
  "vital_signs": "- Age: 4 months old. - Weight trend: Slower weight gain over time. - Feeding: Appetite reduced; no",
  "examination_findings": "Sweat test result indicates CF suspicion; no definitive diagnosis yet. Additional tests discussed: chest X-ray, blood glucose, CBC,",
  "investigations": [
    "Sweat test: planned today",
    "if local facility unavailable, refer to larger center. - Chest X-ray: considered if needed to assess lung involvement. - Blood tests: CBC, liver functi"
  ],
  "assessment_primary_diagnosis": "Primary diagnosis: CF suspicion due to chronic cough, poor weight gain, and oily stools.",
  "differential_diagnoses": [
    "Stools: oily/steatorrhea",
    "slow weight gain",
    "intermittent diarrhea",
    "abdominal distension",
    "poor appetite",
    "nasal discharge"
  ],
  "management_plan": "- Management plan focuses on early detection and supportive care for suspected CF in a young infant. Key elements discussed include: -",
  "tests_referrals_planned": [
    "Sweat test: scheduled today or tomorrow",
    "results expected in 2–5 days. - Chest X-ray: considered if needed to assess lung involvement. - Blood tests: CBC, liver function tests, k"
  ],
  "follow_up_plan": "- Follow-up plan: - Schedule sweat test within two weeks if feasible; consider referral to larger",
  "chronology_response_to_treatment": "The conversation focuses on evaluating a young infant suspected of having cystic fibrosis (CF). Key points discussed include:",
  "patient_concerns_preferences_consent": "- Concerns: Persistent cough since birth, slow weight gain, oily stools; no fever or vomiting; no known allergies",
  "safety_issues_red_flags": "Red flags discussed include persistent cough since birth, poor weight gain, oily stools, and intermittent wheeze. These warrant",
  "coding_terms": "CF diagnosis: CF suspected due to chronic cough, poor weight gain, and oily stools; sweat test"
}