{
  "patient_identifiers": "The patient’s name was not explicitly given in the dialogue. The primary focus was on evaluating suspected cystic fibrosis in",
  "demographics": {
    "age": "The patient’s age is unclear from the dialogue. The conversation focuses on presenting symptoms and",
    "sex": "The patient’s gender is female. No other specific information was"
  },
  "visit": {
    "date_time": "The visit occurred around mid-August 2025, with sweat test scheduled for later this month. The family was prepared with growth",
    "type": "It was an outpatient visit focused on confirming or ruling out cystic fibrosis via sweat testing,"
  },
  "chief_complaint": "Persistent cough since birth, slower weight gain, nocturnal coughing, poor appetite, normal skin tone, no fever or severe chest congestion.",
  "onset_duration": "The cough has been present since birth, with nighttime exacerbation and slower weight gain. No fever or severe chest congestion",
  "symptom_description": "Persistent cough since birth, slower weight gain, nocturnal coughing, poor appetite, oily stools, intermittent nasal discharge. No fever or severe",
  "aggravating_factors": "Stress, poor diet, inadequate fluids, dehydration, infection, and environmental factors like dust or smoke can exacerbate CF symptoms. Regular hydration,",
  "relieving_factors": "Staying hydrated, good nutrition, adequate sleep, and regular airway clearance help manage CF-related symptoms. Regular CPT helps improve lung function",
  "associated_symptoms": [
    "Persistent cough since birth",
    "nocturnal cough more prominent",
    "slower weight gain",
    "poor appetite",
    "oily stools",
    "intermittent diarrhea"
  ],
  "past_medical_history": "Past medical history was limited. No specific diagnoses were made yet. The focus was on evaluating suspected CF by collecting",
  "past_surgical_history": "No surgical history was recorded during this visit. The focus was on presenting symptoms, diagnostic plan,",
  "family_history": "Family history was unclear; no known CF history in the family. The team will seek to",
  "current_medications": [
    "Nebulized albuterol twice daily",
    "Oral steroids as prescribed by physician",
    "Antihistamines for allergic reactions",
    "Vitamin D supplementation as advised"
  ],
  "allergies": "Allergies: None known. No food/dietary restrictions mentioned. If new allergy",
  "social_history": "Social history: The mother reports occasional smoking tobacco use during pregnancy and alcohol consumption. There’s no known family",
  "functional_status": "- The summary highlights the core CF-related issues and management steps discussed: - Presenting features and",
  "vital_signs": "- Temperature: normal body temperature around 36.5–37°C; occasional slight rise during fever episodes. - Heart rate: usually steady,",
  "examination_findings": "No CF detected by sweat test. Focus remains on nutrition, airway clearance, and regular monitoring. CF questionnaire and",
  "investigations": [
    "Sweat chloride test: planned today or tomorrow",
    "if unavailable, proceed with symptom-based assessment and referral to a major center. - Chest X-ray: may be done if indicated by f"
  ],
  "assessment_primary_diagnosis": "The primary diagnosis is suspected cystic fibrosis based on the child’s chronic cough, slow",
  "differential_diagnoses": [
    "CF-related dials include TB, malnutrition, pneumonia, and other respiratory illnesses. Semantically distinct alternatives would be tuberculosis"
  ],
  "management_plan": "- Management plan based on CF suspicion: - Start with sweat testing at a major center if feasible; otherwise use symptom-based criteria.",
  "tests_referrals_planned": [
    "Sweat test: scheduled for tomorrow morning at a nearby major hospital",
    "results expected in 24-72 hours. - Chest X-ray: may be done today or tomorrow depending on urgency and"
  ],
  "follow_up_plan": "- Follow-up plan based on sweat test result: - If sweat test is positive: initiate nutrition",
  "chronology_response_to_treatment": "Patient has completed sweat test and is awaiting results. No definitive diagnosis yet. The plan includes continued documentation",
  "patient_concerns_preferences_consent": "- Patient background: 3-month-old girl with chronic cough since birth, slow weight gain, nocturnal coughing, and poor appetite.",
  "safety_issues_red_flags": "- Persistent cough, poor weight gain, nasal discharge, wheezing, recurrent infections, vomiting, dehydration, pale skin, lethargy, or worsening",
  "coding_terms": "CFQ: CF questionnaire; CF screening; sweat test; nutrition; airway clearance; dehydration; infection prevention; referral; subsidy; travel"
}