{
  "patient_identifiers": "The patient’s name was not provided in the dialogue. The conversation focused on CF-related symptoms and initial management rather than",
  "demographics": {
    "age": "The patient’s age is 6 months old.",
    "sex": "The patient’s gender is female."
  },
  "visit": {
    "date_time": "The visit occurred around mid-January 2025, with the exact date not provided in the dialogue. The patient was seen for",
    "type": "Visit was an in-person one-day clinic visit focused on collecting symptom and stool data, preparing for"
  },
  "chief_complaint": "Persistent cough since birth, oily stools, slow weight gain, and fat malabsorption signs prompting suspicion of cystic fibrosis. No definitive",
  "onset_duration": "The patient has had persistent cough since birth, significant weight loss, and oily stools, suggesting chronic respiratory issues rather than",
  "symptom_description": "Persistent nighttime cough, oily stools, slow weight gain, intermittent wheezing, mild fatigue, no fever or night sweats. These are key",
  "aggravating_factors": "Stools that are oily, frequent vomiting, dehydration, fatigue, and poor weight gain are aggravating factors for CF patients. These can",
  "relieving_factors": "Stools become more oily and bulky, cough improves slightly, energy increases, appetite returns, weight gain resumes, overall health improves. These",
  "associated_symptoms": [
    "Stools: oily stools",
    "fat malabsorption signs",
    "intermittent diarrhea",
    "abdominal distension",
    "occasional vomiting",
    "weight loss"
  ],
  "past_medical_history": "No prior medical history provided. Focus shifts to current symptoms, risk factors, and planned diagnostics. No specific past conditions mentioned.",
  "past_surgical_history": "No prior surgery known. Cancer-related issues were discussed later in the dialogue. The summary will focus",
  "family_history": "Family history was not provided during the dialogue. The clinician notes that if there were questions",
  "current_medications": [
    "Stool diary: oily stools",
    "stool consistency varies",
    "fat malabsorption signs may be subtle. Stool diary notes: - Oiliness: oily stools observed",
    "stool consistency varies"
  ],
  "allergies": "Allergies: None known. N/A.",
  "social_history": "Social history: Father is a tobacco user and alcohol consumer; mother has quit smoking but continues drinking. Both",
  "functional_status": "Stool diary started today; sweat test planned after initial results; genetic testing considered if sweat test",
  "vital_signs": "- Weight: ~6 kg; height ~75 cm; age ~24 months. - Oxygen saturation: normal. - Heart rate: ~90",
  "examination_findings": "Stool diary shows oily stools and fat malabsorption signs; no fever or night sweats; weight stable but appetite",
  "investigations": [
    "Sweat chloride testing planned",
    "if not feasible, proceed with stool diary and symptom diary",
    "genetic testing considered if sweat testing delays. - Chest X-ray planned if indicate"
  ],
  "assessment_primary_diagnosis": "Primary diagnosis: Cystic Fibrosis (CF). Confirmation through sweat testing remains the mainstay, with genetic",
  "differential_diagnoses": [
    "Stools that are oily or pale",
    "slow weight gain",
    "chronic cough",
    "abdominal distension",
    "fat malabsorption signs"
  ],
  "management_plan": "Stool diary and weight tracking start now; sweat test planned after initial results; genetic testing considered if sweat test inconclusive; CF management",
  "tests_referrals_planned": [
    "Sweat chloride test: planned first step",
    "may be delayed due to transport/logistics issues. - Chest X-ray: considered after sweat test if needed. - Genetic testing: considered if"
  ],
  "follow_up_plan": "- Follow-up plan after Sweat Test: - If positive: start CF-management (Chest Physiotherapy [CPT], Pancreatic Enzymes",
  "chronology_response_to_treatment": "Stool diary started today; sweat test planned after initial results; genetic testing considered if sweat test is delayed;",
  "patient_concerns_preferences_consent": "Symptoms: Persistent nocturnal cough, significant weight loss, oily stools, abdominal distension, poor appetite. Diagnosis concern: Cystic fibrosis (CF);",
  "safety_issues_red_flags": "Red flags for CF-related issues in this child: - Persistent cough after age 6 months. - Fatigue during",
  "coding_terms": "Stool Diary: daily record of stool type/color/odor/frequency; oily stools suggest fat malabsorption. Enzyme Management: PERT dosing"
}