{
  "patient_identifiers": "The patient’s name was not provided in the dialogue. The conversation focused on CF evaluation and general pediatric health topics",
  "demographics": {
    "age": "The patient’s age is 5 months old.",
    "sex": "The patient’s gender is female. No other details provided."
  },
  "visit": {
    "date_time": "The visit occurred around mid-January 2024, with sweat test planned within about two weeks. The team prepared a growth/stool diary",
    "type": "Visit type: In-person assessment with possible telemedicine consultation; sweat test planned first; genetic testing considered later"
  },
  "chief_complaint": "Persistent cough since birth, poor weight gain, oily/greasy stools, intermittent wheeze, and slow growth. No fever or dehydration noted. No",
  "onset_duration": "The patient has had persistent cough since birth, with worsening at night, and poor weight gain over several months. The",
  "symptom_description": "Steady cough, poor weight gain, oily/oily stools, intermittent wheeze, nocturnal cough, mild fatigue, normal appetite. No fever or dehydration noted",
  "aggravating_factors": "Stressful situations like infections, poor nutrition, dehydration, and inadequate sleep exacerbate CF symptoms. Regular follow-ups help catch issues early and",
  "relieving_factors": "Staying hydrated, balanced nutrition, adequate sleep, and regular follow-ups. Regular weigh-in helps monitor weight changes and detect trends early. Early",
  "associated_symptoms": [
    "Persistent cough since birth",
    "nocturnal worsening",
    "poor weight gain",
    "oily/greasy stools",
    "intermittent diarrhea",
    "variable appetite"
  ],
  "past_medical_history": "Past medical history was limited. No formal diagnosis or chronic conditions were mentioned. The focus was on presenting symptoms and",
  "past_surgical_history": "Surgical history was not provided. The focus is on presenting symptoms, growth, stool pattern, and planned",
  "family_history": "Family history was noted as potentially CF-related, but specific details were not provided. The clinician advised",
  "current_medications": [
    "Semiprecious medications: Pancreatic enzymes (e.g., Panlipase, Enzar Forte), insulin (if needed). - Dosage adjustments depend on age, weight, and overall health",
    "start small"
  ],
  "allergies": "None of the patient’s known allergies were mentioned. The primary",
  "social_history": "Social history: The patient’s father has quit tobacco recently, but alcohol use is still an issue. Alcohol use",
  "functional_status": "- The summary highlights that the dialogue describes an infant CF evaluation workflow from diagnosis through",
  "vital_signs": "- Temperature: normal body temperature range 36–37°C; morning baseline preferred. - Heart rate: usually steady around 100–120 beats",
  "examination_findings": "- No exam performed yet; focus on gathering data and establishing CF evaluation pathway. - Symptom pattern: persistent",
  "investigations": [
    "Sweat chloride test planned",
    "genetic testing considered if sweat test indicates CF. - Chest X-ray planned if needed for diagnosis or differential. - Stool analysis planned to ass"
  ],
  "assessment_primary_diagnosis": "Primary diagnosis: CF suspicion due to chronic cough, poor weight gain, and oily stools.",
  "differential_diagnoses": [
    "TB vs pneumonia: TB considered if there’s a high fever, night sweats, night cough, or"
  ],
  "management_plan": "- **Management Plan** - Confirm CF diagnosis via sweat test; genetic testing if needed. - Initiate nutrition-focused CF care: high-calorie formula, fat-soluble",
  "tests_referrals_planned": [
    "Sweat chloride test: scheduled within 1–2 weeks",
    "results expected in 1–3 days if done promptly. - Genetic testing: considered after sweat test results",
    "costs and subsidies discus"
  ],
  "follow_up_plan": "- Follow-up plan: - Monitor weight and appetite daily; adjust feeding schedule as needed. - Maintain",
  "chronology_response_to_treatment": "- The dialogue outlines an infant CF evaluation workflow from presentation to planned tests and diagnostics, focusing on",
  "patient_concerns_preferences_consent": "- Patient concerns: Persistent cough since birth, poor weight gain, oily/oatmeal-like stools; no fever or vomiting; no known",
  "safety_issues_red_flags": "- Persistent or worsening cough, poor weight gain despite feeding, oily/fat-rich stools, recurrent infections, wheezing, dehydration signs, rapid",
  "coding_terms": "Cystic_fibrosis, CF, nutrition, airway clearance, enzymes, infections, dehydration, hydration, electrolytes, antibiotics, TB-differential, genetics-testing, subsidies, travel, lang"
}