{
  "patient_identifiers": "Lakshmi, 6 months old, rural Indian child with chronic cough, oily/greasy stools, and slow weight gain. No prior CF diagnosis.",
  "demographics": {
    "age": "Lakshmi is approximately 4 months old. She has been referred for CF screening due to",
    "sex": "Lakshmi is female. She is 8 months old. The gender"
  },
  "visit": {
    "date_time": "The visit occurred sometime between 15–20 April 2025, with Lakshmi being 8 months old. The exact date was not provided",
    "type": "Visit was an in-person one-day visit with Lakshmi and her mother, followed by a two-week follow-up."
  },
  "chief_complaint": "Cough with oily/greasy stools, slow weight gain, intermittent abdominal distension, and nocturnal cough. These features suggest suspicion for cystic fibrosis",
  "onset_duration": "Lakshmi has had persistent cough since birth with oily/greasy stools and intermittent abdominal distension. The exact duration is unclear, but",
  "symptom_description": "Persistent nocturnal cough with oily/greasy stools, slow weight gain, intermittent abdominal distension. No fever, no significant respiratory distress. These features",
  "aggravating_factors": "Fatigue, dehydration, fever, respiratory distress, poor appetite, weight loss, irritability, vomiting, diarrhea, dehydration, fatigue, and recurrent infections.",
  "relieving_factors": "Lifestyle modifications discussed include avoiding irritants like dust, cleaning house regularly, maintaining good oral hygiene, and ensuring adequate hydration. Regular",
  "associated_symptoms": [
    "Cough, oily/greasy stools, slow weight gain, abdominal distension, nasal congestion, recurrent respiratory infections, fever, night sweats, fatigue, dehydration, poor appetite, vom"
  ],
  "past_medical_history": "Lakshmi has had chronic cough since infancy with oily/greasy stools and intermittent abdominal distension. No prior diagnosis of cystic fibrosis",
  "past_surgical_history": "No prior surgery was performed. The team will proceed with the outlined diagnostic steps and management",
  "family_history": "Lakshmi has no documented family history of cystic fibrosis (CF). Her mother reports she was born",
  "current_medications": [
    "No medications listed yet. The team will gather this information once sweat test results are available. Meanwhile, we’ll keep Lakshmi’s diet and hydration intact"
  ],
  "allergies": "Lakshmi has no known food allergies or severe skin reactions.",
  "social_history": "Social history: Lakshmi has never smoked tobacco before this visit. Alcohol use is infrequent and limited to occasional",
  "functional_status": "Lakshmi has been evaluated for suspected cystic fibrosis (CF) with a structured plan including a diary,",
  "vital_signs": "Lakshmi has a slightly elevated temperature (36.5–37°C), normal heart rate, and good breathing with occasional wheeze. No fever.",
  "examination_findings": "No respiratory sounds were heard; no wheeze noted. No fever or night sweats observed. The child was described",
  "investigations": [
    "Sweat test (primary) to confirm CF",
    "Chest X-ray and stool analysis as part of differential diagnosis",
    "Blood tests as indicated",
    "Nutrition and hydration plan initiated if"
  ],
  "assessment_primary_diagnosis": "Primary diagnosis: Chronic respiratory illness with oily stools and slow weight gain, suggestive of",
  "differential_diagnoses": [
    "Cystic Fibrosis-related differential diagnoses: - Chronic respiratory illness with poor weight gain and oily stools suggests"
  ],
  "management_plan": "- Sweat test is the primary diagnostic step with results typically available in 2–3 days. If sweat test is positive, initiate a",
  "tests_referrals_planned": [
    "Sweat test: primary diagnostic test for CF",
    "performed at nearest CF clinic with results typically in 2–3 days. - Chest X-ray: may be done if indicated",
    "often part of"
  ],
  "follow_up_plan": "- Follow-up plan after Sweat Test result: - If Sweat Test is positive: - Initiate nutrition-first",
  "chronology_response_to_treatment": "Lakshmi undergoes Sweat Test today with initial results pending. Results will determine whether CF confirmation is achieved and",
  "patient_concerns_preferences_consent": "Lakshmi presents with chronic nocturnal cough, oily/greasy stools, and slow weight gain. She has been referred for sweat",
  "safety_issues_red_flags": "Red flags for CF screening include persistent cough with oily/greasy stools, slow weight gain, and recurrent respiratory infections",
  "coding_terms": "CF-risk profile, CF-care-navigation, diary-review-cadence, nutrition-first-plan, hydration-protocol, infection-prevention, genetic-testing-adjunct, carrier-status, CF-family-suppor"
}