{
  "patient_identifiers": "The patient's name was not explicitly stated in the dialogue. The primary focus was on Riya’s condition with symptoms and",
  "demographics": {
    "age": "The patient’s age is unclear, so I’ll provide a placeholder response: The patient is aged",
    "sex": "The patient’s gender is female."
  },
  "visit": {
    "date_time": "The visit occurred around mid-January 2025, with Riya's mother attending. The exact date wasn't given, so I'll say \"mid-January 2025\"",
    "type": "It was a follow-up visit with Riya’s mother, who brought her daughter to assess progress and"
  },
  "chief_complaint": "Persistent cough with oily stools and poor weight gain, plus intermittent diarrhea and abdominal discomfort. No clear family history of",
  "onset_duration": "The cough started soon after birth, with worsening at night. The weight trajectory was inconsistent, suggesting malnutrition despite breastfeeding. There",
  "symptom_description": "Persistent cough with oily or thick secretions, poor weight gain, intermittent diarrhea, and fat malabsorption signs suggestive of fat malabsorption.",
  "aggravating_factors": "Fat malabsorption, dehydration, and fatigue are aggravating factors for Riya with CF suspected. Dehydration risk increases during illness, especially when",
  "relieving_factors": "Fat-rich diet, adequate hydration, regular CPT, good sleep hygiene, and avoiding irritants. If symptoms persist despite these measures, consider additional",
  "associated_symptoms": [
    "Persistent cough with oily or thick secretions",
    "slow weight gain",
    "intermittent diarrhea",
    "abdominal discomfort",
    "oily stools",
    "no clear family history of CF. Semicolon-separated lis"
  ],
  "past_medical_history": "Past medical history was limited. Riya’s cough started soon after birth with oily stools and slow weight gain. There were",
  "past_surgical_history": "Surgical history was not recorded during this visit. The patient’s history pertains to CF evaluation and",
  "family_history": "Family history was unclear; no known TB exposure or CF family history noted. The primary concern",
  "current_medications": [
    "Semopthine (10 mg/kg/day), folic acid supplement, vitamin D3",
    "antibiotics reserved for infection",
    "thyroid supplements based on lab values",
    "N/A if no labs yet"
  ],
  "allergies": "None of Riya has known food allergies or severe reactions",
  "social_history": "Social history: Riya is a rural infant with chronic cough, poor weight gain, and oily stools. There’s no",
  "functional_status": "Summary of functional status: - Riya’s condition is suspected to be CF-related based on chronic cough,",
  "vital_signs": "- Weight: 5 kg; height: 60 cm; abdomen: soft with some distension; overall good growth trajectory despite cough",
  "examination_findings": "- Examine findings: - Respiratory sounds: normal with some wheezing noted at times. - Growth: slow weight gain",
  "investigations": [
    "Sweat test: primary confirmatory test for CF",
    "considered first if local access is limited. - Genetic testing: considered as an alternative when sweat testing is unavailable or in"
  ],
  "assessment_primary_diagnosis": "Primary diagnosis: Chronic cough with oily stools and poor weight gain raises suspicion for",
  "differential_diagnoses": [
    "TB, malnutrition, infections, allergic reaction, food allergy, hematological issues, metabolic disorders, etc",
    "N/A if not specified"
  ],
  "management_plan": "- Management plan based on CF-suspected Riya’s presentation: - Confirm diagnosis with Sweat Test at a major center (CMC Vellore). Genetic testing",
  "tests_referrals_planned": [
    "Sweat test: primary confirmatory test for CF",
    "if local access is limited, refer to larger centers like CMC Vellore. - Genetic testing: considered as an alternative when sweat tes"
  ],
  "follow_up_plan": "- Follow-up plan: - Schedule Sweat Test with Riya at a major center (CMC Vellore) within",
  "chronology_response_to_treatment": "The conversation follows a structured CF workup pathway: 1) Initial evaluation and diagnosis - Riya’s symptoms: persistent cough",
  "patient_concerns_preferences_consent": "- Riya’s primary concerns: persistent cough with oily stools, slow weight gain, and intermittent diarrhea; no clear family",
  "safety_issues_red_flags": "- Persistent cough with oily secretions, poor weight gain, and oily stools strongly suggest CF risk. Red flags",
  "coding_terms": "CF, CF screening, CF-related issues, CF-related tests, CF-related nutrition, CF-related airway clearance, CF-related genetics, CF-related enzymes,"
}