{
  "patient_identifiers": "The patient’s name was not explicitly given in the dialogue. The conversation focused on CF-related symptoms and testing, rather than",
  "demographics": {
    "age": "The patient is 4 months old.",
    "sex": "The patient’s gender is female. N/A if unknown."
  },
  "visit": {
    "date_time": "The visit occurred around mid-January 2025, when the initial consultation was arranged. The exact date wasn't given, so I'll say",
    "type": "It was an outpatient visit focused on confirming CF via sweat testing, with initial assessment of"
  },
  "chief_complaint": "Persistent cough since birth, with intermittent poor weight gain and no obvious digestive issues. The primary concern is suspected cystic",
  "onset_duration": "The cough has been present since birth, so it’s several years now. The exact duration wasn't specified in the summary,",
  "symptom_description": "Persistent cough since birth, intermittent poor weight gain, oily stools, intermittent wheezing, mild nasal congestion, no severe breathing difficulties. No",
  "aggravating_factors": "Cough, poor appetite, weight loss, and recurrent lung infections can exacerbate CF-related symptoms. Dehydration and malnutrition also contribute to overall",
  "relieving_factors": "Diary-based symptom tracking, regular feeds, hydration, and gentle chest physiotherapy helps manage CF-related symptoms. Nutrition and hydration remain central; chest",
  "associated_symptoms": [
    "Cough, poor weight gain, nocturnal breathing sounds, oily stools, intermittent diarrhea, nasal congestion, recurrent pneumonia, fatigue, pale complexion, rapid breathing during ill"
  ],
  "past_medical_history": "No prior medical history recorded. The patient’s current status is CF suspected due to persistent cough and poor weight gain.",
  "past_surgical_history": "Surgical history was not provided during this encounter. The summary focuses on CF-related symptoms, diagnostics, and",
  "family_history": "Family history was noted as potentially CF-related, suggesting that the child could have inherited CF traits.",
  "current_medications": [
    "N/A : There were no medications listed during this visit. The patient was evaluated for CF rather than being treated for any specific"
  ],
  "allergies": "None of the patient's allergies were listed. The question asks",
  "social_history": "Social history: The patient’s father has quit tobacco recently, but alcohol use persists. There is no known family",
  "functional_status": "Diary keeps track of cough timing, feeding amounts, stool color/consistency, and weight trend; growth charts and",
  "vital_signs": "Age: 4 months. Weight: ~6 kg; height ~40 cm. Cough: intermittent, worse at night; feeds well; no marked",
  "examination_findings": "No clear exam findings were presented in this dialogue. The conversation focused on CF risk assessment and sweat",
  "investigations": [
    "Diary/growth data, stool characteristics, cough timing, weight trajectory, skin condition, and current medications/drugs. N/A if not known"
  ],
  "assessment_primary_diagnosis": "The primary diagnosis is suspected cystic fibrosis (CF). The plan includes a sweat test",
  "differential_diagnoses": [
    "Cystic Fibrosis, TB, malnutrition, infectious mononucleosis, lymphocytic lymphoma, idiopathic pulmonary disease, etc. N/A if not specified"
  ],
  "management_plan": "- Sweat test is the primary diagnostic step; if negative, proceed with clinical assessment and nutritional counseling; if positive, start CF-focused management",
  "tests_referrals_planned": [
    "Diary/growth data, sweat test, chest x-ray, blood tests, imaging, genetics, referral centers, subsidy details, travel arrangements, consent forms, language support, contact person"
  ],
  "follow_up_plan": "- Follow-up plan includes: - Sweat test confirmation: if positive, start CF management; if negative, continue",
  "chronology_response_to_treatment": "Diary and growth tracking will be started today; sweat test results will determine whether CF management begins immediately",
  "patient_concerns_preferences_consent": "Symptoms: Persistent cough since birth, intermittent poor weight gain, no marked digestive issues. Diagnosis concern: Possible cystic fibrosis",
  "safety_issues_red_flags": "Red flags for CF suspected in an infant: - Persistent cough >2 weeks, especially when combined with poor",
  "coding_terms": "CF-related codes: CF-related codes will appear later in the dialogue when sweat test results are received."
}