{
  "patient_identifiers": "The patient’s name was not provided in the dialogue. The conversation focused on presenting symptoms and planned diagnostics rather than",
  "demographics": {
    "age": "The patient is 14 months old.",
    "sex": "The patient’s gender is female."
  },
  "visit": {
    "date_time": "The visit occurred around mid-January 2025, with follow-ups planned every few days until March 2025. The exact date wasn't provided",
    "type": "Follow-up visit focused on reviewing diary entries and growth charts, confirming sweat test status, initiating or"
  },
  "chief_complaint": "Persistent cough since birth, poor weight gain, oily stools, and intermittent abdominal discomfort. No fever or chest sounds noted yet.",
  "onset_duration": "The cough has persisted since birth, but there’s no clear timeline for its onset. It started around 6 months, then",
  "symptom_description": "Persistent cough, oily stools, slow weight gain, intermittent diarrhea, fatigue, occasional vomiting, mild breathing difficulty. No fever or severe chest",
  "aggravating_factors": "Fat malabsorption due to poor digestion and inadequate energy supply, especially during fasting or low-carb diets. Also related to dehydration",
  "relieving_factors": "Fat-soluble vitamins, pancreatic enzymes, hydration, salt supplementation, airway clearance, nutrition, infection prevention, caregiver training, financial assistance, genetic coun",
  "associated_symptoms": [
    "Persistent cough since birth",
    "oily stools",
    "slow weight gain",
    "intermittent diarrhea",
    "fatigue",
    "poor appetite"
  ],
  "past_medical_history": "No prior medical history provided. Focus shifts to presenting symptoms, diagnostic plan, and interim management. No specific past conditions mentioned.",
  "past_surgical_history": "No surgical history provided. Focus remains on presenting symptoms, diagnostics, and management for suspected CF. No",
  "family_history": "Family history was not provided in the dialogue. No specific family history was recorded. The focus",
  "current_medications": [
    "Semiformal medicines: Pancreatic enzyme tablets (Panlipase, Enzar Forte), fat-soluble vitamins A, D, E, K",
    "antibiotics as directed",
    "antihistamines for allergic reactions",
    "antacid"
  ],
  "allergies": "None of the child has known food allergies. Allergies are",
  "social_history": "Social history includes tobacco exposure (smoking and smokeless), alcohol use, and family history of chronic lung disease. No",
  "functional_status": "The summary highlights the core CF-focused plan: - Symptom presentation: persistent cough since birth, slow weight",
  "vital_signs": "Age: 14 months old. Weight: ~7 kg; height ~65 cm. Feeding: Milk substitute (whole milk), ghee, paneer, nuts;",
  "examination_findings": "No clear exam findings were provided in this dialogue. The focus was on presenting symptoms, potential diagnosis, and",
  "investigations": [
    "Sweat chloride test planned",
    "local labs preferred",
    "if unavailable, refer to larger centers (AIIMS, PGI Chandigarh, CMC Vellore). - Diaries maintained: cough timing, stool color/c"
  ],
  "assessment_primary_diagnosis": "Primary diagnosis: Cystic Fibrosis (CF). Confirmation depends on Sweat chloride testing, which is the",
  "differential_diagnoses": [
    "bronchitis, pneumonia, tuberculosis, malnutrition, dehydration, infections",
    "N/A if not known"
  ],
  "management_plan": "- Management plan focuses on confirming CF through sweat chloride testing, using a simple home diary to document symptoms and growth, initiating",
  "tests_referrals_planned": [
    "Sweat chloride test: scheduled for today or tomorrow",
    "local lab preferred",
    "if unavailable, refer to nearby major centers (AIIMS, PGI Chandigarh, CMC Vellore). - Diaries and growt"
  ],
  "follow_up_plan": "Follow-up plan includes: - Continue diary tracking: cough timing, stool color/consistency, and weight trend. - Monitor",
  "chronology_response_to_treatment": "Diary started today; sweat test planned soon; nutrition focused on high-calorie foods; enzymes to begin once confirmed; CPT",
  "patient_concerns_preferences_consent": "- Patient concerns: - Persistent cough since birth, slower weight gain, oily stools, intermittent abdominal discomfort. - No",
  "safety_issues_red_flags": "Red flags to watch for in this patient: persistent cough, poor weight gain, oily stools, recurrent infections, fatigue,",
  "coding_terms": "CF, CF-related diarrhea, CF-related fat malabsorption, CF-related fat-soluble vitamins, CF-related enzyme needs, CF-related CPT, CF-related dehydration,"
}