{
  "patient_identifiers": "The patient's name was Sumit Kumar, age 52, Kolkata, India. He has several chronic conditions including hypertension, diabetes, and heart",
  "demographics": {
    "age": "The patient is 52 years old.",
    "sex": "The patient is female."
  },
  "visit": {
    "date_time": "The visit occurred on October 1st, 2024, around 9:00 AM. The team was preparing for baseline evaluations including neck exam,",
    "type": "It was an outpatient visit focused on baseline screening and risk-factor assessment for head-and-neck cancer, followed"
  },
  "chief_complaint": "Persistent throat pain, hoarseness, and mild dysphagia persisting over days. No weight loss or fever reported. The clinician notes that",
  "onset_duration": "The symptoms started around 4 weeks ago, but exact onset isn't precisely known. The baseline visit will document when they",
  "symptom_description": "Persistent throat pain, hoarseness, voice change, mild dysphagia, nocturnal symptoms, ongoing weight loss absent.",
  "aggravating_factors": "Mouth ulcers, spicy/acidic foods, radiation-related mucosal irritation, dehydration, inadequate hydration, infections, and fatigue can exacerbate symptoms.",
  "relieving_factors": "Saline rinses, warm saltwater gargles, gentle humidification, and adequate hydration. Avoid irritants like spicy foods and very hot beverages.温和的口腔护理和充足的水分很重要。如果症状持续或加重，及时联系医疗团队。",
  "associated_symptoms": [
    "Persistent sore throat - Hoarseness - Voice change - Dysphagia - Night-time exacerbations - Weight loss - Painful swallowing - Unilateral ear pain - No significant weight loss"
  ],
  "past_medical_history": "Past medical history was limited. No major chronic conditions were mentioned. The focus was on risk factors (smokeless tobacco, alcohol,",
  "past_surgical_history": "No prior surgeries were performed. The team will collect relevant details during the next visit.",
  "family_history": "Family history was not explicitly documented here. The summary focuses on the patient's risk factors, symptoms,",
  "current_medications": [
    "Paracetamol 1g daily",
    "antibiotics as prescribed by doctor",
    "NSAIDs avoided unless advised",
    "chewable forms preferred for children",
    "avoid alcohol/drugs that interact with meds"
  ],
  "allergies": "None known allergy reported by Sumit. Allergy history will be",
  "social_history": "Past tobacco use: Smokeless tobacco (khaini/gutkha) for many years; intermittent cigarette smoking in the past; dual-use pattern acknowledged.",
  "functional_status": "Summit summary: - Patient profile and context - Sumit, 52-year-old man from Kolkata, with several months",
  "vital_signs": "- Blood pressure: normal. - Heart rate: stable. - Respiratory rate: steady. - Temperature: normal body temperature. -",
  "examination_findings": "No visible mucosal lesions detected during the exam. No abnormal swelling or lumps observed. The clinician notes that",
  "investigations": [
    "CT/MRI: CT is the primary imaging modality",
    "MRI can be added if CT is inconclusive or suspicious. Blood tests include CBC, liver function tests, kidney function tests, and fasting"
  ],
  "assessment_primary_diagnosis": "Primary diagnosis isn't yet known. The patient has throat symptoms including hoarseness, nocturnal pain,",
  "differential_diagnoses": [
    "Chronic laryngopharyngeal reflux leading to cough and throat symptoms. - Laryngopharyngeal reflex disorder (LPRD) with"
  ],
  "management_plan": "- Sumit undergoes baseline evaluations including neck lymph nodes, ENT exam, and basic labs today. Imaging (CT preferred initially) will guide next",
  "tests_referrals_planned": [
    "CT/MRI: CT is preferred for initial staging",
    "MRI can be added if CT is inconclusive or suspicious. Imaging slots will be arranged based on availability. Pathology results expected"
  ],
  "follow_up_plan": "Follow-up plan after CT/MRI: - Schedule a second visit within 4 weeks to discuss imaging results",
  "chronology_response_to_treatment": "The conversation covered several key topics including: 1) Diagnostic plan and next steps - Baseline exams (neck lymph",
  "patient_concerns_preferences_consent": "Consent given for baseline investigations and future treatments; willingness to undergo imaging and biopsy if indicated by findings.",
  "safety_issues_red_flags": "Red flags include persistent sore throat, difficulty swallowing, unilateral ear pain, new lump, or worsening breathing. These should",
  "coding_terms": "CT scan, MRI, TNM staging, MDT, radiation therapy, chemotherapy, supportive care, rehabilitation, dietitian, social worker, financial"
}