{
  "patient_identifiers": "The patient’s name was not explicitly identified in the dialogue. The conversation focused on presenting symptoms and CF-related diagnostics rather",
  "demographics": {
    "age": "The patient’s age is 4 months old.",
    "sex": "The patient’s gender is female. They are an infant aged"
  },
  "visit": {
    "date_time": "The visit occurred around mid-January 2025, with sweat test scheduled for later that week. The family brought along growth charts,",
    "type": "Visit type: In-person clinic visit with possible telemedicine options discussed. No specific appointment date given. The"
  },
  "chief_complaint": "Persistent cough since birth, slow weight gain, oily stools, intermittent wheezes at night, and poor appetite. No fever. Focus on",
  "onset_duration": "Symptoms started around birth, with worsening over time, but exact duration isn’t clear from the dialogue. The focus remains on",
  "symptom_description": "Persistent cough, poor weight gain, oily stools, slow growth, intermittent wheezes, oily stools, possible fat malabsorption signs. No fever. These",
  "aggravating_factors": "Stressful situations like travel, poor diet quality, inadequate sleep, and environmental factors can exacerbate CF symptoms. Regular monitoring helps identify",
  "relieving_factors": "Diary-based relief measures discussed: maintain a daily symptom diary (cough timing/characteristics, stool color/consistency, feeding volume, weight trend); monitor growth chart;",
  "associated_symptoms": [
    "Persistent cough since birth",
    "nocturnal breathing difficulties",
    "slow weight gain",
    "oily stools or steatorrhea",
    "intermittent nose blockage",
    "possible fatigue"
  ],
  "past_medical_history": "Past medical history was missing from the dialogue. The focus was on presenting symptoms, diagnostic plan, and initial management rather",
  "past_surgical_history": "Surgical history was not documented here. The focus was on presenting symptoms, diagnostic plan, and initial",
  "family_history": "Family history was not provided in the dialogue. The clinician noted that CF can occur in",
  "current_medications": [
    "Semprin (semprin)",
    "Pancrelipan (Pancreatic Enzyme)",
    "Entecavir (Entecavir)",
    "Metformin (Metformin)",
    "Insulin (Insulin)",
    "Vitamin D"
  ],
  "allergies": "Allergies noted: No known food allergies or other significant allergies",
  "social_history": "Social history: The mother reports tobacco use (smoking) and alcohol consumption; she has quit smoking but continues drinking",
  "functional_status": "- The patient is an infant aged 4 months with persistent cough, poor weight gain, and",
  "vital_signs": "- Weight: 5.5 kg; height ~60 cm; head circumference ~32 cm; overall growth noted as slow but improving",
  "examination_findings": "- No exam performed yet; focus on presenting symptoms and risk factors. - Persistent cough since birth, nocturnal",
  "investigations": [
    "Sweat chloride testing: planned today or tomorrow",
    "if local lab unavailable, refer to larger center. - Genetic testing: planned after sweat test",
    "cost varies",
    "often covered by in"
  ],
  "assessment_primary_diagnosis": "Primary diagnosis: Cystic Fibrosis (CF). CF is suspected based on chronic cough, poor weight",
  "differential_diagnoses": [
    "TB-like illness due to chronic respiratory symptoms and poor weight gain. - Malnutrition-related conditions like"
  ],
  "management_plan": "- Immediate management plan after sweat test-positive CF diagnosis: - Initiate multidisciplinary CF care: pulmonology, nutrition, infection control, and social work coordination.",
  "tests_referrals_planned": [
    "Sweat chloride test: primary diagnostic test",
    "if unavailable locally, refer to larger centers. - Genetic testing: considered after sweat testing",
    "typically done separately from o"
  ],
  "follow_up_plan": "- Follow-up plan after sweat test result: - If sweat test confirms CF: begin multidisciplinary CF",
  "chronology_response_to_treatment": "- Patient status: The patient has been evaluated for possible CF and is undergoing sweat testing. Results are",
  "patient_concerns_preferences_consent": "- Patient concerns: Symptoms described were persistent cough, poor weight gain, oily stools, and slow growth. No fever",
  "safety_issues_red_flags": "- Persistent cough after 6 months, poor weight gain, oily stools, abdominal distension, recurrent pneumonia, fatigue, or unexplained",
  "coding_terms": "Cystic_fibrosis, CF, childhood_cough_stories, nutrition, enzymes, airway_clearance, multidisciplinary_team, CF_suspect_diary, sweat_test_slot, growth_chart, diary_template, CF_conf"
}