{
  "patient_identifiers": "Rohit Kumar, age ~10 months, presenting with persistent cough, slower weight gain, oily/dry skin, and intermittent wheeze. No fever or",
  "demographics": {
    "age": "Rohit is about 10 months old. The exact date of birth wasn't specified in the",
    "sex": "The patient is male."
  },
  "visit": {
    "date_time": "The visit occurred around mid-January 2025, with Rohit's age about 10 months old. The exact date wasn't specified in the",
    "type": "It was an outpatient visit focused on documenting Rohit's cough, weight, and feeding history, preparing for"
  },
  "chief_complaint": "Persistent cough since birth, oily/dry skin, slow weight gain, and oily stools suggest consideration of cystic fibrosis (CF). CF can",
  "onset_duration": "Rohit's cough started shortly after birth and worsened over time, with slower weight gain and oily/dry skin noted by the",
  "symptom_description": "Persistent cough, oily/oily-smelling stools, slow weight gain, intermittent wheeze, nocturnal breathing difficulty, and occasional abdominal distension. No fever or significant",
  "aggravating_factors": "Fatigue, dehydration, fever, worsening cough, weight loss, breathing difficulties, and recurrent infections can exacerbate CF symptoms. Regular monitoring helps identify",
  "relieving_factors": "Diary updates suggest relief from dehydration and improved appetite after hydration and nutrition adjustments. Rohit's weight continues to increase slowly,",
  "associated_symptoms": [
    "Persistent cough since birth",
    "oily/dry skin",
    "slow weight gain",
    "nocturnal breathing difficulty",
    "intermittent wheeze",
    "no fever"
  ],
  "past_medical_history": "Past medical history was limited. No specific diagnosis or treatment decisions were made yet. Rohit's symptoms included persistent cough, slower",
  "past_surgical_history": "No surgical history was recorded. The focus was on presenting symptoms, risk factors, and diagnostic pathway",
  "family_history": "Family history was not explicitly documented by the clinician. The dialogue focuses on presenting symptoms and",
  "current_medications": [
    "Semopthetin",
    "Nebulizer nebulized medication",
    "Antihistamine",
    "Antibiotics",
    "Inhalers",
    "Diabetic meds"
  ],
  "allergies": "Allergies noted: No known food allergy or severe drug allergy",
  "social_history": "Social history includes tobacco exposure (smoking) and alcohol use (beverages). The emphasis is on recognizing risk factors and",
  "functional_status": "Short summary: - Key events and findings from the dialogue: - Symptoms noted: persistent cough since",
  "vital_signs": "- Respiratory rate: normal, no rapid breathing noted. - Heart rate: stable, about 120 bpm. - Oxygen saturation:",
  "examination_findings": "- Rohit's physical exam was normal: no visible masses, no palpable lumps, no abnormal skin texture noted. No",
  "investigations": [
    "Sweat test: planned to confirm CF",
    "if local testing unavailable, continue documenting symptoms and referring to larger centers. - Chest X-ray: may be used to assess lung involvem"
  ],
  "assessment_primary_diagnosis": "Primary diagnosis: Chronic cough in an infant with poor weight gain and oily/dry skin",
  "differential_diagnoses": [
    "Chronic cough in infants can be related to many causes beyond CF, including infections, malnutrition"
  ],
  "management_plan": "- Rohit's CF suspicion is driven by persistent cough, poor weight gain, oily/dry skin, and delayed growth. Sweat testing is prioritized as",
  "tests_referrals_planned": [
    "Sweat test: Rohit’s sweat test is scheduled within the coming week at a nearby center",
    "if local testing isn’t available, referrals to major centers like CMC Vellore, AIIMS Delhi"
  ],
  "follow_up_plan": "- Follow-up plan after Sweat Test results: - If CF positive: - Start CF care plan",
  "chronology_response_to_treatment": "Diary and weight tracking were started; sweat test was deferred pending availability. CF care plan was discussed: nutrition,",
  "patient_concerns_preferences_consent": "- Rohit’s primary concerns: persistent cough since birth, slower weight gain, oily/dry skin, and intermittent wheeze at night.",
  "safety_issues_red_flags": "Red flags discussed: - Persistent cough with nocturnal worsening - Poor weight gain despite adequate feeding - Oily/bulky",
  "coding_terms": "CF diagnosis: CF is unlikely based on current data. No specific codes assigned yet. Next step"
}