{
  "patient_identifiers": "The patient’s name was not explicitly given in the conversation. The primary focus was on describing CF-related symptoms and establishing",
  "demographics": {
    "age": "The patient’s age is 3 months old.",
    "sex": "The patient’s gender is female."
  },
  "visit": {
    "date_time": "The visit occurred sometime between March 1st and April 1st, depending on when the sweat test was scheduled. The exact",
    "type": "Visit type: In-person consultation with possible telemedicine option. Parents brought necessary documents and were prepared to"
  },
  "chief_complaint": "Persistent cough since birth, oily/greasy stools, slow weight gain. No fever. No other major illness known. Focus on suspected CF.",
  "onset_duration": "The cough has persisted since birth, with no clear pattern yet. The exact duration is unclear, so we cannot give",
  "symptom_description": "Stool oiliness, oily stools, bulky stools, nocturnal cough, slow weight gain, intermittent night sweats, intermittent wheeze, intermittent nasal congestion, mild",
  "aggravating_factors": "Stool oiliness, oily stools, bulky stools, nocturnal cough, fatigue, dehydration, poor appetite, weight loss, nasal congestion, wheeze, recurrent infections, and",
  "relieving_factors": "Stool oiliness and bulky stools are relieved by fat-soluble vitamins D and E; hydration and nutrition remain important. Regular chest",
  "associated_symptoms": [
    "Stool oiliness",
    "bulky stools",
    "nocturnal cough",
    "weight gain not matching feeding",
    "neonatal stool history",
    "intermittent nasal discharge"
  ],
  "past_medical_history": "No prior medical history was recorded. The focus remains on evaluating CF-related symptoms and preparing for sweat testing. The patient’s",
  "past_surgical_history": "No surgical history was recorded. The focus remains on CF-related symptoms and diagnostics. The patient’s age",
  "family_history": "Family history was not explicitly recorded here. The focus remains on presenting symptoms, initial diagnostic steps,",
  "current_medications": [
    "Semicolon-separated medications currently being used: - Nebulizer inhaler (if used) - Antihistamine (e.g., cetirizine) - Antibiotics (e.g., azithromycin) - Vitamin supplements (e"
  ],
  "allergies": "None of the parents have known food allergies or other",
  "social_history": "Social history: The mother reports tobacco exposure (smoking) and alcohol consumption; no confirmed smoking history yet. Alcohol use",
  "functional_status": "- The patient has been evaluated for suspected cystic fibrosis (CF). Key findings include persistent cough,",
  "vital_signs": "- Weight: ~6 kg; height ~50 cm; age approx. 3 months. - Feeding: milk feeds every 2-3 hours;",
  "examination_findings": "Stool oiliness and oily stools were observed; stool appears bulky and oily; no specific diagnosis yet. Ongoing documentation",
  "investigations": [
    "CBC with differential",
    "LFTs",
    "kidney function",
    "metabolic panel",
    "stool fat analysis",
    "stool oiliness/stool bulk measurement"
  ],
  "assessment_primary_diagnosis": "Primary diagnosis: CF suspected based on chronic cough, oily/greasy stools, and slow weight gain.",
  "differential_diagnoses": [
    "TB, malnutrition, gastrointestinal issues",
    "CF remains a differential until sweat testing confirms. Other possibilities include infections"
  ],
  "management_plan": "- Start with a structured, stepwise plan that includes nutrition, airway clearance, infection prevention, and regular follow-ups. - Nutrition: high-calorie, easily digestible",
  "tests_referrals_planned": [
    "Sweat test: scheduled for tomorrow morning at the nearest large hospital",
    "if unable to perform today, proceed with symptom documentation and refer to a specialist if needed. - Ge"
  ],
  "follow_up_plan": "- Follow-up plan after sweat test results: - If sweat test confirms CF: initiate multidisciplinary care",
  "chronology_response_to_treatment": "The conversation follows a structured CF workup pathway: 1) Initial presentation and differential diagnosis - Infant presents with",
  "patient_concerns_preferences_consent": "Consent given for sweat testing; no prior diagnosis; ongoing cough, oily stools, and inadequate weight gain; plans to",
  "safety_issues_red_flags": "Red flags for CF include persistent cough, oily/greasy stools, slow weight gain, nocturnal sweating, and neonatal stool abnormalities.",
  "coding_terms": "CF diagnosis: CF suspected based on chronic cough, oily stools, and slow weight gain; no confirmed"
}