{
  "patient_identifiers": "The patient’s name was not explicitly provided in the dialogue. The conversation focused on CF evaluation and general pediatric health",
  "demographics": {
    "age": "The patient’s age is 4 months old.",
    "sex": "The patient’s gender is female."
  },
  "visit": {
    "date_time": "The visit occurred on October 1st, 2025, during which sweat testing was planned but could not be done immediately due",
    "type": "The visit involved an in-person assessment followed by a planned sweat test and genetic testing. The"
  },
  "chief_complaint": "Persistent cough since birth, slow weight gain, oily stools, intermittent nocturnal breathing difficulties, and uncertain growth trajectory. No fever or",
  "onset_duration": "The cough has persisted for several months now, but there’s no clear timeline beyond that point. The exact duration wasn’t",
  "symptom_description": "Persistent cough, slow weight gain, oily stools, intermittent nocturnal breathing difficulties, mild fatigue, occasional poor appetite. No fever or night",
  "aggravating_factors": "Stools oiliness, slow weight gain, chronic cough, fatigue, poor appetite, intermittent vomiting, and recurrent infections. These can worsen breathing difficulties",
  "relieving_factors": "Staying hydrated, avoiding irritants like spicy foods, maintaining good oral hygiene, and using saline gargles can help comfort during episodes.",
  "associated_symptoms": [
    "Persistent cough since birth",
    "slow weight gain",
    "oily stools",
    "intermittent diarrhea",
    "poor appetite",
    "nasal congestion"
  ],
  "past_medical_history": "Past medical history was limited. No specific diagnoses were made yet. The focus was on evaluating suspected CF based on",
  "past_surgical_history": "Not applicable. The dialogue does not contain surgical history. It focuses on CF evaluation and management",
  "family_history": "Family history was not explicitly documented during the visit. The clinician noted that if CF is",
  "current_medications": [
    "Nebulizer nebulizer",
    "Pancreatic enzymes Panlipase",
    "Vitamin D vitaminD",
    "Salt supplement saltreplacement",
    "Carrier testing carriertesting",
    "Chest physiotherapy chestphysiot"
  ],
  "allergies": "None of the patient’s known allergies were mentioned. The question",
  "social_history": "Social history includes tobacco exposure (smoking and smokeless products), alcohol use, and family history of lung problems. No",
  "functional_status": "- The patient is a 4-month-old with chronic cough, slow weight gain, and oily stools suggestive",
  "vital_signs": "- Weight: ~6 kg; height ~75 cm; head circumference ~30 cm; overall good growth but slow weight gain.",
  "examination_findings": "No exam was conducted during this visit. The dialogue focuses on CF suspicion and planned diagnostics rather than",
  "investigations": [
    "Sweat test planned",
    "genetic testing considered if sweat test inconclusive. - Chest X-ray planned to assess lung involvement. - Stool analysis planned to monitor fat absorption an"
  ],
  "assessment_primary_diagnosis": "Primary diagnosis: Cystic fibrosis (CF). CF is suspected based on chronic cough, poor weight",
  "differential_diagnoses": [
    "CF-related differential includes tuberculosis, malnutrition, and infections such as pneumonia. Other possibilities include cystic fibrosis variants"
  ],
  "management_plan": "- CF suspicion confirmed: start nutrition and airway clearance protocols right away; initiate PERT and fat-soluble vitamins A-D-E-K; use Nebulizer with clean",
  "tests_referrals_planned": [
    "Sweat test: scheduled today or tomorrow",
    "if not possible, arrange referral to nearby major hospitals. - Genetic testing: considered if sweat test confirms CF",
    "options include CF"
  ],
  "follow_up_plan": "- Follow-up plan based on sweat test result: - If CF is confirmed: - Initiate nutrition",
  "chronology_response_to_treatment": "The dialogue outlines a stepwise CF evaluation process for a 4-month-old with chronic cough, poor weight gain, and",
  "patient_concerns_preferences_consent": "- Patient concerns: Persistent cough, slow weight gain, oily stools; no fever or night sweats; growth uncertain; no",
  "safety_issues_red_flags": "Red flags for CF include persistent cough, poor weight gain, oily stools, and recurrent infections despite good nutrition.",
  "coding_terms": "CF, CF screening, CF care, genetic counseling, sweat test, nutrition, airway clearance, PERT, hydration, salt balance,"
}