{
  "patient_identifiers": "The patient's name was Rahul. He presented with a persistent cough since birth, nocturnal coughing, and a slower-than-normal weight gain",
  "demographics": {
    "age": "The patient is 6 months old.",
    "sex": "The patient is female. She was born on January 2nd,"
  },
  "visit": {
    "date_time": "The visit occurred on December 1st, 2025, at 9:30 AM. The patient was brought by his mother, and the team",
    "type": "In-person visit with physical examination and basic labs; telemedicine used for remote access. Results expected within"
  },
  "chief_complaint": "Persistent cough since birth, nocturnal worsening, and slow weight gain despite adequate nutrition. No fever or marked weight loss. No",
  "onset_duration": "The cough started shortly after birth, so the exact duration is unclear. It was more noticeable at night, and there",
  "symptom_description": "Persistent cough since birth, nocturnal worsening, slow weight gain despite adequate nutrition, intermittent wheezing, occasional nasal congestion. No fever or",
  "aggravating_factors": "Asthma-like wheezing, fatigue, and increased energy variability. Persistent cough without fever, occasional weight loss, and slower growth suggest ongoing respiratory",
  "relieving_factors": "The patient reports relief from chest congestion with warm compresses on the chest and humidified air. He also uses saline",
  "associated_symptoms": [
    "Persistent cough since birth, especially at night",
    "weight gain not meeting expectations",
    "occasional hoarseness",
    "no fever or marked weight loss",
    "intermittent wheezing",
    "no abdomina"
  ],
  "past_medical_history": "No prior medical history provided. The focus is on presenting symptoms, risk factors, and planning for evaluation and management. There",
  "past_surgical_history": "Surgical history was not provided in this encounter. The focus was on presenting symptoms, diagnostic planning,",
  "family_history": "Family history is unclear; there is no known CF in the immediate family. The patient's own",
  "current_medications": [
    "Semopthine (10 mg/day)",
    "Metformin (500 mg/day)",
    "ACE inhibitor (lisinopril or losartan)",
    "diuretics (furosemide)",
    "statins (atorvastatin)",
    "thyroid replacement"
  ],
  "allergies": "None known allergy reported by the patient. If there were",
  "social_history": "Social history includes tobacco use (smoking and pan masala), alcohol consumption, and family history of lung disease. There",
  "functional_status": "Short summary: - Key findings: Rahul, aged ~6 months, had persistent cough since birth, nocturnal coughing,",
  "vital_signs": "- Weight: 7 kg; height: 50 cm; age: 6 months. - Vital signs: normal temperature range; no fever",
  "examination_findings": "Noisy cough, nocturnal worsening, slow weight gain, normal appetite. No major digestive symptoms. No fever or weight loss.",
  "investigations": [
    "Sweat test: Primary confirmatory test for CF",
    "if local access unavailable, refer to major center (e.g., AIIMS, PGI Chandigarh). Results typically available within 1–3 days",
    "if de"
  ],
  "assessment_primary_diagnosis": "Primary diagnosis: Chronic cough in a young infant with nocturnal worsening, slow weight gain,",
  "differential_diagnoses": [
    "CF-related conditions: cystic fibrosis, tuberculosis, malnutrition, infections",
    "N/A if not clear. - TB suspicion: cough"
  ],
  "management_plan": "- Plan highlights: - Primary diagnosis: Chronic cough, nocturnal worsening, poor weight gain. - Key tests: Sweat test (primary confirmation), followed by",
  "tests_referrals_planned": [
    "Sweat test planned",
    "if local lab unavailable, refer to major center (e.g., AIIMS, PGI Chandigarh). - Genetic testing considered if sweat test inconclusive",
    "cost varies by institu"
  ],
  "follow_up_plan": "- Follow-up plan based on sweat test result: - If positive: initiate multidisciplinary CF management including",
  "chronology_response_to_treatment": "The dialogue outlines a stepwise approach to evaluating a child for cystic fibrosis (CF), focusing on symptoms, diagnostic",
  "patient_concerns_preferences_consent": "- Rahul, age ~6 months, presenting with persistent cough since birth, nocturnal coughing, and slow weight gain despite",
  "safety_issues_red_flags": "- Persistent cough, especially at night, along with weight loss or poor appetite, could indicate CF risk. Other",
  "coding_terms": "CFQ: cough >2 months, nocturnal cough, weight loss, appetite decrease, chest sounds, diarrhea, abdominal distension, wheezing,"
}