{
  "patient_identifiers": "Raj, age ~8 months, presented with persistent cough, slow weight gain, and oily stools suggestive of cystic fibrosis. No fever",
  "demographics": {
    "age": "The patient’s age is unclear from the dialogue. The conversation focuses on presenting symptoms and",
    "sex": "The patient’s gender is female. No explicit mention of age."
  },
  "visit": {
    "date_time": "The visit occurred around mid-January 2025, with follow-ups scheduled over the coming days. The exact date isn't provided here, just",
    "type": "Follow-up visit – in person. No new symptoms reported; diary maintained; no urgent need for immediate"
  },
  "chief_complaint": "Persistent cough since birth, slow weight gain, oily stools. No fever. No current diagnosis yet. Focus on evaluating CF risk",
  "onset_duration": "Cough has been present since birth, with gradual weight loss and oily stools. No definitive diagnosis yet. The primary concern",
  "symptom_description": "Persistent cough from birth, slow weight gain, oily stools, intermittent diarrhea, nocturnal cough, and poor appetite. No fever. Stool diary",
  "aggravating_factors": "Stools are oily and pale, suggesting steatorrhea; dehydration risk noted; poor appetite and slow weight gain also contribute to fatigue",
  "relieving_factors": "Stress reduction techniques like deep breathing, mindfulness, and gentle movement may help reduce anxiety and improve comfort. Regular sleep hygiene",
  "associated_symptoms": [
    "Stool: oily stools",
    "slow weight gain",
    "intermittent nocturnal cough",
    "possible chest congestion",
    "poor appetite",
    "occasional vomiting"
  ],
  "past_medical_history": "Past medical history was limited. No specific diagnoses were made yet. The focus was on evaluating symptoms and preparing for",
  "past_surgical_history": "Surgical history was not provided in this dialogue. The focus was on presenting symptoms, diagnostic plan,",
  "family_history": "Family history was not provided in the dialogue. The clinician noted that if CF is confirmed,",
  "current_medications": [
    "Stool diary: oiliness",
    "weight loss",
    "appetite changes",
    "cough",
    "stool odor",
    "stool characteristics"
  ],
  "allergies": "None of the patient’s known allergies were mentioned. The primary",
  "social_history": "Social history: No tobacco exposure reported; occasional alcohol consumption; no known chronic illness or allergies. Family history suggests",
  "functional_status": "Short summary: - Key events: Raj’s 8-month-old has persistent cough, slow weight gain, oily stools, and",
  "vital_signs": "Weight: 6 kg; height: 50 cm; age approx. 8 months; current appetite unchanged; stool changes noted; no fever",
  "examination_findings": "Stool characteristics: oily stools with intermittent greasy stools; stool elastase was not performed yet; no definitive diagnosis made",
  "investigations": [
    "Sweat chloride testing: primary diagnostic test",
    "if unavailable locally or inconclusive, stool elastase and other tests considered. - Stool elastase: if stool elastase is low, PE"
  ],
  "assessment_primary_diagnosis": "Primary diagnosis: Chronic cough and poor weight gain suggestive of cystic fibrosis (CF). Sweat",
  "differential_diagnoses": [
    "Stool characteristics: oily stools, possible steatorrhea",
    "possible malabsorption. Diagnosis considerations: - CF: chronic cough, poor weight"
  ],
  "management_plan": "- Early management plan for suspected CF in Raj: - Start with sweat chloride testing as the primary diagnostic step. - If",
  "tests_referrals_planned": [
    "Sweat chloride testing: primary diagnostic test",
    "if unavailable locally, stool elastase and other tests considered. - Stool elastase: if stool elastase is low, consider PERT. - G"
  ],
  "follow_up_plan": "- Follow-up plan after Sweat Test results: - If Sweat Test is positive: start PERT and",
  "chronology_response_to_treatment": "The dialogue follows a structured, sequential approach to evaluating a child with chronic cough and poor weight gain,",
  "patient_concerns_preferences_consent": "- Raj’s symptoms include persistent cough since birth, slow weight gain, oily stools, and intermittent chest sounds. The",
  "safety_issues_red_flags": "Stool changes (oily stools), slow weight gain, persistent cough, poor appetite, dehydration signs, fever after illness, chest tightness,",
  "coding_terms": "Cystic_fibrosis, CF, dehydration, malabsorption, chest_symptoms, airway_issues, nutrition, enzymes, antibiotics, genetics, carrier_screening, vaccination_schedule, diary, translato"
}