{
  "patient_identifiers": "The patient’s name was not explicitly given in the dialogue. The primary concern was that the child presented with chronic",
  "demographics": {
    "age": "The patient’s age is 4 months old.",
    "sex": "The patient’s gender is female."
  },
  "visit": {
    "date_time": "The visit occurred on October 1st, 2025, around 3 PM. The team was preparing for Sweat Test scheduling and diary",
    "type": "It was an outpatient visit focused on collecting a detailed patient history and establishing a plan"
  },
  "chief_complaint": "Persistent cough since birth, slow weight gain, and oily stools suggestive of suspected CF. No fever or malabsorption noted. Focus",
  "onset_duration": "The cough has persisted since birth, but there’s no definitive diagnosis yet. The diary shows worsening nighttime coughing and slower",
  "symptom_description": "Persistent cough, slow weight gain, oily stools, intermittent diarrhea, occasional vomiting, mild fatigue, and nocturnal breathing difficulties. Persistent cough and",
  "aggravating_factors": "Cough, dehydration, fatigue, poor appetite, weight loss, and recurrent infections. These can worsen without proper CF care.",
  "relieving_factors": "The patient’s main relief from symptoms includes improved breathing during episodes, better lung function, and reduced wheezing when he breathes",
  "associated_symptoms": [
    "Persistent cough since birth",
    "slow weight gain",
    "nocturnal cough",
    "oily stools",
    "intermittent wheeze",
    "nasal congestion"
  ],
  "past_medical_history": "Past medical history was limited. The child presented with chronic cough, slow weight gain, and oily stools suggestive of fat",
  "past_surgical_history": "Surgical history was not documented during this visit. The patient’s background includes a 4-month-old presenting with",
  "family_history": "Family history was unclear; no specific CF-related risk noted. The clinician encouraged gathering details about maternal",
  "current_medications": [
    "Semco",
    "nebulizer",
    "antibiotics",
    "antihistamines",
    "painkillers",
    "vitamins"
  ],
  "allergies": "Allergies noted: none known so far. If new allergies arise",
  "social_history": "Social history includes tobacco use (smoking and smokeless), alcohol consumption, and family history of lung disease. The emphasis",
  "functional_status": "- The patient is an infant aged 4 months with chronic cough, slow weight gain, and",
  "vital_signs": "- Temperature: normal body temperature range 36.5–37.0°C; occasional slight variation noted. - Heart rate: usually steady around 120–140",
  "examination_findings": "- Diarrhea noted but not severe enough to rule out CF; stool fat visible on stool photo; no",
  "investigations": [
    "CBC and LFTs",
    "chest X-ray",
    "stool fat analysis",
    "lung function tests",
    "imaging as indicated",
    "microbiology cultures"
  ],
  "assessment_primary_diagnosis": "Primary diagnosis: Chronic cough and slow weight gain suggestive of cystic fibrosis (CF). Sweat",
  "differential_diagnoses": [
    "Chronic cough in infants with poor weight gain: CF is a leading differential due to"
  ],
  "management_plan": "- Diagnosed CF suspected from persistent cough, slow weight gain, and oily stools. - Sweat testing prioritized due to lack of local",
  "tests_referrals_planned": [
    "Sweat chloride test: planned today or tomorrow",
    "if local lab unavailable, refer to larger centers like AIIMS, PGI Chandigarh, or CMC Vellore. - Genetic testing: considered if swe"
  ],
  "follow_up_plan": "- Follow-up plan includes: - Continue diary tracking (cough timing, stool color/consistency, weight trajectory) - Monitor",
  "chronology_response_to_treatment": "- Diaries were started today; sweat test date hasn't been set yet; diary entries include cough timing, stool",
  "patient_concerns_preferences_consent": "- Patient concerns: Persistent cough since birth, slow weight gain, oily stools, intermittent wheeze, and parental history suggesting",
  "safety_issues_red_flags": "- Persistent or worsening cough, poor weight gain, oily stools, recurrent infections, wheezing, rapid breathing, dehydration signs, or",
  "coding_terms": "CF Care Pathway Code: CF Care Pathway 0203 (Cystic Fibrosis). This code tracks CF-related workup and"
}