{
  "patient_identifiers": "The patient's name was not provided in the dialogue. The conversation focused on Riya’s symptoms and initial evaluation for CF,",
  "demographics": {
    "age": "The patient’s age is approximately 6 months old.",
    "sex": "The patient’s gender is female. No explicit mention of gender"
  },
  "visit": {
    "date_time": "The visit occurred around mid-January 2025, with Riya's age approximating 6 months old. The exact date wasn't provided in the",
    "type": "It was a telemedicine visit focused on confirming CF suspicion through a sweat test and collecting"
  },
  "chief_complaint": "Persistent nighttime cough since birth, with occasional nocturnal wheezing, normal weight gain, and oily stools. No fever or rapid weight",
  "onset_duration": "Symptoms started soon after birth, persisting through infancy. No specific date given yet. The focus remains on documenting progression over",
  "symptom_description": "Stools are oily and bulky; weight gain is slow; nocturnal cough persists. No fever or rapid weight loss reported. These",
  "aggravating_factors": "Stress from caregiving, inadequate sleep, dehydration, poor diet quality, and environmental factors like dust can exacerbate coughing and overall health.",
  "relieving_factors": "Staying hydrated, avoiding irritants like smoke, maintaining good oral hygiene, and ensuring adequate rest can help reduce discomfort during the",
  "associated_symptoms": [
    "Persistent nocturnal cough",
    "intermittent wheezing during sleep",
    "normal daytime breathing",
    "slow weight gain",
    "oily stools",
    "no fever or marked weight loss"
  ],
  "past_medical_history": "No prior medical history provided. The focus is on presenting symptoms, risk factors, and initial diagnostic steps for Riya. No",
  "past_surgical_history": "No prior surgery was mentioned in this dialogue. The focus remains on evaluating Riya’s CF risk",
  "family_history": "Family history was not provided in the dialogue. The clinician emphasized that if there were relevant",
  "current_medications": [
    "Semopthine: N/A - Ayurvedic medicines: N/A - Antihistamines: N/A - Antibiotics: N/A - Diuretics: N/A - Blood thinners: N/A - Antiplatelets: N/A"
  ],
  "allergies": "None of Riya has known food allergies or severe reactions",
  "social_history": "Social history includes tobacco use (smoking and smokeless), alcohol consumption, and family smoking history. No specific details provided",
  "functional_status": "Summary of key events, symptoms, diagnostics, and treatment steps: - Patient background and presentation - Riya,",
  "vital_signs": "Weight: 7 kg; height: 45 cm; overall good growth trend. No major weight loss noted. Stool describes oily",
  "examination_findings": "No exam was conducted. The dialogue focuses on Riya’s symptoms and the plan to evaluate them through a",
  "investigations": [
    "Sweat test: primary diagnostic step",
    "if unavailable, proceed with detailed symptom documentation and consider alternate tests (immunoglobulin G subclass-specific antibody testing"
  ],
  "assessment_primary_diagnosis": "Primary diagnosis: Persistent nocturnal cough in a young infant with no obvious malabsorption signs,",
  "differential_diagnoses": [
    "CF vs TB",
    "Stool characteristics may differentiate CF from TB",
    "Stool characteristics can help distinguish"
  ],
  "management_plan": "- Management plan focuses on confirming CF using sweat testing, then initiating nutrition-focused interventions and airway clearance if CF is confirmed. Key",
  "tests_referrals_planned": [
    "Sweat test: primary diagnostic test to confirm CF",
    "if unavailable, consider genetic testing and stool analysis. - Genetic testing: considered if sweat test inconclusive",
    "may be u"
  ],
  "follow_up_plan": "- Follow-up plan after sweat test positive: - Start CF-specific management: nutrition optimization, airway clearance, and",
  "chronology_response_to_treatment": "The conversation focused on Riya’s six-month-old with chronic nocturnal cough, without weight loss or marked growth slowing, along",
  "patient_concerns_preferences_consent": "- Riya’s main concerns: persistent nocturnal cough since birth, occasional nighttime wheezing, stable overall growth without marked weight",
  "safety_issues_red_flags": "Red flags for Riya’s condition: - Persistent nocturnal cough, especially worsening during sleep. - Weight gain not increasing",
  "coding_terms": "CF, TB, CF-related disease, nutrition, airway clearance, vaccination, stool analysis, genetic testing, subsidies, diagnostics, follow-up, home"
}