{
  "patient_identifiers": "The patient’s name was not explicitly given in the dialogue. The conversation focused on presenting signs and potential CF workup",
  "demographics": {
    "age": "The patient is 7 months old.",
    "sex": "The patient’s gender is female."
  },
  "visit": {
    "date_time": "The visit occurred around mid-January 2025, when the team began gathering information and planning next steps. No specific date was",
    "type": "It was an outpatient visit focused on collecting symptom histories and preparing for sweat testing, with"
  },
  "chief_complaint": "Cough with poor weight gain and oily stools since birth. No fever or night sweats reported. MainFormal concern is suspected",
  "onset_duration": "Cough has persisted since birth, with worsening nocturna cough and slower weight gain. No definitive date given yet. The focus",
  "symptom_description": "Cough persistently at night, poor weight gain despite adequate feeding, oily stools, delayed meconium after birth. These are key signs",
  "aggravating_factors": "Cough, fatigue, weight loss, dehydration, fever, and night-time cough persistently. These can worsen quality of life and delay recovery. Regular",
  "relieving_factors": "If CF is positive, relief often comes from a combination of nutrition, chest physiotherapy, and infection control. Fat-rich meals, pancreatic",
  "associated_symptoms": [
    "Cough, oily stools, slow growth, abdominal distension, fatigue, night-time cough, weight loss, diarrhea, fever, recurrent infections, nasal congestion, wheezing, sleep disturbances"
  ],
  "past_medical_history": "No prior medical history given. Focus shifts to presenting symptoms and diagnostic steps. No specific past conditions noted. The dialogue",
  "past_surgical_history": "No surgical history was recorded during this encounter. The focus was on presenting symptoms, risk assessment,",
  "family_history": "No family history given. The focus remains on presenting symptoms, risk factors, and diagnostic steps rather",
  "current_medications": [
    "Cough suppressant (albuterol), antibiotics for infections, pancreatic enzyme replacement therapy (PERT), vitamin D, hydration, sleep aids, and any other medications noted by the pr"
  ],
  "allergies": "None of the child’s known allergies were mentioned. If there",
  "social_history": "The patient reports no tobacco use and occasional alcohol consumption. There is no known family history of smoking",
  "functional_status": "The summary highlights the core CF-focused steps: - Symptom presentation: persistent nocturnal cough, poor weight gain,",
  "vital_signs": "Weight: ~6 kg; height ~90 cm; no fever; occasional night cough; oily stools; growth lagging behind peers; no",
  "examination_findings": "Noisy cough, oily stools, slow growth; no fever or dehydration noted. No definitive CF diagnosis yet; sweat testing",
  "investigations": [
    "Sweat test, CBC, chest X-ray, growth measurements, stool fat analysis, nutritional assessment, PERT dosing, nutrition plan, chest physiotherapy, infection surveillance, genetic cou"
  ],
  "assessment_primary_diagnosis": "Primary diagnosis: CF suspicion. No definitive diagnosis yet. Sweat testing remains the main diagnostic",
  "differential_diagnoses": [
    "Cough variant TB, malnutrition, dehydration",
    "CF positive/negative differential",
    "CF screening checklist",
    "sweat test",
    "nutrition plan",
    "chest"
  ],
  "management_plan": "- Start with sweat testing first, then consider referral to a major center like AIIMS Delhi or another nearby center if feasible.",
  "tests_referrals_planned": [
    "Sweat test, Chest X-ray, CBC, DKA screen, PERT dosing adjustment, nutrition plan, chest physiotherapy, infection prevention, genetic counseling, CF screening checklist, diaries, we"
  ],
  "follow_up_plan": "- Follow-up plan includes: - Weekly weight checks and cough/stool diaries starting now. - Sweat test",
  "chronology_response_to_treatment": "The dialogue follows a stepwise process for evaluating a child with suspected CF, focusing on sweat testing, symptom",
  "patient_concerns_preferences_consent": "Cough, weight loss, oily stools, newborn meconium delay, no fever, no obvious deformity, no signs of TB or",
  "safety_issues_red_flags": "Cough pattern, weight loss, oily stools, abdominal distension, fever, rapid breathing, dehydration, vomiting, diarrhea, pale skin, lethargy, poor",
  "coding_terms": "Cystic_fibrosis, CF_screening_diary, cough_stories, weight_chart, stool_type, growth_history, sweat_test, diaries, nutrition_plan, chest_physiotherapy, genetic_counseling, subsidie"
}