{
  "patient_identifiers": "Patient name is Rajan Dutta, 52, farmer. He has been experiencing throat burning, difficulty swallowing (dysphagia), and hoarseness. There is",
  "demographics": {
    "age": "The patient’s age is 52 years old.",
    "sex": "Male, 52-year-old patient."
  },
  "visit": {
    "date_time": "The visit occurred on October 3, 2025, around 9:00 AM. The patient was seen for baseline evaluations including oral examination,",
    "type": "In-person visit with baseline lab work and imaging planned; outpatient management if feasible. Telemedicine used for"
  },
  "chief_complaint": "Throat burning, difficulty swallowing, hoarseness.",
  "onset_duration": "Symptoms started around one month ago, with throat burning, difficulty swallowing, and hoarseness. No fever or weight loss reported yet.",
  "symptom_description": "Throat burning, difficulty swallowing, hoarseness, no fever or weight loss.",
  "aggravating_factors": "Throat irritation, dryness, post-meal coughing, and fatigue are common triggers that worsen symptoms. Persistent throat discomfort, especially when eating, should",
  "relieving_factors": "Throat irritation, mouth ulcers, and mild fatigue are common relief strategies. Painkillers like acetaminophen are often used, but we’ll tailor",
  "associated_symptoms": [
    "Throat burning, dysphagia, hoarseness",
    "weight stable",
    "no fever or weight loss",
    "tobacco/alcohol exposure",
    "HPV testing considered",
    "imaging options (CT/MRI) discussed"
  ],
  "past_medical_history": "Past medical history was limited. No specific diagnoses or chronic conditions were mentioned. The focus was on risk factors (tobacco/gutkha,",
  "past_surgical_history": "No surgical history was recorded in this encounter. The focus was on risk factors, baseline evaluations,",
  "family_history": "Family history was not explicitly mentioned in the dialogue. The clinician did not provide details about",
  "current_medications": [
    "Albuterol inhaler",
    "Amlodiptide (generic)",
    "Cetirizine dipyrin",
    "Fentanyl patch",
    "Lopixel (generic)",
    "Metformin"
  ],
  "allergies": "Allergies: None known.",
  "social_history": "Social history: Rajan Dutta has a long-term habit of chewing tobacco (gutkha) and using pan masala, with occasional",
  "functional_status": "Patient has completed baseline evaluations including oral examination, laryngoscopy, and blood tests. Imaging (CT/MRI) and HPV",
  "vital_signs": "Throat examination: mild swelling around the tongue tip; no significant bleeding or redness; no palpable masses observed. No",
  "examination_findings": "No clear examination findings were described in this dialogue. The conversation focused on risk assessment, baseline screening, and",
  "investigations": [
    "Oral examination and laryngoscopy",
    "baseline lab work including Hb/CBC",
    "HPV testing",
    "imaging (CT/MRI) as indicated",
    "biopsy if abnormalities found",
    "MDT-guided treatment plan"
  ],
  "assessment_primary_diagnosis": "Primary diagnosis is suspected but not confirmed yet. The plan is to perform oral",
  "differential_diagnoses": [
    "Throat irritation due to infection",
    "chronic reflux",
    "GERD",
    "laryngeal papilloma",
    "malignancy",
    "lymphadenopathy"
  ],
  "management_plan": "- Plan summary: - Immediate actions: baseline oral examination, laryngoscopy, and blood tests today; HPV testing considered later; imaging (CT/MRI) if indicated.",
  "tests_referrals_planned": [
    "baseline lab tests: CBC, Hb, liver enzymes",
    "thyroid function tests",
    "chest X-ray",
    "urine analysis",
    "HIV antibody screening",
    "HPV testing"
  ],
  "follow_up_plan": "Follow-up plan summary: - Immediate actions for today: perform baseline oral examination and laryngoscopy; obtain blood",
  "chronology_response_to_treatment": "Patient has completed baseline evaluations including oral examination, laryngoscopy, and blood tests; HPV testing may be done depending",
  "patient_concerns_preferences_consent": "Patient concerns: Throat burning, dysphagia, hoarseness; risk factors (tobacco/gutkha, alcohol) and HPV testing discussed; baseline tests planned (oral",
  "safety_issues_red_flags": "Throat swelling, persistent voice changes, new lump in neck, unexplained weight loss, severe breathing trouble, or sudden onset",
  "coding_terms": "Cancer type: Head-and-neck cancer; HPV-related risk factor; tobacco/alcohol combined risk; dysphagia/dyspnea symptoms; baseline lab work; imaging"
}