{
  "patient_identifiers": "The patient's name was not explicitly stated in the dialogue. The primary focus was on the CF workup and the",
  "demographics": {
    "age": "The patient is 3 months old.",
    "sex": "The patient’s sex is female."
  },
  "visit": {
    "date_time": "The visit occurred around mid-January 2025, with the exact date not specified in the dialogue. The primary focus was on",
    "type": "It was an in-person visit with a multidisciplinary team discussing CF screening and planning next steps."
  },
  "chief_complaint": "Persistent cough since birth, oily bulky stools, slow weight gain. No fever or dehydration reported. Focus on confirming CF via",
  "onset_duration": "The cough has persisted for several months now, starting shortly after birth. The stool appears oily and bulky, and there’s",
  "symptom_description": "Persistent nighttime cough, oily/gassy stools, slow weight gain, no fever or dehydration. These are key clues prompting CF suspicion. No",
  "aggravating_factors": "Fat malabsorption, oily stools, and bulky stools are aggravating factors for CF candidates. These signs suggest malabsorption and warrant careful",
  "relieving_factors": "Fat-free formula, chest physiotherapy, adequate hydration, good sleep, gentle handling, regular feeds, and a supportive environment. Ensure hydration and nutrition",
  "associated_symptoms": [
    "Persistent cough",
    "oily/green stools",
    "slow weight gain",
    "intermittent diarrhea",
    "nasal congestion",
    "mild fatigue"
  ],
  "past_medical_history": "No prior medical history given. The focus is on presenting symptoms, diagnostic plan, and next steps rather than historical data.",
  "past_surgical_history": "Surgical history was not discussed in this dialogue. The focus was on presenting symptoms, diagnostic plan,",
  "family_history": "Family history was not provided in the dialogue. The clinician noted that if CF is suspected,",
  "current_medications": [
    "No medications listed yet",
    "we’ll provide them once they’re known. The next step is to gather and share medication lists when available. If"
  ],
  "allergies": "None of the parents have known food allergies or severe",
  "social_history": "Social history: No tobacco use reported; alcohol intake limited to occasional drinks; family history suggests possible carrier status",
  "functional_status": "Symptoms noted: persistent nocturnal cough, oily bulky stools, slow weight gain. No fever or dehydration reported.",
  "vital_signs": "Weight: ~6 kg; height ~50 cm; overall good growth noted. No severe distress reported yet. Note: weight tracking",
  "examination_findings": "Noisy cough, oily/green stools, slow weight gain; no fever or dehydration. No definitive diagnosis yet; sweat testing prioritized",
  "investigations": [
    "Sweat chloride test (primary diagnostic step) - Chest X-ray (to rule out pneumonia) - CBC with differential - Stool fat analysis (for malabsorption) - Malabsorption panel (pancre"
  ],
  "assessment_primary_diagnosis": "Primary diagnosis: Cystic Fibrosis (CF). CF is suspected based on chronic cough, oily bulky",
  "differential_diagnoses": [
    "TB, malnutrition, neonatal infection, vitamin deficiencies, infectious diarrhea, food allergy, hematological issues, metabolic disorders, congenital heart"
  ],
  "management_plan": "- Plan focuses on confirming CF via sweat testing, then initiating long-term CF management (nutrition and airway clearance). Key actions include: -",
  "tests_referrals_planned": [
    "Sweat test: scheduled for today or tomorrow",
    "if not possible, refer to nearby large centers like CMC Vellore, AIIMS, PGI Chandigarh. - Genetic testing: considered if CF is suspec"
  ],
  "follow_up_plan": "- Follow-up plan: - Continue diary tracking: cough timing, stool type, weight trend, feeding times. -",
  "chronology_response_to_treatment": "The dialogue outlines an infant CF evaluation pathway, focusing on presenting symptoms, diagnostic strategy, and interim management while",
  "patient_concerns_preferences_consent": "Symptoms: Persistent nocturnal cough, oily bulky stools, slow weight gain. No fever or dehydration reported. No prior diagnosis.",
  "safety_issues_red_flags": "Red flags for CF screening include persistent cough, oily/green stools, slow weight gain, and recurrent infections despite adequate",
  "coding_terms": "CF, CF screening, CF clinic referral, sweat test, diary, nutrition, infection prevention, vaccination, genetics, carrier testing,"
}