{
  "patient_identifiers": "Rahul Kumar (name) from rural area. Age around 4 months. Persistent cough, poor weight gain, oily stools, intermittent abdominal distension.",
  "demographics": {
    "age": "The patient’s age is unclear from the summary. The earliest note mentions it being around",
    "sex": "The patient’s gender is male."
  },
  "visit": {
    "date_time": "The visit occurred around mid-January 2025, with the exact day/month not specified. The focus was on documenting symptoms, arranging the",
    "type": "It was a clinic visit focused on evaluating a child for potential CF by collecting symptom"
  },
  "chief_complaint": "Persistent cough since birth, poor weight gain, oily stools, intermittent abdominal distension, no fever, ongoing cough at night. Rash noted",
  "onset_duration": "The cough started soon after birth, so it’s several days old. The weight gain was not consistently improving, suggesting ongoing",
  "symptom_description": "Persistent cough, poor weight gain, oily stools, intermittent abdominal discomfort, no fever, ongoing growth issues. These features raise suspicion for",
  "aggravating_factors": "Stressful situations like colds, dust exposure, or heavy lifting can exacerbate cough and breathing difficulties in children with CF risk",
  "relieving_factors": "Stress reduction, good sleep hygiene, regular physical activity, and avoiding irritants like smoke or dust. A balanced diet helps overall",
  "associated_symptoms": [
    "Persistent cough since birth",
    "oily stools",
    "slow weight gain",
    "intermittent wheeze",
    "no fever",
    "nocturnal cough more prominent"
  ],
  "past_medical_history": "Past medical history was incomplete. The patient presented with chronic cough, poor weight gain, and oily stools, prompting consideration of",
  "past_surgical_history": "No surgical history was recorded. The focus was on presenting symptoms and diagnostic steps rather than",
  "family_history": "Family history was not provided in the conversation. The next step would be to gather this",
  "current_medications": [
    "No medications listed yet",
    "no medication details given. The next step after Sweat Test would be to determine whether CF is confirmed or not"
  ],
  "allergies": "None of Rahul's known allergies noted. He does not have",
  "social_history": "Social history: Rahul’s father uses tobacco products (smokeless and smoked), which raises risk for CF. Alcohol use is",
  "functional_status": "Short summary: - Key events and findings from the dialogue: - Symptoms and risk factors: persistent",
  "vital_signs": "Weight: 6 kg; height: 37 cm; head circumference: 39 mm; overall growth profile suggests suboptimal weight gain despite",
  "examination_findings": "No clear physical exam details were provided in this dialogue. The focus was on presenting symptoms and risk",
  "investigations": [
    "Sweat chloride test: primary confirmatory test for CF. - Genetic testing: secondary option when sweat test is unavailable or inconclusive. - TB screening: ongoing consideration a"
  ],
  "assessment_primary_diagnosis": "Primary diagnosis: Chronic cough, poor weight gain, oily stools suggestive of cystic fibrosis. Confirmatory",
  "differential_diagnoses": [
    "TB, malnutrition, infections",
    "CF is the main differential. CF is likely if there’s chronic cough, poor"
  ],
  "management_plan": "- Management plan focuses on confirming CF via sweat testing and addressing nutritional and respiratory needs while minimizing cost and logistical barriers.",
  "tests_referrals_planned": [
    "Diarys, growth charts, CBC, chest X-ray, TB screening, malnutrition screening, sweat test, genetic testing, referral center lists, transport subsidies, village volunteer support, t"
  ],
  "follow_up_plan": "- Follow-up plan after Sweat Test results: - If Sweat Test confirms CF: - Initiate multidisciplinary",
  "chronology_response_to_treatment": "Diary entries and growth tracking were started; sweat test was scheduled within two weeks; genetic testing could be",
  "patient_concerns_preferences_consent": "- Rashmi’s concerns: She notices persistent cough since birth, slower weight gain, oily stools, and intermittent abdominal discomfort.",
  "safety_issues_red_flags": "- Persistent cough after age 6 months, worsening nocturnal cough, weight loss, oily stools, abdominal distension, fever, rapid",
  "coding_terms": "CF, CF-related, CF care, CF care plan, CF care team, diaries, growth chart, TB screening, malnutrition"
}