{
  "patient_identifiers": "The patient’s name was not provided in the dialogue. The conversation focused on CF screening and diagnostics rather than identifying",
  "demographics": {
    "age": "The patient’s age is approximately 8 months old.",
    "sex": "The patient’s gender is female. She is an infant."
  },
  "visit": {
    "date_time": "The visit occurred around mid-January 2025, with sweat test planned soon. The team discussed travel logistics, subsidies, and potential overnight",
    "type": "Visit was an in-person one-day assessment focused on collecting initial CF-related data and arranging sweat testing."
  },
  "chief_complaint": "Noah’s chief complaint is persistent night cough and oily stools, suggesting cystic fibrosis (CF). The team emphasizes no prior CF",
  "onset_duration": "Nocturnal cough since birth, oily stools, slow weight gain. Noted by parents. No definitive diagnosis yet. Symptoms suggest CF but",
  "symptom_description": "Persistent night cough, oily stools, slow weight gain, intermittent diarrhea, recurrent infections, mild fatigue. Ongoing respiratory issues and nutritional challenges.",
  "aggravating_factors": "Nocturnal cough, oily stools, and slow weight gain are aggravating factors for CF suspected in this infant. These symptoms point",
  "relieving_factors": "Pertinent relief strategies discussed include humidified air, salt supplementation during hot weather, adequate hydration, and gentle physical therapy routines like",
  "associated_symptoms": [
    "Persistent cough since birth",
    "oily stools",
    "slow weight gain",
    "intermittent diarrhea",
    "fatigue",
    "night-time cough"
  ],
  "past_medical_history": "No prior medical history provided. The focus is on current CF evaluation and management. The dialogue does not include any",
  "past_surgical_history": "No prior surgery was performed. The focus remains on CF diagnostics and management. There is no",
  "family_history": "Family history was not provided during this visit. The team will gather it before proceeding further.",
  "current_medications": [
    "No medications listed yet. The team will collect medications during the initial visit and update the list then. If there were any medications before"
  ],
  "allergies": "None of the patient has known food allergies or other",
  "social_history": "Social history: The patient’s father has been smoking tobacco for some time, but he does not smoke daily",
  "functional_status": "Symptoms and risk factors: persistent nocturnal cough, oily stools, suboptimal weight gain, and signs of malabsorption.",
  "vital_signs": "Weight: 6.5 kg; height: 59 cm; abdomen soft; no palpable abdominal masses; overall good nutritional status. Note that",
  "examination_findings": "No respiratory signs detected during initial assessment. Ongoing cough and oily stools suggest consideration of cystic fibrosis. Sweat",
  "investigations": [
    "Sweat test: Confirmatory step for CF",
    "usually done at a hospital",
    "results typically available in 5–10 business days. - Chest X-ray: Routine imaging to assess lung health",
    "often u"
  ],
  "assessment_primary_diagnosis": "Primary diagnosis: Cystic Fibrosis (CF). CF is suspected due to persistent cough, oily stools,",
  "differential_diagnoses": [
    "TB, malnutrition, other infections, dehydration, aspiration pneumonia, etc. N/A"
  ],
  "management_plan": "- Sweat test is the definitive step to confirm CF; if positive, start multidisciplinary CF care (nutrition, chest physiotherapy, PERT, infection prevention).",
  "tests_referrals_planned": [
    "Sweat test: Confirmatory test for CF",
    "nearest centers include AIIMS Delhi, PGI Chandigarh, CMC Vellore. - Blood tests: CBC, liver function tests, stool fat analysis, growth measu"
  ],
  "follow_up_plan": "- Follow-up plan after sweat test results: - If positive: start multidisciplinary CF care (nutrition, chest",
  "chronology_response_to_treatment": "Diary entries and progress notes were provided, but no specific dates or exact numbers were given. The dialogue",
  "patient_concerns_preferences_consent": "Symptoms: Nighttime cough, oily stools, slow weight gain. Diagnosis: Cystic fibrosis (CF). Sweat test recommended as the definitive",
  "safety_issues_red_flags": "Red flags for CF-related issues include persistent cough, oily stools, slow weight gain, and signs of respiratory distress",
  "coding_terms": "CF-related codes: CF-related code 1290000000000000000000000000000000000000000000000000000000000000000000000000000000000000000000000000000000000000"
}