{
  "patient_identifiers": "The patient’s name was not explicitly given in the dialogue. The conversation focused on presenting symptoms and basic CF workup",
  "demographics": {
    "age": "The patient’s age is 2 months old.",
    "sex": "The patient’s gender is female."
  },
  "visit": {
    "date_time": "The visit occurred around mid-January 2025, with the exact date not specified. The discussion covers sweat test scheduling, documentation, and",
    "type": "It was a CF-suspicion visit with in-person evaluation and documentation. The team documented cough pattern, feeding"
  },
  "chief_complaint": "Persistent cough since birth, poor weight gain, oily, foul-smelling stools. No clear diagnosis yet. Sweat test remains the primary confirmatory",
  "onset_duration": "The cough has been present since birth, but exact duration wasn't specified in the dialogue. The focus was on identifying",
  "symptom_description": "Persistent cough, poor weight gain, oily stools, intermittent diarrhea, and occasional vomiting. These are key signs prompting CF suspicion. No",
  "aggravating_factors": "Stressful air quality, dust exposure, and inadequate hydration can exacerbate CF-related symptoms. Adequate hydration and good lung hygiene also help.",
  "relieving_factors": "Stress reduction, good sleep hygiene, gentle physical activity, and emotional support are helpful. Avoidance of irritants like smoke and dust",
  "associated_symptoms": [
    "Persistent cough since birth",
    "poor weight gain",
    "oily, foul-smelling stools",
    "intermittent vomiting",
    "recurrent diarrhea",
    "nasal congestion"
  ],
  "past_medical_history": "Past medical history was minimal; no prior TB exposure or other chronic conditions noted. No specific allergies or current medications",
  "past_surgical_history": "Surgical history was not documented by the patient/family. No mention of any surgeries or procedures. The",
  "family_history": "Family history was limited; no known CF family members were reported. The team will seek more",
  "current_medications": [
    "Nebulizer nebulized albuterol twice daily",
    "oral steroids as needed",
    "antibiotics for infections",
    "vitamin D supplementation",
    "calcium-rich diet",
    "balanced protein-fat-diet"
  ],
  "allergies": "None of the patient’s allergies were listed. The conversation focused",
  "social_history": "Social history: The patient’s mother has been smoking tobacco for several years, but she does not smoke heavily",
  "functional_status": "- The summary highlights that the dialogue describes a CF-suspected case in an infant aged ~2",
  "vital_signs": "- Temperature: normal body temperature range 36.5–37.0°C; occasional fever noted. - Heart rate: usually between 120–140 beats per",
  "examination_findings": "- No clear CF-related findings were reported by the clinician in this dialogue. The focus was on collecting",
  "investigations": [
    "Sweat test: scheduled today or soon",
    "results expected in 3–4 days. - Chest X-ray: may be done if needed. - Blood tests: CBC, liver function tests, kidney function tests"
  ],
  "assessment_primary_diagnosis": "Primary diagnosis: Cystic Fibrosis (CF). CF suspicion based on chronic cough, poor weight gain,",
  "differential_diagnoses": [
    "TB-like pneumonia - Severe malnutrition - Malabsorption syndrome - Infections (strep throat, upper/lower respiratory tract"
  ],
  "management_plan": "- Sweat test scheduled for tomorrow morning at the nearest major hospital; results expected in 3–4 days. - If sweat test positive:",
  "tests_referrals_planned": [
    "Sweat test: scheduled for today or tomorrow",
    "if local testing unavailable, refer to larger city center like CMC Vellore, AIIMS, or PGI Chandigarh. - Chest X-ray: may be done"
  ],
  "follow_up_plan": "- Follow-up plan based on sweat test result: - If positive: start CF-focused management right away,",
  "chronology_response_to_treatment": "The dialogue outlines a structured evaluation for suspected cystic fibrosis in a young infant, focusing on presenting symptoms,",
  "patient_concerns_preferences_consent": "- Patient concern: The mother reports coughing since birth, poor weight gain, and oily, foul-smelling stools. She asks",
  "safety_issues_red_flags": "- Persistent cough, poor weight gain, oily stools, recurrent infections, wheezing, rapid breathing, dehydration, abdominal distension, or unexplained",
  "coding_terms": "CF-suspicion, CF-suspected, CF-diagnostic, CF-management, CF-symptoms, CF-risk, CF-diagnostics, CF-treatment, CF-syndrome, CF-skin, CF-growth, CF-stool, CF-cough, CF-fat-solubility"
}