{
  "patient_identifiers": "Rahul Desai, 40, Kolkata, with throat pain, hoarseness, dysphagia, and reduced taste. No fever or weight loss noted yet. Initial",
  "demographics": {
    "age": "The patient’s age is 40 years old.",
    "sex": "The patient’s gender is unspecified. The conversation does not specify"
  },
  "visit": {
    "date_time": "The visit occurred sometime between March 1st and April 1st, with some dates skipped. The exact date isn't specified here.",
    "type": "It was an in-person visit with a detailed plan including baseline tests, imaging if indicated, nutrition"
  },
  "chief_complaint": "Persistent throat pain with mild dysphagia and altered taste for about two weeks. No fever or weight loss noted yet.",
  "onset_duration": "Rahul's throat pain started about two weeks ago with some dysphagia and altered taste. The exact onset isn't precisely known,",
  "symptom_description": "Persistent throat pain with mild dysphagia and altered taste, no fever or weight loss noted yet. These features suggest ongoing",
  "aggravating_factors": "Dry mouth, fatigue, and swallowing difficulties tend to worsen with dehydration and poor nutrition. Adequate hydration, balanced nutrition, and adequate",
  "relieving_factors": "Soft, high-protein, easy-to-swallow foods; adequate hydration; avoid spicy, acidic, or very hot foods; consider saliva substitutes and mouth rinses; monitor",
  "associated_symptoms": [
    "Persistent throat pain with hoarseness and dysphagia",
    "no fever or weight loss noted yet",
    "swelling around the neck",
    "fatigue",
    "dry mouth",
    "thirst"
  ],
  "past_medical_history": "Past medical history noted briefly: no prior cancer diagnosis or active chronic conditions identified yet. The primary concern was recent",
  "past_surgical_history": "Surgical history was not provided in the core event summary. The dialogue focuses on presenting symptoms,",
  "family_history": "Rahul’s family history was not explicitly documented here. The summary focuses on presenting symptoms, baseline investigations,",
  "current_medications": [
    "Amitriya (Antiretroviral therapy)",
    "N/A",
    "N/A",
    "N/A",
    "N/A",
    "N/A"
  ],
  "allergies": "None known. N/A.",
  "social_history": "Social history: The patient reports ongoing tobacco use (smoking and smokeless products) with some alcohol consumption. There is",
  "functional_status": "Rahul Desai has been evaluated for persistent throat pain with dysphagia and altered taste over several",
  "vital_signs": "- Blood pressure checked with cuff; heart rate measured; respiratory rate noted; temperature taken if applicable. Results reviewed",
  "examination_findings": "No clear examination findings were presented in the dialogue. The clinician focused on symptom review, baseline investigations, and",
  "investigations": [
    "Baseline labs: CBC, liver function tests (LFT), kidney function tests (KFT)",
    "fasting required for LFT. - Oral/throat exam with ENT review",
    "biopsy considered if suspicious lesions"
  ],
  "assessment_primary_diagnosis": "Primary diagnosis is undetermined at this stage. The patient presents with persistent throat pain,",
  "differential_diagnoses": [
    "Cervical lymph node enlargement with nodular skin lesions",
    "thyroiditis",
    "inflammatory esophageal disease",
    "malignancy (head-and-neck cancer)"
  ],
  "management_plan": "- Early plan: baseline labs, ENT exam, and imaging if indicated; follow-up every 3 months with telemedicine where possible; nutrition and dental",
  "tests_referrals_planned": [
    "Blood tests",
    "throat swab",
    "ENT evaluation",
    "imaging (CT/MRI) if indicated",
    "nutritional assessment",
    "dental clearance"
  ],
  "follow_up_plan": "- Follow-up plan focuses on ongoing monitoring with structured visits every 3 months. Key components include:",
  "chronology_response_to_treatment": "Rahul undergoes a structured, multidisciplinary evaluation with emphasis on early detection, comprehensive diagnostics, and tailored management. Key components",
  "patient_concerns_preferences_consent": "Rahul Desai reports ongoing throat pain with mild dysphagia and altered taste since two weeks ago. He has",
  "safety_issues_red_flags": "Red flags to watch for during follow-up: - Persistent or worsening throat pain, new lump, or unilateral ear",
  "coding_terms": "Cancer type: Head-and-neck cancer; stage: TNM-based staging; HPV status: relevant for prognosis but not immediate treatment"
}