{
  "patient_identifiers": "The patient’s name was not provided in the dialogue. The conversation focused on presenting symptoms and CF risk factors rather",
  "demographics": {
    "age": "The patient is 4 months old.",
    "sex": "The patient’s gender is female."
  },
  "visit": {
    "date_time": "The visit occurred around mid-January 2025, with the exact date not provided. It was part of an ongoing case management",
    "type": "Visit type: In-person consultation with possible telemedicine option; patient is an infant aged 8 months old."
  },
  "chief_complaint": "Persistent cough since birth, oily/greasy stools, slow weight gain. No fever. No definitive diagnosis yet. Focus on confirming CF via",
  "onset_duration": "The cough has been present since birth, with nocturnal difficulty and poor weight gain. There’s no specific date given yet,",
  "symptom_description": "Persistent cough, oily/greasy stools, slow weight gain, intermittent wheeze, occasional night-time breathing difficulty. These features raise suspicion for cystic fibrosis.",
  "aggravating_factors": "Oily/greasy stools, bulky stools, frequent vomiting, poor appetite, fatigue, night sweats, recurrent infections, and worsening breathlessness during illness. These can",
  "relieving_factors": "The patient has been relieved by a combination of chest physiotherapy (CPT), nebulizer hygiene, and hydration strategies. Nebulizers are cleaned",
  "associated_symptoms": [
    "Persistent cough since birth",
    "nocturnal breathing difficulty",
    "poor weight gain",
    "oily, bulky stools",
    "oily, greasy stools",
    "intermittent wheeze"
  ],
  "past_medical_history": "No prior medical history provided. Focus shifts to presenting symptoms, family history, and risk factors rather than a full medical",
  "past_surgical_history": "No surgical history provided. The conversation focuses on presenting symptoms, diagnostic plan, and management steps rather",
  "family_history": "Family history was not provided in the conversation. The next step would be to gather and",
  "current_medications": [
    "No medications listed yet",
    "we’ll wait for lab results before adding them. Current plan focuses on confirming CF via sweat test and genetic counseling"
  ],
  "allergies": "None known allergy noted. Allergy history will be documented if",
  "social_history": "Social history: Father is a tobacco user; mother does not smoke. Both parents have some alcohol use. Tobacco",
  "functional_status": "Summary: - Key events and symptoms - Four-month-old with chronic cough, nocturnal breathlessness, poor weight gain,",
  "vital_signs": "- Weight: ~2 kg; height ~60 cm; head circumference ~35 cm; overall small size. - Feeding: infant formula;",
  "examination_findings": "No exam was conducted yet. The plan focuses on collecting family history, noting cough pattern, stool characteristics, and",
  "investigations": [
    "CBC and LFTs",
    "chest X-ray",
    "ESR",
    "stool analysis",
    "nutritional evaluation",
    "imaging as needed"
  ],
  "assessment_primary_diagnosis": "Primary diagnosis: Chronic respiratory symptoms and oily/greasy bulky stools strongly suggest cystic fibrosis (CF).",
  "differential_diagnoses": [
    "Chronic lung disease: tuberculosis, pneumonia, asthma",
    "CF can mimic these conditions. - Malnutrition: malnutrition causes"
  ],
  "management_plan": "- Management plan focuses on confirming CF via sweat chloride testing, establishing a CF clinic-based care pathway, and addressing practical logistics such",
  "tests_referrals_planned": [
    "Sweat chloride test: primary confirmatory test for CF",
    "performed at nearest center if possible",
    "otherwise referred to larger centers like CMC Vellore, AIIMS Delhi, PGI Chandigarh"
  ],
  "follow_up_plan": "- Follow-up plan: - Regular visits every 3–4 weeks to monitor growth, feeding, and respiratory function.",
  "chronology_response_to_treatment": "The conversation follows a stepwise plan for evaluating a 4-month-old with chronic cough, oily stools, and poor weight",
  "patient_concerns_preferences_consent": "- Patient background: 4-month-old male with chronic cough, nocturnal breathlessness, poor weight gain, oily/greasy bulky stools, and neonatal",
  "safety_issues_red_flags": "Red flags for CF include persistent cough, oily/greasy stools, poor weight gain, recurrent chest infections, and night-time breathing",
  "coding_terms": "CF: cystic fibrosis; CFCL: cystic fibrosis laboratory; CFCL: cystic fibrosis laboratory; CFCL: cystic fibrosis laboratory; CFCL:"
}