{
  "patient_identifiers": "Laxmi, age ~7 months, presenting with nocturnal cough, poor weight gain, oily green stools, intermittent abdominal distension. No fever or",
  "demographics": {
    "age": "The patient is 7 months old.",
    "sex": "The patient’s gender is female. No explicit mention of age."
  },
  "visit": {
    "date_time": "The visit occurred around mid-January 2025, with Sweat Test planned within the same week. The team prepared for the test",
    "type": "It was an in-person visit focused on confirming CF suspicion through Sweat Test and collecting baseline"
  },
  "chief_complaint": "Persistent nighttime cough, poor weight gain, oily stools, intermittent abdominal distension. No fever or severe breathing distress reported. These features",
  "onset_duration": "Laxmi’s cough has persisted for several weeks now, starting shortly after birth. The exact duration isn’t known, so we don’t",
  "symptom_description": "Oily green stools, intermittent night cough, poor weight gain, abdominal distension, no fever, ongoing feeding difficulties. These are key clues",
  "aggravating_factors": "Fat malabsorption due to pancreatic insufficiency is a major CF contributor; inadequate protein and fat absorption leads to poor growth",
  "relieving_factors": "Staying hydrated, eating small, frequent meals, avoiding irritants, gentle skin care, and regular follow-ups. If symptoms worsen, contact the clinic",
  "associated_symptoms": [
    "Persistent night cough",
    "poor weight gain",
    "oily/green stools",
    "intermittent abdominal distension",
    "no fever",
    "ongoing diarrhea"
  ],
  "past_medical_history": "No prior medical history recorded. The focus is on presenting symptoms and planned diagnostics rather than past conditions. No specific",
  "past_surgical_history": "Surgical history was not documented during this visit. No surgical details were provided. The focus remains",
  "family_history": "Family history was unclear; no known CF carriers reported. Carrier status would need confirmation via genetic",
  "current_medications": [
    "No medications listed yet",
    "no medications mentioned in this dialogue. The patient has CF suspicion and is awaiting Sweat Test results. The focus remains"
  ],
  "allergies": "None known allergy reported. No food/dietary restrictions mentioned. Allergy status",
  "social_history": "Social history includes tobacco use (smoking and smokeless), alcohol consumption, and family history of lung disease. No specific",
  "functional_status": "- The summary highlights the core steps from the dialogue: - Presenting symptoms and context: 7-month-old",
  "vital_signs": "Weight: ~6 kg; height ~50 cm; abdomen slightly distended; no severe distress noted. No fever reported. Note: weight",
  "examination_findings": "Noisy cough, poor weight gain, oily stools; no fever or dehydration noted. No definitive diagnosis yet; Sweat Test",
  "investigations": [
    "Sweat test planned",
    "genetic testing considered if Sweat Test inconclusive. - Chest X-ray planned to assess lung involvement. - Blood glucose and lipid panel planned to evaluate m"
  ],
  "assessment_primary_diagnosis": "Primary diagnosis: Cystic Fibrosis (CF). Confirmation via Sweat Test; genetic testing considered if Sweat",
  "differential_diagnoses": [
    "TB, malnutrition, infectious disease, allergic reaction, hematological issues, nutritional imbalance, metabolic disorders, autoimmune diseases, genetic mutations"
  ],
  "management_plan": "- Management plan based on Sweat Test-positive CF suspicion: - Nutrition optimization: high-calorie diet, small frequent meals, energy-dense foods like milk powder,",
  "tests_referrals_planned": [
    "Sweat test, genetic testing, imaging studies (CT/MRI), nutritional assessment, chest physiotherapy training, referral letters, hospital discharge instructions, caregiver training m"
  ],
  "follow_up_plan": "- Follow-up plan based on Sweat Test result: - If Sweat Test confirms CF: - Initiate",
  "chronology_response_to_treatment": "Patient status: Laxmi continues to have nocturnal cough, poor weight gain, and oily stools. No fever or severe",
  "patient_concerns_preferences_consent": "Symptoms: Persistent nighttime cough, poor weight gain, oily green stools; no fever or night sweats reported. No known",
  "safety_issues_red_flags": "Red flags for CF suspect: - Persistent cough, especially at night. - Poor weight gain despite feeding attempts.",
  "coding_terms": "CF diagnosis: CF-related cough, malabsorption, and fat-soluble vitamin deficiency. Sweat test is the definitive confirmation step."
}