{
  "patient_identifiers": "Ravi Kumar (age ~10) from rural India presented with chronic cough, nocturnal worsening, and weight loss. The plan was to",
  "demographics": {
    "age": "The patient is aged around 10 years old.",
    "sex": "The patient is male."
  },
  "visit": {
    "date_time": "The visit occurred around mid-January 2025, with follow-ups scheduled every two weeks until Sweat Test results were available. The plan",
    "type": "It was an outpatient follow-up visit focused on updating diaries and preparing for Sweat Test scheduling."
  },
  "chief_complaint": "Persistent cough since birth, nocturnal worsening, weight loss, oily bulky stools, no fever, normal appetite. Focus on evaluating CF risk",
  "onset_duration": "Stools were oily/bulky starting around age 6 months, with weight loss noted over several years. The cough pattern worsened at",
  "symptom_description": "Stools were oily/bulky; weight loss noted; cough was more prominent at night; no fever or severe abdominal distress reported. These",
  "aggravating_factors": "Stressful situations like exams, poor diet quality, inadequate sleep, and emotional stress can exacerbate coughing and fatigue in children with",
  "relieving_factors": "Stress reduction techniques like deep breathing, mindfulness, and gentle physical activity may help some children with CF. Nutrition and hydration",
  "associated_symptoms": [
    "Stool: oily/bulky",
    "weight loss",
    "coughing",
    "nasal congestion",
    "intermittent wheezing",
    "fatigue"
  ],
  "past_medical_history": "No prior medical history recorded. The focus is on presenting symptoms, diagnostic plan, and interim management rather than historical details.",
  "past_surgical_history": "No surgical history was recorded by the patient. The discussion focused on presenting symptoms and diagnostic",
  "family_history": "Family history was not explicitly recorded by the patient. The clinician noted that CF can occur",
  "current_medications": [
    "Stool softening agents (pancreatic enzymes)",
    "antibiotics for infections",
    "nutritional supplements",
    "antacids",
    "vitamins",
    "sleep aids"
  ],
  "allergies": "Allergies: None known. N/A.",
  "social_history": "Social history includes tobacco exposure (smoking) and alcohol use (beverages). The patient has no known tobacco/alcohol use before",
  "functional_status": "- The patient has a 10-year-old with chronic cough, nocturnal worsening, and weight loss. There is",
  "vital_signs": "Stool: oily/bulky; weight loss; cough persists at night; no fever; appetite unchanged; normal feeding; no vomiting or dehydration",
  "examination_findings": "Stool diary shows oily bulking stool with fat droplets; no blood in stool; weight stable; appetite unchanged; cough",
  "investigations": [
    "Sweat test: scheduled at a major center (CMC Vellore, AIIMS Delhi, PGI Chandigarh)",
    "if unavailable locally, proceed with documented symptom logs and plan referral to a larger fac"
  ],
  "assessment_primary_diagnosis": "Primary diagnosis: Chronic cough and weight loss suggestive of cystic fibrosis (CF). Sweat test",
  "differential_diagnoses": [
    "Stools bulking, dehydration, malnutrition",
    "tuberculosis",
    "malabsorption",
    "CF",
    "other causes like infections or tumors. TB screening may"
  ],
  "management_plan": "- Management plan focuses on confirming CF via Sweat Test, establishing a structured follow-up schedule, and implementing supportive care while awaiting results.",
  "tests_referrals_planned": [
    "Diagnosis plan: CF suspected",
    "Sweat test prioritized",
    "referral to major centers (CMC Vellore, AIIMS Delhi, PGI Chandigarh). Additional tests considered if needed: CBC, LFTs, kidney"
  ],
  "follow_up_plan": "- Follow-up plan after Sweat Test results: - If Sweat Test confirms CF: start CF-specific management",
  "chronology_response_to_treatment": "Diary entries highlighted include cough timing, stool characteristics, weight trends, and daily intake. The plan emphasizes regular follow-ups",
  "patient_concerns_preferences_consent": "- Concerns: Persistent cough since birth, nocturnal worsening, weight loss; oily bulky stools noted; no fever or severe",
  "safety_issues_red_flags": "Stool oiliness, bulky stools, weight loss, persistent cough, poor appetite, nasal congestion, fever, rapid breathing, dehydration, fatigue, vomiting,",
  "coding_terms": "CF, CF-related, CF-related disease, CF-related condition, CF-related diagnosis, CF-related plan, CF-related follow-up, Sweat test, Sweat test,"
}