{
  "patient_identifiers": "The patient’s name was not provided in the dialogue. The conversation focused on CF screening and initial management rather than",
  "demographics": {
    "age": "The patient’s age is 2 months old.",
    "sex": "The patient’s gender is female."
  },
  "visit": {
    "date_time": "The visit occurred sometime between March 15th and April 3rd, depending on when the dialogue started. The exact date was",
    "type": "Visit was an in-person consultation focused on evaluating suspected CF via sweat testing, followed by nutrition"
  },
  "chief_complaint": "Persistent cough since birth, slow weight gain, and intermittent diarrhea. No fever or night sweats reported. The primary concern is",
  "onset_duration": "The cough started soon after birth, about two weeks old. The cough worsened when infants were fed and improved after",
  "symptom_description": "Persistent cough, slow weight gain, intermittent diarrhea, oily stools, poor appetite, nasal congestion, mild fatigue, no fever. Persistent cough and",
  "aggravating_factors": "N/A, cough worsens with colds, fever, poor appetite, dehydration, and fatigue.",
  "relieving_factors": "Cough relief may come from antitussive medications like dextromethorphan, but these should be used under medical supervision and not self-medicate.保湿、温和饮食和充足的水分有助于缓解咳嗽。如果症状持续或加重，应及",
  "associated_symptoms": [
    "Persistent cough since birth",
    "poor weight gain",
    "intermittent wheeze",
    "oily stools",
    "nasal congestion",
    "no fever"
  ],
  "past_medical_history": "No prior medical history provided. The dialogue focuses on current symptoms, diagnostic plan, and initial management rather than past medical",
  "past_surgical_history": "No prior surgery was reported. The focus is on current symptoms, growth, and diagnostic planning rather",
  "family_history": "Family history was maternal cousin with CF, which raises CF risk for Rahim. No prior CF",
  "current_medications": [
    "Medications currently taken: - Pancreatic enzyme replacement therapy (PERT): generic versions of enzymes such as Panlipase or Enzar Forte",
    "dose determined by age/growth and"
  ],
  "allergies": "Allergies: None known. No food allergy, no severe skin reactions,",
  "social_history": "Social history: The patient’s father has been exposed to tobacco smoke at home, which raises concern for developing",
  "functional_status": "- Rahim’s CF-risk screening was initiated after noting persistent cough and slow weight gain despite breastfeeding.",
  "vital_signs": "- Temperature: ~37°C; heart rate ~100 bpm; blood pressure ~140/95 mmHg; no fever. - Respiratory status: No visible",
  "examination_findings": "No exam results were provided in this dialogue. The focus was on presenting symptoms, planning sweat testing, and",
  "investigations": [
    "Sweat chloride testing: planned first step",
    "results typically available in 1-7 days. - Chest X-ray: considered if suspicion persists after initial workup. - Blood tests: CBC, liv"
  ],
  "assessment_primary_diagnosis": "Primary diagnosis: Chronic cough in an infant with no definitive diagnosis yet. The plan",
  "differential_diagnoses": [
    "Cystic Fibrosis: CF is suspected because of chronic cough, poor weight gain, and oily stools",
    "other"
  ],
  "management_plan": "- Early management highlights: - Symptom diary tracking cough, stool, feeding, and weight; growth chart maintained. - Nutrition focused on high-calorie intake;",
  "tests_referrals_planned": [
    "Sweat chloride testing: scheduled at nearest hospital",
    "results typically available in 1-7 days. - Chest X-ray: may be done if suspicion persists beyond initial screening. - Blood"
  ],
  "follow_up_plan": "- Follow-up plan after Sweat Test results: - If positive: start CF-focused care (nutrition, airway clearance,",
  "chronology_response_to_treatment": "The conversation describes a patient with suspected cystic fibrosis (CF) who undergoes sweat chloride testing but does not",
  "patient_concerns_preferences_consent": "- Rashmi’s primary concern was suspected CF due to persistent cough and poor weight gain despite feeding efforts.",
  "safety_issues_red_flags": "Red flags for CF screening include persistent cough, poor weight gain despite feeding attempts, and oily stools. These",
  "coding_terms": "Cough pattern, stool characteristics, weight trajectory, growth curve, sweat chloride testing, genetic counseling, CF screening, nutrition"
}