{
  "patient_identifiers": "The patient’s name was not explicitly given in the dialogue. The primary focus was on documenting symptoms, initiating sweat testing,",
  "demographics": {
    "age": "6 months old.",
    "sex": "The patient’s gender is female. No explicit mention of male"
  },
  "visit": {
    "date_time": "The visit occurred sometime between October 1st and November 3rd, depending on when sweat testing was done. The exact date",
    "type": "It was an outpatient visit focused on confirming CF suspicion through sweat testing and collecting clinical"
  },
  "chief_complaint": "Persistent nocturnal cough with oily stools, plus slow weight gain, prompting sweat testing as the primary diagnostic step. No definitive",
  "onset_duration": "The cough started when the child was about 6 months old, and it worsened at night. There were no consistent",
  "symptom_description": "Stuffy nose, cough at night, oily stools, slow weight gain, intermittent fever, mild fatigue. No fever consistently. Persistent cough and",
  "aggravating_factors": "Stress, poor nutrition, dehydration, inadequate fluids, and infections.",
  "relieving_factors": "Staying hydrated, avoiding irritants like smoke, keeping nose clean, and getting enough calories through nutritious meals.保湿、避免烟雾、保持鼻腔清洁、高蛋白饮食。 dehydration risk noted; hydration",
  "associated_symptoms": [
    "Stool characteristics: oily, foul odor",
    "bulky stools",
    "poor appetite",
    "intermittent weight loss",
    "no significant abdominal pain reported. Stool diary notes: oily, foul odor",
    "bulky sto"
  ],
  "past_medical_history": "No prior medical history recorded. The focus is on presenting symptoms, diagnostic plan, and interim management for suspected CF. No",
  "past_surgical_history": "No prior surgery was mentioned in this dialogue. The focus remains on presenting symptoms, diagnostic steps,",
  "family_history": "Family history was not provided in the dialogue. The clinician noted that if CF is confirmed,",
  "current_medications": [
    "Stool softening agents: Panacitabene",
    "stool softener sachets",
    "sodium bicarbonate",
    "magnesium hydroxypropionate",
    "chitosan",
    "etc"
  ],
  "allergies": "Allergies: No known food allergies or severe skin reactions reported.",
  "social_history": "Social history: The patient is an adult male who does not smoke tobacco or alcohol. There is no",
  "functional_status": "Stated functional status: The child’s overall health appears stable with no major acute issues noted yet.",
  "vital_signs": "Age: 6 months old. Weight: ~7 kg; height ~39 cm. Feeding: mostly breast milk; occasional formula; no solids",
  "examination_findings": "Stool diary shows oily, foul-smelling stools; no significant weight loss noted yet; no fever or dehydration reported. No",
  "investigations": [
    "Sweat chloride testing: primary diagnostic step",
    "if unavailable locally, proceed with symptom documentation and growth monitoring. - Stool fat analysis: consider if indicated aft"
  ],
  "assessment_primary_diagnosis": "Primary diagnosis: CF suspicion. Sweat test remains the definitive diagnostic step, with symptom-based evaluation",
  "differential_diagnoses": [
    "Stools: oily, malodorous stools suggestive of pancreatic insufficiency due to cystic fibrosis",
    "possible malabsorption despite normal"
  ],
  "management_plan": "- Diagnosed condition: CF suspicion. - Key actions: Sweat test first, then stool fat analysis, CBC, LFTs, liver function tests, and nutritional",
  "tests_referrals_planned": [
    "Sweat test: primary diagnostic test",
    "if local testing unavailable, proceed with symptom documentation and referral to larger centers like CMC Vellore or AIIMS. - Stool fat analys"
  ],
  "follow_up_plan": "- Follow-up plan after sweat test positive: - Start CF-specific management right away: chest physiotherapy (CPT),",
  "chronology_response_to_treatment": "The dialogue follows a structured sequence of patient history, symptom review, diagnostic plan, and treatment steps for suspected",
  "patient_concerns_preferences_consent": "- Six-month-old infant with nocturnal cough, oily stools, and slow weight gain raises suspicion for cystic fibrosis (CF).",
  "safety_issues_red_flags": "Red flags for CF screening include persistent cough after birth, poor weight gain despite feeding, oily stools, recurrent",
  "coding_terms": "CF, CFTR mutation, dehydration, malnutrition, airway clearance, nutrition, carrier status, genotype, genetics, subsidies, clinic visit, sweat"
}