{
  "patient_identifiers": "The patient's name was not provided in the dialogue. The conversation focused on evaluating a man aged around 46 years",
  "demographics": {
    "age": "The patient’s age is approximately 46 years old.",
    "sex": "The patient’s gender is female. No explicit mention of gender"
  },
  "visit": {
    "date_time": "The visit occurred on October 1st, 2025, at 9:00 AM. The patient was brought in after reporting throat discomfort for",
    "type": "It was an outpatient visit with a focused head-and-neck exam and plans for imaging and biopsy"
  },
  "chief_complaint": "Persistent throat discomfort for about two weeks, with hoarseness and mild swallowing difficulty. No weight loss or fever reported. Risk",
  "onset_duration": "The duration of throat symptoms was unclear at this visit. The patient described ongoing throat discomfort for about two weeks,",
  "symptom_description": "Persistent throat discomfort, hoarseness, mild swallowing difficulty, fatigue; no weight loss or fever. No clear voice change or severe pain",
  "aggravating_factors": "Throat irritation, dryness, coughing, throat swelling, and voice changes tend to worsen during hot weather or humid conditions.",
  "relieving_factors": "The patient presents with throat discomfort, hoarseness, and swallowing difficulties. The clinician emphasizes that these are signs of possible head-and-neck",
  "associated_symptoms": [
    "Persistent throat discomfort for ~two weeks - Hoarseness - Mild dysphagia - Fatigue - No weight loss or fever reported - Dysphagia worsens at night",
    "swallowing difficulty - Weigh"
  ],
  "past_medical_history": "Past medical history was incomplete. The patient did not report specific chronic conditions or allergies at this visit. He mentioned",
  "past_surgical_history": "No surgical history provided. The focus is on current symptoms, risk factors, and planned diagnostics rather",
  "family_history": "Family history was provided as part of the risk assessment. The main points were: - Father",
  "current_medications": [
    "Amita: Tylenol 10 mg",
    "Advantame 5 mg",
    "Albuterol inhaler",
    "Diclofen 75 mg tab",
    "Hydroxyzine 10 mg tab",
    "Cetirizine 10 mg tab"
  ],
  "allergies": "None of the listed foods cause severe allergic reactions. If",
  "social_history": "- Past tobacco use: Long-term use of tobacco (gutka/bidi/hookah); dual-use pattern observed. - Dual-use pattern: Occasional use of",
  "functional_status": "- The patient presents with throat discomfort and hoarseness over several weeks, along with fatigue and",
  "vital_signs": "- Blood pressure: normal; heart rate stable; respiratory rate steady. - Weight: approximately 70 kg; BMI around 25.5.",
  "examination_findings": "No exam performed yet; focus on risk factors, symptoms, and preliminary workup planning. The dialogue outlines a structured",
  "investigations": [
    "CBC",
    "liver enzymes",
    "kidney function",
    "complete metabolic panel",
    "chest X-ray",
    "urine analysis"
  ],
  "assessment_primary_diagnosis": "Primary diagnosis is throat cancer with possible nodal spread, based on current imaging and",
  "differential_diagnoses": [
    "Chronic cough without infection: tuberculosis, chronic sinusitis, post-infectious cough. - Headache after meals: possible reflux"
  ],
  "management_plan": "- A brief summary of the planned management: - Primary diagnosis: throat cancer with possible lymph node involvement. - Current status: active",
  "tests_referrals_planned": [
    "CBC, complete metabolic panel, liver enzymes, kidney function, electrolytes, and basic thyroid profile. - Chest X-ray (if lung symptoms or high-risk features identified). - Urine"
  ],
  "follow_up_plan": "- Follow-up plan after imaging and biopsy: - First visit scheduled within one week; subsequent visits",
  "chronology_response_to_treatment": "The conversation covered several aspects: 1. Presenting symptoms and context - Persistent throat discomfort for about two weeks.",
  "patient_concerns_preferences_consent": "- Patient-reported symptoms: throat discomfort for ~two weeks, voice change, mild swallowing difficulty, fatigue; no weight loss or",
  "safety_issues_red_flags": "Red flags mentioned during the visit: - Persistent throat discomfort for >2 weeks. - Hoarseness and swallowing difficulties.",
  "coding_terms": "Cancer type: Head-and-neck cancer (primary); possible HPV-related infection; lymphadenopathy; risk-factor profile; supportive care emphasized. Dx pending"
}