{
  "patient_identifiers": "Name: Rahul Sharma; Age: 52; Location: Delhi. Cancer suspected due to throat discomfort, voice change, and weight loss. Initial plan",
  "demographics": {
    "age": "The patient’s age is 52 years old.",
    "sex": "The patient’s gender is male."
  },
  "visit": {
    "date_time": "The visit occurred today, March 1st, 2025. The team performed an oral/pharyngeal exam and began biopsy procedures if indicated. Imaging",
    "type": "It was an in-person visit with a detailed pre-procedure checklist and a written plan for biopsy"
  },
  "chief_complaint": "Chief complaint: throat discomfort with voice change and swallowing difficulty over about two weeks. No fever or systemic symptoms reported.",
  "onset_duration": "The duration of symptoms was unclear but likely ongoing over about two weeks before evaluation began. The exact timeframe wasn’t",
  "symptom_description": "- Persistent throat discomfort, voice changes, mild swallowing difficulty, weight loss over time. Early signs suggestive of head-and-neck cancer. No",
  "aggravating_factors": "Fatigue, sleep disturbances, appetite changes, weight loss, voice changes, swallowing difficulties, breathing issues, and general fatigue. These may be exacerbated",
  "relieving_factors": "The main symptom relief strategies mentioned are: - Pain management: analgesics like paracetamol or ibuprofen, with instructions to start low",
  "associated_symptoms": [
    "Hoarseness, persistent throat discomfort, voice change, difficulty swallowing solids, unintended weight loss, fatigue, night sweats, coughing blood. N/A if no specific symptoms n"
  ],
  "past_medical_history": "Past medical history noted briefly: no known allergies or chronic conditions mentioned. The clinician will ask about tobacco use (smoking",
  "past_surgical_history": "Surgical history was not provided during this visit. The focus was on current symptoms, risk factors,",
  "family_history": "Family history was not explicitly documented here. The clinician noted that family history may influence risk",
  "current_medications": [
    "Anticipated medications: Tylenol 10 mg twice daily",
    "Alprazolam 0.15 mg nightly",
    "Diclofenac sodium 75 mg once daily",
    "Naproxen 75 mg three times daily"
  ],
  "allergies": "Allergies noted: no known food allergies; no severe drug allergy;",
  "social_history": "Past tobacco exposure: Past smokeless tobacco use (khaini/gutkha/paan masala) about 6 years ago; no current smoking; occasional alcohol",
  "functional_status": "- Patient status: Rahul Sharma undergoes endoscopic evaluation today; biopsy may be performed if lesions are",
  "vital_signs": "- Blood pressure: normal; heart rate stable; oxygen saturation ~96% room air; no cyanosis noted. - Temperature: normal",
  "examination_findings": "Biopsy results were negative for cancer today; no cancer detected. FNAC was performed and showed no evidence of",
  "investigations": [
    "Complete physical examination including throat, voice box, neck palpation",
    "endoscopic assessment if indicated. - Laryngoscopy with FNAC (fine needle aspiration cytology) for tiss"
  ],
  "assessment_primary_diagnosis": "Primary diagnosis: Head-and-neck cancer suspected due to persistent throat symptoms, voice changes, and weight",
  "differential_diagnoses": [
    "Cervical lymph node involvement - Lymphadenopathy - Parotid gland swelling - Head and neck infection"
  ],
  "management_plan": "- Immediate plan: biopsy confirmation followed by imaging and staging; MDT-driven treatment decisions based on stage and overall health. - Next steps:",
  "tests_referrals_planned": [
    "Complete physical exam including throat/larynx inspection",
    "endoscopic evaluation if indicated. - FNAC (fine needle aspiration cytology) for neck lump",
    "typically done under local"
  ],
  "follow_up_plan": "- Follow-up plan includes: - First follow-up within one week. - Imaging and staging decisions made",
  "chronology_response_to_treatment": "- Patient undergoes endoscopic evaluation today; biopsy may be performed if lesions are detected. Imaging (CT/MRI) will follow",
  "patient_concerns_preferences_consent": "Consent and risk-reduction counseling: Patient expressed fear about endoscopy and biopsy. Staff reassured that sedation would be minimal",
  "safety_issues_red_flags": "Red flags noted during the visit: - Persistent sore throat over two weeks - Hoarseness lasting more than",
  "coding_terms": "TNM, HPV testing, biopsy timing, imaging sequence, MDT coordination, written plan, costs, family involvement, language support,"
}