{
  "patient_identifiers": "Patient name not specified in this conversation. The focus was on symptoms, diagnostic plan, and initial management rather than identifying",
  "demographics": {
    "age": "The patient’s age is 42 years old.",
    "sex": "The patient’s gender is female."
  },
  "visit": {
    "date_time": "The visit occurred on March 15th, 2025, at 9:00 AM. The doctor conducted laryngoscopy and biopsy under local anesthesia; pathology",
    "type": "It was an outpatient visit with telemedicine participation. The doctor conducted a physical exam and arranged"
  },
  "chief_complaint": "Persistent throat irritation and hoarseness with difficulty swallowing solids for about three months. No other major complaints reported. The primary",
  "onset_duration": "The duration of symptoms was unclear at this point, so no specific timeframe was given. The clinician noted that it",
  "symptom_description": "Persistent throat irritation, hoarseness, difficulty swallowing solids, no pain reported yet. No fever or weight loss noted. Mild dysphagia observed.",
  "aggravating_factors": "Persistent throat irritation, hoarseness, and difficulty swallowing solids, especially when eating hard textures like raw onions or peanuts. These symptoms",
  "relieving_factors": "The patient reports throat irritation, hoarseness, and difficulty swallowing solids. The clinician emphasizes that these symptoms suggest possible laryngeal pathology",
  "associated_symptoms": [
    "Persistent throat irritation",
    "hoarseness",
    "difficulty swallowing solids",
    "weight loss",
    "fatigue",
    "night coughing"
  ],
  "past_medical_history": "No prior medical history was reported. The focus is on current symptoms, risk factors, and planned investigations. No specific past",
  "past_surgical_history": "No surgical history was recorded in this encounter. The focus was on current symptoms, diagnostic plan,",
  "family_history": "Family history was not explicitly reported in the dialogue. The clinician noted that smoking history could",
  "current_medications": [
    "No medications listed yet",
    "we'll provide them once the initial workup is complete. Right now, just note that no medications were mentioned. We'll update"
  ],
  "allergies": "Allergies noted: no known food allergy, no severe skin reaction,",
  "social_history": "Social history: The patient reports smoking tobacco (cigarettes and bidis), alcohol use (about two glasses per day), and",
  "functional_status": "Patient has been evaluated for head-and-neck cancer risk and plans immediate laryngoscopy followed by biopsy if",
  "vital_signs": "- Baseline vitals: Blood pressure 120/85 mmHg, heart rate 70 bpm, respiratory rate 16 breaths/min; no acute distress",
  "examination_findings": "No visible exam was conducted in this brief encounter. The focus was on symptom description, risk factors, and",
  "investigations": [
    "ENT examination including laryngoscopy and possible biopsy",
    "FNAC if neck nodes are involved. - CT/MRI for staging",
    "PET-CT if indicated. - HPV testing optional",
    "decision guided by"
  ],
  "assessment_primary_diagnosis": "Primary diagnosis is suspected head-and-neck cancer due to chronic throat irritation, hoarseness, and dysphagia",
  "differential_diagnoses": [
    "Chronic laryngeal pathology: chronic laryngitis, vocal cord dysfunction, cystic fibrosis-like condition. - Head-and-neck malignancy: head"
  ],
  "management_plan": "- Plan highlights: - Primary step: laryngoscopy today; biopsy if indicated. - Next steps: biopsy results in 3–7 days; imaging (CT/MRI) as",
  "tests_referrals_planned": [
    "ENT examination including laryngoscopy and possible biopsy",
    "FNAC if neck nodes are involved",
    "CT/MRI for staging",
    "PET-CT if indicated",
    "HPV testing optional",
    "blood tests as part of"
  ],
  "follow_up_plan": "- Follow-up plan includes: - Regular visits every 3–6 weeks initially; sooner if new symptoms appear.",
  "chronology_response_to_treatment": "Patient undergoes laryngoscopy today; biopsy planned if lesion seen. FNAC considered if neck nodes involved. Imaging (CT/MRI) and",
  "patient_concerns_preferences_consent": "Patient concerns: Persistent throat irritation, hoarseness, difficulty swallowing solids for about three months. No major pain reported. No",
  "safety_issues_red_flags": "Red flags noted: persistent hoarseness, dysphagia, weight loss, night coughing, rapid breathing, severe pain, or worsening symptoms. These",
  "coding_terms": "Cancer type: Head-and-neck cancer; possible HPV-related risk; no definitive diagnosis yet. Stage not determined yet. Initial"
}