{
  "patient_identifiers": "The patient's name was Rahul. No other specific details were provided beyond this basic identification. The rest of the dialogue",
  "demographics": {
    "age": "Rahul is approximately 6 months old.",
    "sex": "The patient is male named Rahul. His age is around"
  },
  "visit": {
    "date_time": "The visit occurred on Friday, around noon when Rahul's mother brought him for CF screening. The plan was to start",
    "type": "It was an outpatient visit focused on collecting symptom data and arranging Sweat Test referral for"
  },
  "chief_complaint": "Cough with nocturnal exacerbation, poor weight gain, and irregular stools. These are key signs prompting CF suspicion. No specific diagnoses",
  "onset_duration": "Cough started around 4–5 months old, with occasional nocturnal coughing. Stool irregularity noted during early infancy. No consistent weight gain",
  "symptom_description": "Cough at night, poor weight gain, irregular stools, neonatal stool history. These are key signs prompting CF suspicion. No specific",
  "aggravating_factors": "Cough, weight loss, and stool abnormalities are aggravating factors for Rahul. The diary will track these details to guide evaluation",
  "relieving_factors": "Cough relief: saline nasal drops or humidified air; avoid irritants like smoke; use gentle skin care.保湿air humidity helps. If cough",
  "associated_symptoms": [
    "Nighttime cough",
    "poor weight gain",
    "irregular stools",
    "neonatal stool history",
    "cough pattern",
    "stool description"
  ],
  "past_medical_history": "No prior medical history provided. The focus is on presenting symptoms and plan for Sweat Test and subsequent diagnostics/treatment based",
  "past_surgical_history": "No prior surgery history provided. The focus remains on presenting symptoms and diagnostic plan rather than",
  "family_history": "Family history was not provided in the dialogue. The focus remains on presenting symptoms, diagnostic plan,",
  "current_medications": [
    "No medications listed yet",
    "no medications noted in the dialogue. The patient will receive antitussive and/or bronchodilator guidance after Sweat Test results. If CF"
  ],
  "allergies": "None of Rahul's known allergies noted. No food allergy, no",
  "social_history": "Social history includes tobacco use (smoking and smokeless), alcohol intake, and family smoking history. These factors raise risk",
  "functional_status": "Rahul undergoes CF screening via Sweat Test, with genetic testing as an option if Sweat Test",
  "vital_signs": "Weight: 5.2 kg; height: 47 cm; head circumference: 39.5 cm; overall good growth trend. No acute distress noted.",
  "examination_findings": "No respiratory signs noted during the visit. The focus was on evaluating cough, weight trajectory, and stool characteristics",
  "investigations": [
    "CBC and LFT",
    "chest X-ray",
    "ESR",
    "urinalysis",
    "stool fat analysis",
    "stool culture"
  ],
  "assessment_primary_diagnosis": "Primary diagnosis: Chronic cough and poor weight gain suggestive of cystic fibrosis (CF). Sweat",
  "differential_diagnoses": [
    "Cysts, tuberculosis, malnutrition, infections",
    "N/A if no differential"
  ],
  "management_plan": "- Rashid's CF screening plan: - Primary confirmatory test: Sweat test. - Local testing unavailable → referral to nearby major hospital. -",
  "tests_referrals_planned": [
    "Sweat test: primary confirmatory test for CF",
    "if local testing unavailable, refer to nearby major hospitals. - Genetic testing: considered after Sweat Test",
    "if negative, pursue o"
  ],
  "follow_up_plan": "- Follow-up plan after Sweat Test: - Monitor weight and appetite; adjust feeding strategy as needed.",
  "chronology_response_to_treatment": "Diary and weight tracking start; Sweat Test scheduled; Genetic Testing considered if Sweat Test inconclusive; TB/malnutrition screening discussed;",
  "patient_concerns_preferences_consent": "Cough, weight loss, stool abnormalities, no birth history, no prior diagnosis, no current medications, no known allergies, no",
  "safety_issues_red_flags": "Red flags for CF screening include persistent cough, poor weight gain, and oily stools, especially when combined. These",
  "coding_terms": "CFScreening, CF-diagnostic, CF-symptoms, SweatTest, genetic-testing, TB-malnutrition-screening, diaries, nutrition, weightchart, diaries, diaries-template, diaries-diary, diaries-g"
}