{
  "patient_identifiers": "The patient’s name was Rahul. His age was approximately four months. The main presenting concern was persistent nighttime cough with",
  "demographics": {
    "age": "The patient’s age is unclear from the conversation. The dialogue focuses on presenting symptoms and",
    "sex": "- Rahul is male."
  },
  "visit": {
    "date_time": "The visit occurred on Friday, around noon. The team discussed sweat test scheduling, documentation, and follow-up plans. The family diary",
    "type": "It was an in-person visit focused on confirming CF suspicion through sweat testing and collecting initial"
  },
  "chief_complaint": "Cough with nocturnal worsening, oily stools, no fever or cold symptoms, ongoing weight loss, and possible intermittent wheezing. These features",
  "onset_duration": "Cough started soon after birth, worsening at night, no fever or cold symptoms. Noted that weight was stable but stools",
  "symptom_description": "Cough that worsens at night, oily green stools, slow weight gain, no fever or cold symptoms. These features raise suspicion",
  "aggravating_factors": "Cough, fatigue, poor appetite, dehydration, and weight loss. These exacerbate CF risk and need attention. Ensure hydration, nutrition, and adequate",
  "relieving_factors": "Cough suppressants like antitussives, expectorant medicines, and bronchodilators can help relieve cough during episodes.保湿、保持温暖和适当饮食有助于缓解。如果咳嗽持续或加重，应尽快联系医生。在使用任何药物前，请咨询医生以避免副作用或药物相",
  "associated_symptoms": [
    "Cough pattern: Persistent nighttime cough",
    "intermittent daytime cough",
    "variable severity",
    "no sudden onset. Stool characteristics: Oily/green stools",
    "possible fat absorption issues"
  ],
  "past_medical_history": "No prior medical history provided. The focus is on presenting symptoms and next steps for CF screening. No specific past",
  "past_surgical_history": "Surgical history was not provided in this dialogue. The focus was on presenting symptoms, diagnostic plan,",
  "family_history": "Family history was not provided in the dialogue. The clinician noted that if there were relevant",
  "current_medications": [
    "Semopthine (brand names): Septhine, Secetin",
    "generic name: Septhine/Generic Secetin. - Pancreatic enzyme replacement therapy (PERT): Panlipase, Enzar Forte",
    "generic versions as a"
  ],
  "allergies": "Allergies: None known.",
  "social_history": "Social history includes tobacco use (smoking and bidis), alcohol consumption, and family history of lung disease. These factors",
  "functional_status": "Short summary: - Key events: Rahul’s suspected CF due to chronic nocturnal cough, oily green stools,",
  "vital_signs": "Cough intensity, breathing rate, body temperature, weight trend, stool characteristics, and feeding status.",
  "examination_findings": "No exam was conducted. The dialogue focuses on presenting symptoms and planning sweat testing rather than documenting physical",
  "investigations": [
    "Sweat chloride test (primary diagnostic) - Chest X-ray (to assess lung involvement) - Blood tests (CBC, liver function tests, kidney function, electrolytes) - Genetic testing (ca"
  ],
  "assessment_primary_diagnosis": "Primary diagnosis: suspected cystic fibrosis due to chronic cough, poor weight gain, and oily",
  "differential_diagnoses": [
    "TB, malnutrition, other infections",
    "CF remains possible until confirmed by Sweat Test. Diagnosis depends on Sweat"
  ],
  "management_plan": "- Rashid’s CF screening plan: - Primary diagnostic test: Sweat test. - If unavailable locally: Detailed symptom diary and referral to larger",
  "tests_referrals_planned": [
    "Sweat test: planned first step",
    "if unavailable, pursue genetic testing",
    "if both fail, consider other causes like TB/malnutrition. - Chest X-ray: considered after initial evaluati"
  ],
  "follow_up_plan": "- Follow-up plan after sweat test results: - If sweat test is positive: initiate antibiotics and",
  "chronology_response_to_treatment": "The conversation follows a typical CF screening workflow: - Step 1: Identify suspected CF due to chronic cough,",
  "patient_concerns_preferences_consent": "- Rahul’s main concerns: persistent nighttime cough, oily green stools, poor weight gain, no fever, and lack of",
  "safety_issues_red_flags": "Cough that worsens at night, persistent greasy stools, poor weight gain, recurrent pneumonia-like episodes, or worsening breathing sounds.",
  "coding_terms": "Cystic_fibrosis, CF_screening, sweat_test, dehydration, malnutrition, tuberculosis, neonatal_stools, CF_diagnostic_process, CF_symptoms, CF_lifestyle_guidelines, CF_family_diary, C"
}