{
  "patient_identifiers": "The patient’s name was not provided in the dialogue. The conversation focused on CF screening and initial management rather than",
  "demographics": {
    "age": "The patient is an infant aged 3 months old.",
    "sex": "The patient’s gender is female. No other details provided."
  },
  "visit": {
    "date_time": "The visit occurred sometime between March 1st and March 5th, depending on when sweat test was performed. The exact date",
    "type": "Visit was an outpatient consultation focused on confirming CF via sweat testing and collecting initial diagnostic"
  },
  "chief_complaint": "Persistent cough since birth, oily stools, and reduced appetite. No fever or significant weight loss reported yet. The primary concern",
  "onset_duration": "Symptoms started around birth, chronic cough, and oily stools. No clear date given yet. The focus is on documenting symptoms",
  "symptom_description": "Persistent cough, oily stools, poor weight gain, intermittent fever, fatigue, nasal congestion, mild breathing difficulty. These are key signs that",
  "aggravating_factors": "Stress, poor diet, inadequate fluids, dehydration, infections, and environmental factors like dust or smoke can exacerbate CF symptoms. Regular monitoring",
  "relieving_factors": "Relief strategies discussed include maintaining good hydration, ensuring adequate protein intake, avoiding irritants like spicy foods, and using gentle routines",
  "associated_symptoms": [
    "Persistent cough since birth",
    "nocturnal cough",
    "oily stools",
    "weight loss",
    "poor appetite",
    "intermittent diarrhea"
  ],
  "past_medical_history": "No prior medical history provided. The dialogue focuses on current CF suspicion and planned diagnostics rather than past health issues.",
  "past_surgical_history": "Surgical history was not provided in the dialogue. The patient’s background is CF risk due to",
  "family_history": "Family history was unclear, no known CF in the family. The team planned to collect more",
  "current_medications": [
    "No medications listed yet. The dialogue focuses on initial assessment and sweat testing rather than medication details. Medications would appear later in the course"
  ],
  "allergies": "None of the patient's allergies are known. The team will",
  "social_history": "Social history: The patient’s father is a tobacco user, which increases risk for CF. Alcohol use is limited.",
  "functional_status": "Symptoms noted: persistent cough since birth, nocturnal cough, oily stools, poor weight gain. No clear diagnosis",
  "vital_signs": "Weight: ~6 kg; height ~50 cm; pulse ~90 bpm; breathing rate ~10 breaths/min; no fever. Note that these",
  "examination_findings": "No exam was performed during the dialogue. The focus was on CF risk assessment and planned diagnostics rather",
  "investigations": [
    "Sweat chloride test planned",
    "fasting 6–8 hours",
    "blood tests as indicated",
    "stool analysis considered if needed",
    "results typically available in 1–2 days",
    "results reviewed with pati"
  ],
  "assessment_primary_diagnosis": "Primary diagnosis: Chronic cough in an infant with oily stools raises suspicion for cystic",
  "differential_diagnoses": [
    "CF, TB, malnutrition, dehydration, infections, aspiration risk, electrolyte imbalance, dehydration, hypokalemia, metabolic alkalosis, poor wound healing"
  ],
  "management_plan": "- CF screening and initial plan: Sweat test is the primary confirmatory test; if local labs aren’t available, refer to a major",
  "tests_referrals_planned": [
    "Sweat chloride test at a major center (AIIMS, CMC Vellore, PGI Chandigarh). - Chest X-ray and blood tests as part of differential diagnosis. - Stool analysis considered if suspic"
  ],
  "follow_up_plan": "Follow-up plan: - Weight and stool diary continue; monitor weight weekly and stool characteristics every two",
  "chronology_response_to_treatment": "Diary entries show increasing cough intensity and oily stools; weight stable but appetite reduced. Sweat test planned at",
  "patient_concerns_preferences_consent": "Symptoms: Persistent cough since birth, nocturnal cough, oily stools. Diagnosis planned: Sweat chloride test at a major center;",
  "safety_issues_red_flags": "Red flags for CF screening include persistent cough, oily stools, poor weight gain, and failure to thrive despite",
  "coding_terms": "CF, CF screening, CF care, dehydration, electrolyte imbalance, dehydration risk, diarrhea, malabsorption, nutrition, enzyme therapy, chest"
}