{
  "patient_identifiers": "Raju Kumar, 42, patient in the conversation. His primary concern was throat symptoms and risk factors including tobacco and alcohol",
  "demographics": {
    "age": "The patient is 42 years old.",
    "sex": "The patient is female. She is Sumi, Raju Kumar's wife."
  },
  "visit": {
    "date_time": "The visit occurred on October 15th, 2025, around 9:00 AM. The doctor conducted an oral/throat examination and collected necessary documents;",
    "type": "It was an in-person visit with a patient named Raju Kumar who presented with throat irritation,"
  },
  "chief_complaint": "Persistent throat irritation with hoarseness, mild dysphagia, intermittent cough, and weight loss over several weeks. No fever or systemic symptoms.",
  "onset_duration": "Symptoms started around two months ago, with worsening over time. The exact duration isn't specified here.",
  "symptom_description": "Persistent throat irritation, hoarseness, mild dysphagia, intermittent cough, fatigue, weight loss over several weeks. These are the primary symptoms described",
  "aggravating_factors": "Rugby-like activity exacerbates throat irritation and hoarseness. Increased airway sensitivity and irritants like cigarette smoke worsens symptoms. Regular tobacco and",
  "relieving_factors": "The main relief strategies mentioned are: - Regular mouthwash after meals - Saltwater gargles twice daily - Avoid spicy, acidic,",
  "associated_symptoms": [
    "Persistent throat irritation",
    "hoarseness",
    "dysphagia",
    "fatigue",
    "weight loss",
    "intermittent cough"
  ],
  "past_medical_history": "No prior medical history recorded. The intake focuses on current risk factors, symptoms, and planned evaluations rather than past conditions.",
  "past_surgical_history": "No surgical history was recorded during this encounter. The dialogue focuses on current symptoms, risk factors,",
  "family_history": "Raju Kumar has no known cancer in his family. His father had lung cancer years ago,",
  "current_medications": [
    "No medications listed by the patient. The conversation focuses on risk factors, physical exams, and possible tests rather than medication details. A complete list"
  ],
  "allergies": "Raju has no known food allergies. He reports no severe",
  "social_history": "Social history includes tobacco use (daily 8–10 cigarettes), hookah use, and alcohol use (about once weekly). The combined",
  "functional_status": "Raju Kumar presents with throat irritation, hoarseness, mild swallowing difficulty, intermittent cough, fatigue, and weight loss",
  "vital_signs": "- Blood pressure: 125/80 mmHg; heart rate: 60 bpm; respiratory rate: 12 breaths/min; oxygen saturation: 98% room air;",
  "examination_findings": "No current examination findings were recorded by the clinician. The dialogue focuses on risk factors, patient history, and",
  "investigations": [
    "ENT examination of mouth/throat",
    "Laryngoscopy if indicated",
    "Endoscopic view of larynx",
    "Imaging (CT/MRI) for staging",
    "FNAC for neck lymph nodes if suspicious",
    "Blood test"
  ],
  "assessment_primary_diagnosis": "Primary diagnosis is not established yet due to lack of clear symptoms and no",
  "differential_diagnoses": [
    "HPV-related vs non-HPV related",
    "lymphoma",
    "sinonasal malignancy",
    "head-and-neck cancer",
    "laryngeal papillitis",
    "benign conditions like mucosal ulcers"
  ],
  "management_plan": "- Immediate plan: Begin with oral/throat examination today; if abnormalities found, proceed with imaging (CT/MRI) and/or biopsy; obtain consent; arrange follow-up in",
  "tests_referrals_planned": [
    "ENT examination",
    "laryngoscopy",
    "endoscopic view of throat",
    "possible biopsy if suspicious",
    "FNAC if neck lump suspected. - Imaging: CT/MRI",
    "PET-CT if needed. - Blood tests: CBC, liv"
  ],
  "follow_up_plan": "- Follow-up plan based on imaging/biopsy results: - Imaging/biopsy results will determine whether immediate treatment is",
  "chronology_response_to_treatment": "Patient has completed an oral/throat exam today; no immediate imaging or biopsy ordered yet. A follow-up visit is",
  "patient_concerns_preferences_consent": "Patient concerns: ongoing throat irritation, hoarseness, mild swallowing difficulty, fatigue, weight loss; no fever or night sweats; risk",
  "safety_issues_red_flags": "Red flags to watch out for during this visit: - Persistent sore throat lasting more than two weeks.",
  "coding_terms": "Cancer type: Head-and-neck cancer (primary); possible esophageal/esophagus involvement; no definite diagnosis yet. HPV-related risk discussed; risk-factor"
}