{
  "patient_identifiers": "The patient's name was not explicitly stated in the dialogue. The primary focus was on identifying the patient’s name or",
  "demographics": {
    "age": "The patient’s age is 35 years old.",
    "sex": "The patient’s gender is female. She has been referred for"
  },
  "visit": {
    "date_time": "The visit occurred sometime between July 1st and July 8th, depending on timing. The exact date isn't specified here. The",
    "type": "The visit was an ENT examination plus potential biopsy and imaging based on findings. It included"
  },
  "chief_complaint": "Chief complaint: Persistent throat irritation with hoarseness and mild dyspnea over several weeks. No fever or weight loss reported. No",
  "onset_duration": "Symptoms started around 3 weeks ago, with hoarseness and mild trouble speaking. No persistent weight loss or fever reported. The",
  "symptom_description": "Persistent throat irritation, hoarseness, mild dyspnea, occasional cough, slight weight loss, no fever or night sweats. These are typical early",
  "aggravating_factors": "The main symptom that exacerbates symptoms is throat irritation and hoarseness, especially with dry air or cold weather. Other triggers",
  "relieving_factors": "The main symptom relief strategies discussed were soft foods, increased fluid intake, adequate rest, and avoiding irritants like spicy or",
  "associated_symptoms": [
    "Persistent throat irritation",
    "hoarseness",
    "mild dyspnea",
    "fatigue",
    "reduced appetite",
    "weight stability unclear"
  ],
  "past_medical_history": "Past medical history was limited; no major chronic conditions or allergies noted. HPV vaccination status was asked but not confirmed",
  "past_surgical_history": "No prior surgery history was recorded. The focus remains on current symptoms, risk factors, physical exam",
  "family_history": "Family history was not explicitly documented in this encounter. The clinician did not provide any specific",
  "current_medications": [
    "No medications listed yet",
    "we will collect them once the ENT visit confirms any new meds. Current list would look like this upon confirmation:"
  ],
  "allergies": "Patient has penicillin allergy. HPV vaccination is not required yet",
  "social_history": "- Past/present: Tobacco use: daily khaini/gutkha chewing; occasional evening smoking; combined tobacco/alcohol exposure increasing cancer risk. - Alcohol",
  "functional_status": "- Rajhan Mondal undergoes ENT examination today with voice quality, breathing, and neck lymph node assessment;",
  "vital_signs": "- Blood pressure: 120/80 mmHg; heart rate 60 bpm; respiratory rate normal; oxygen saturation 98% room air; overall",
  "examination_findings": "Examination findings were not detailed in this brief encounter. The patient presented with throat irritation, hoarseness, mild dysphagia,",
  "investigations": [
    "ENT examination of throat/larynx and neck",
    "laryngoscopy if indicated",
    "biopsy if suspicious findings. - CT scan preferred for quick, cost-effective imaging",
    "MRI if CT unavailable"
  ],
  "assessment_primary_diagnosis": "Primary diagnosis was not established yet; the plan focuses on ENT examination, potential laryngoscopy,",
  "differential_diagnoses": [
    "Chronic laryngitis with suspected malignancy: Laryngeal papilloma, chronic laryngopharyngeal reflux, or benign laryngeal condition"
  ],
  "management_plan": "- Immediate plan summary: - Primary focus: ENT examination of throat/larynx and neck; laryngoscopy if indicated; biopsy if suspicious findings. - Imaging",
  "tests_referrals_planned": [
    "ENT examination",
    "laryngoscopy",
    "biopsy if indicated",
    "imaging (CT/MRI)",
    "HPV testing",
    "referral to specialist if needed"
  ],
  "follow_up_plan": "- Follow-up plan: - ENT examination and laryngoscopy planned; biopsy if indicated. - Imaging (CT preferred;",
  "chronology_response_to_treatment": "Patient has completed ENT examination and is awaiting biopsy results. Imaging will follow based on biopsy findings. HPV",
  "patient_concerns_preferences_consent": "Consent process and patient questions addressed: - Consent was obtained for testing and potential biopsy; patient asked about",
  "safety_issues_red_flags": "Red flags highlighted: persistent sore throat for more than 2 weeks, new lump in the neck, non-healing mouth",
  "coding_terms": "I'm ready to provide the code snippets based on the given context. Please specify which codes"
}