{
  "patient_identifiers": "The patient’s name was not explicitly given in the dialogue. The primary focus was on the CF workup process rather",
  "demographics": {
    "age": "The patient’s age is approximately 10 months old.",
    "sex": "The patient’s gender is female. She has been diagnosed with"
  },
  "visit": {
    "date_time": "The visit occurred around mid-January 2025, with no specific date given. The primary focus was on documenting symptoms, preparing for",
    "type": "It was an outpatient visit with a child aged ~12 years who presented with chronic cough,"
  },
  "chief_complaint": "Persistent nighttime cough with chest congestion, slow weight gain, and reduced appetite. No fever or night sweats reported. These features",
  "onset_duration": "Ravi has had persistent cough and slowed weight gain since around three months, with occasional night-time coughing. The exact duration",
  "symptom_description": "Persistent night cough, slow weight gain, oily stools, intermittent diarrhea, fatigue, occasional fever, mild breathing difficulty. No definitive diagnosis yet.",
  "aggravating_factors": "Stressful situations like colds, infections, and changes in diet can exacerbate cough and breathing difficulties in children with CF. Regular",
  "relieving_factors": "The patient reports relief from cough with warm liquids, humidified air, and increased protein-rich foods. No specific medications mentioned yet.",
  "associated_symptoms": [
    "Persistent night cough",
    "slow weight gain",
    "oily stools",
    "intermittent diarrhea",
    "nasal congestion",
    "fatigue"
  ],
  "past_medical_history": "Ravi has been diagnosed with suspected cystic fibrosis (CF). He presents with chronic cough, slowed weight gain, and intermittent night-time",
  "past_surgical_history": "No prior surgery was performed. The focus is on presenting symptoms and diagnostic workup rather than",
  "family_history": "Family history was not explicitly reported in the dialogue. The focus was on presenting symptoms, diagnostic",
  "current_medications": [
    "Nebulizer nebulized insulin",
    "Oral antihistamine loratadine",
    "Antidepressant sertraden",
    "Antibiotics amoxicillin-clavulanate",
    "Weight-based enzyme dose adjustment",
    "Saline n"
  ],
  "allergies": "Ravi has no known food allergies or severe skin reactions.",
  "social_history": "Social history: No tobacco use reported; alcohol consumption limited to occasional drinks with friends. Family member involved in",
  "functional_status": "Ravi has been diagnosed with suspected cystic fibrosis (CF). He presents with chronic cough, slowed weight",
  "vital_signs": "- Weight: 7 kg; height: 65 cm; BMI: 10.4. - Respiratory rate: normal; no fever. - Feeding status:",
  "examination_findings": "- Noisy cough with nocturnal exacerbation; slow weight gain; intermittent oily stools; no fever or night sweats; normal",
  "investigations": [
    "CBC with differential",
    "Chest X-ray",
    "Sweat test",
    "CT/MRI if indicated",
    "genetic testing",
    "nutrition assessment"
  ],
  "assessment_primary_diagnosis": "Primary diagnosis: Chronic cough with poor weight gain suggests cystic fibrosis (CF). Sweat testing",
  "differential_diagnoses": [
    "TB vs CF: Nighttime cough, slow weight gain, intermittent night cough",
    "TB screening with sputum"
  ],
  "management_plan": "- CF suspicion raised from history: persistent cough, slow weight gain, and intermittent diarrhea. - Immediate action: conduct sweat test to confirm",
  "tests_referrals_planned": [
    "Sweat test: Confirmatory test for CF",
    "if not available locally, referrals to major centers or central labs were considered. - Chest X-ray: Routine screening with minor risk",
    "no i"
  ],
  "follow_up_plan": "- Follow-up plan after sweat test results: - If CF confirmed: - Establish multidisciplinary CF-care team",
  "chronology_response_to_treatment": "Diary and growth data from the patient’s home: - Diary entries included cough timing, nocturnal pattern, feeds volume,",
  "patient_concerns_preferences_consent": "- Patient concerns: CF suspicion raised from chronic cough, slow weight gain, and reduced appetite. No prior diagnosis",
  "safety_issues_red_flags": "- Persistent cough with nocturnal worsening, slow weight gain, oily stools, fever after feeding, rapid breathing, or signs",
  "coding_terms": "Diagnosis: CF suspicion; Sweat test planned; Central referral center sought; No definitive diagnosis yet. Treatment focus:"
}