{
  "patient_identifiers": "Rahul Kumar, 42, Kolkata, India. Two-months post-surgery. Presenting issues: persistent throat dryness, mild dysphagia, occasional hoarseness, fatigue, reduced appetite. No",
  "demographics": {
    "age": "Rahul is 42 years old.",
    "sex": "Rahul is male. He has been through head-and-neck cancer surgery"
  },
  "visit": {
    "date_time": "The visit occurred around March 1st, 2025, at the start of survivorship care. The team provided an overview of nutrition,",
    "type": "It was an outpatient follow-up visit focused on nutrition, swallowing rehabilitation, and ongoing surveillance following head-and-neck"
  },
  "chief_complaint": "Chief complaint: Persistent throat dryness, mild swallowing difficulties, occasional hoarseness, fatigue, and reduced appetite. No fever or significant pain reported.",
  "onset_duration": "Rahul has had symptoms for about two months since his head-and-neck cancer surgery. The exact duration isn't specified here, so",
  "symptom_description": "Persistent throat dryness, mild swallowing difficulties, occasional hoarseness, fatigue, reduced appetite. No fever or significant weight loss reported yet. These",
  "aggravating_factors": "Dry mouth, dehydration, fatigue, swallowing difficulties, pain, anxiety, sleep disturbances, and dietary restrictions. These exacerbate recovery and quality of life.",
  "relieving_factors": "The main relief strategies mentioned are: 1) Saliva substitutes and moisturizers; 2) Humidifier at home; 3) Soft, high-protein, easy-to-swallow foods;",
  "associated_symptoms": [
    "Persistent throat dryness - Mild dysphagia - Occasional hoarseness - Fatigue - Reduced appetite - Weight loss possible - Dry mouth reported - Taste changes - Night-time coughing"
  ],
  "past_medical_history": "Rahul has had smoking history (cigarettes and bidis), alcohol use, and HPV risk factors. No prior cancer diagnosis reported. He",
  "past_surgical_history": "Surgical history: Rahul had head-and-neck cancer surgery about two months ago. No specific details provided regarding",
  "family_history": "Family history was not provided at this time. No specific family history is reported. The focus",
  "current_medications": [
    "No medication listed yet",
    "no medications mentioned at this point. The plan focuses on nutrition, swallowing, and rehabilitation rather than specific meds. If new"
  ],
  "allergies": "Allergies: None known at this time. N/A if none.",
  "social_history": "Social history: Rahul reports heavy smoking (cigarettes and gutkha) and alcohol use at home. He notes intermittent smokeless",
  "functional_status": "Rahul has completed head-and-neck cancer surgery and is undergoing survivorship care focused on nutrition, swallowing rehabilitation,",
  "vital_signs": "- Baseline vitals: blood pressure 120/85 mmHg, heart rate 60 bpm, respiratory rate 16 breaths per minute, oxygen",
  "examination_findings": "Examination findings: - No definitive diagnosis yet; current focus on evaluating symptoms and planning next steps based on",
  "investigations": [
    "Complete workup planned: - Endoscopy/laryngoscopy with biopsy if indicated. - CT/MRI for staging. - Blood tests (CBC, liver/kidney function, metabolic panels). - Nutritional asse"
  ],
  "assessment_primary_diagnosis": "Primary diagnosis: Head-and-neck cancer confirmed through biopsy and imaging. No definitive diagnosis yet; TNM",
  "differential_diagnoses": [
    "Persistent sore throat without obvious cause - Possible HPV infection risk - Risk factors: tobacco"
  ],
  "management_plan": "Key points from the dialogue: - Patient profile and risk factors - Rahul, 42, completed head-and-neck cancer surgery ~two months ago. -",
  "tests_referrals_planned": [
    "Basic screening: CBC, liver enzymes, kidney function",
    "chest X-ray if indicated. - Endoscopic evaluation: endoscopy of oropharynx/larynx",
    "possible laryngoscopy if findings warrant"
  ],
  "follow_up_plan": "- Follow-up plan focuses on nutrition, swallowing rehabilitation, and surveillance; involves a multidisciplinary team including an",
  "chronology_response_to_treatment": "Key points from the dialogue: - Patient profile and current situation - Rahul, 42, completed head-and-neck cancer surgery",
  "patient_concerns_preferences_consent": "Consent process: Rahul consented to follow up via portal and undergo nutrition counseling; asked to bring records and",
  "safety_issues_red_flags": "Red flags to watch for: - Persistent severe pain, rapid swelling, breathing trouble, or fever after 5–7 days",
  "coding_terms": "Coding notes: - Head & neck cancer: yes - Surgery: yes - Radiotherapy: yes - Chemotherapy:"
}