{
  "patient_identifiers": "The patient’s name was not explicitly given in the dialogue. The conversation focused on presenting symptoms and planned diagnostic workup",
  "demographics": {
    "age": "The patient’s age is 4 months old.",
    "sex": "The patient’s gender is female. She is a girl. So"
  },
  "visit": {
    "date_time": "The visit occurred on Friday, around noon. The family brought their documents and prepared for the Sweat Test. They were",
    "type": "The visit was planned as an in-person visit with a multidisciplinary CF care team including nutritionist,"
  },
  "chief_complaint": "Cough with nocturnal worsening, slow weight gain, intermittent diarrhea, and a history of chronic cough from birth. No definitive diagnosis",
  "onset_duration": "Cough started soon after birth, nocturnal worse, with occasional daytime improvement. No clear timeline given yet. The diary will help",
  "symptom_description": "Cough persists at night, slower weight gain, occasional diarrhea, intermittent wheezing, intermittent fever, mild fatigue. No clear diagnosis yet. Focus",
  "aggravating_factors": "Cough, dehydration, fatigue, and weight loss are aggravating factors. Regular weigh-in helps track progress. Ensure hydration and electrolyte balance. Maintain",
  "relieving_factors": "Diary-based symptomatic relief, regular home monitoring, and timely follow-up. Regular weigh-in helps track growth and monitor response to therapies. Telemedicine",
  "associated_symptoms": [
    "Nightly cough",
    "slower weight gain",
    "intermittent diarrhea",
    "cough worsening at night",
    "appetite normal",
    "no fever or severe dehydration reported"
  ],
  "past_medical_history": "Past medical history was missing. Focus will be on presenting symptoms, risk factors, and planned diagnostics. No specific diagnoses were",
  "past_surgical_history": "Surgical history was not documented here. The focus was on presenting symptoms, diagnostic plan, and initial",
  "family_history": "Family history was not explicitly documented in the dialogue. The focus remains on presenting symptoms, planned",
  "current_medications": [
    "Nebulized albuterol twice daily",
    "Oral steroids when prescribed",
    "Antihistamine used cautiously for itching",
    "No known allergies to drugs listed. N/A"
  ],
  "allergies": "Diary entries allergy history: no known food allergies or severe",
  "social_history": "Social history: No tobacco use reported; alcohol consumption not specified. Family member involved in collecting information about smoking/tobacco",
  "functional_status": "- CF suspicion raised based on nocturnal cough, slow weight gain, and intermittent diarrhea. - Sweat",
  "vital_signs": "- Body temperature: ~36°C; no fever noted. - Respiratory rate: stable, about 20 breaths per minute. - Heart",
  "examination_findings": "Diary and baseline observations: - Nighttime cough: persistent, worse at night; no clear pattern yet. - Weight: stable,",
  "investigations": [
    "CBC and LFT planned",
    "chest X-ray if indicated",
    "Sweat Test prioritized",
    "genetic testing if CF remains uncertain",
    "imaging if clinically indicated",
    "referral to major centers (AIIMS"
  ],
  "assessment_primary_diagnosis": "Primary diagnosis: Chronic cough in an infant with slow weight gain and intermittent diarrhea",
  "differential_diagnoses": [
    "CF-related differential: cystic fibrosis, tuberculosis, malnutrition",
    "no definitive diagnosis yet. - Other possibilities: asthma, pneumonia"
  ],
  "management_plan": "- Sweat test positive for CF confirms diagnosis. Start nutrition-focused CF care immediately: high-calorie diet, fat-soluble vitamin supplementation, chest physiotherapy (CPT), and",
  "tests_referrals_planned": [
    "Sweat test: planned for Friday morning at the nearest facility",
    "travel subsidy and cost estimates provided. - Genetic testing: considered concurrent with Sweat Test if CF is conf"
  ],
  "follow_up_plan": "- Follow-up plan: - Next step: Sweat Test on Friday at 9:00 AM at the nearest",
  "chronology_response_to_treatment": "Diary and growth tracking: The family started keeping a nightly cough diary and growth charts starting from Friday.",
  "patient_concerns_preferences_consent": "- Patient concerns: Nighttime cough, slow weight gain, intermittent diarrhea, and a history of cough starting soon after",
  "safety_issues_red_flags": "- Nighttime cough, rapid weight loss, persistent diarrhea, fever, chest pain, dehydration, worsening breathing, or signs of infection.",
  "coding_terms": "CF-related codes: CF-related code 378.22 (Cystic Fibrosis). HIV-related code 378.23 (HIV-related CF-like condition). TB-related code 378.24"
}