{
  "patient_identifiers": "The patient’s name was not explicitly stated in the dialogue. The primary focus was on recognizing CF risk factors and",
  "demographics": {
    "age": "The patient is 4 months old.",
    "sex": "The patient’s gender is female."
  },
  "visit": {
    "date_time": "The visit occurred around mid-January 2025, with no specific date given. The primary focus was on gathering and preparing for",
    "type": "It was an in-person visit focused on confirming CF suspicion by performing the sweat test. The"
  },
  "chief_complaint": "Persistent nighttime cough since birth, with slower-than-expected weight gain. No fever reported. The primary concern is chronic cough and suboptimal",
  "onset_duration": "The cough started around 3 months old, so it’s several months into the child's life. It was chronic, worsening at",
  "symptom_description": "Persistent nighttime cough, slower-than-expected weight gain, intermittent breathlessness during sleep. No fever. Regularly feeds well; no obvious signs of dehydration.",
  "aggravating_factors": "Stress, inadequate sleep, dehydration, and infection can exacerbate cough and overall condition. Regular hydration, adequate rest, and good nutrition are",
  "relieving_factors": "Staying hydrated, avoiding irritants like smoke, maintaining good oral hygiene, and ensuring adequate calories and protein can help manage cough",
  "associated_symptoms": [
    "Persistent cough since birth",
    "slower-than-expected weight gain",
    "intermittent wheeze during sleep",
    "oily stools",
    "no fever",
    "diarrhea less common than usual"
  ],
  "past_medical_history": "No prior medical history recorded. The focus is on presenting symptoms, diagnostic plan, and interim management rather than a full",
  "past_surgical_history": "Surgical history was not provided in this case. The summary focuses on presenting symptoms, diagnostic plan,",
  "family_history": "Family history was not provided in the dialogue. The clinician did not record any family history",
  "current_medications": [
    "No medications listed yet",
    "no medication names or dosages provided. The conversation focuses on diagnosis and management rather than current meds. If you have"
  ],
  "allergies": "None of the parents have known food allergies or other",
  "social_history": "Social history includes tobacco use (smoking and smokeless products) and alcohol consumption. The patient’s father also uses tobacco,",
  "functional_status": "Short summary: - Key events: - Four-month-old Raja with chronic nighttime cough, slower-than-expected weight gain, and",
  "vital_signs": "- Weight: ~6 kg; height ~50 cm; no recent weight loss. - Feeding: milk feeds every 3 hours;",
  "examination_findings": "No exam was performed. The focus was on recognizing CF risk factors and arranging sweat testing. Key points",
  "investigations": [
    "Sweat chloride test (primary diagnostic) - Chest X-ray (to assess airway obstruction) - Blood tests (CBC, liver function, electrolytes, glucose) - Stool fat analysis (to evaluate"
  ],
  "assessment_primary_diagnosis": "Primary diagnosis: Chronic cough and poor weight gain raise suspicion for cystic fibrosis (CF).",
  "differential_diagnoses": [
    "CF exclusion",
    "tuberculosis",
    "malnutrition",
    "other causes such as infections or malabsorption",
    "N/A if no specific"
  ],
  "management_plan": "- Sweat test is the primary diagnostic step for CF; results usually arrive in about two weeks. - If sweat test is",
  "tests_referrals_planned": [
    "Sweat chloride test: primary diagnostic step",
    "local labs insufficient",
    "refer to major centers (CMC Vellore, AIIMS, PGI Chandigarh)",
    "results usually available in 2–3 days. - Chest"
  ],
  "follow_up_plan": "- Follow-up plan includes scheduling the sweat test, reviewing growth data, preparing documentation, and arranging telemedicine",
  "chronology_response_to_treatment": "The conversation focused on an infant with chronic cough and poor weight gain, highlighting the need for a",
  "patient_concerns_preferences_consent": "- Patient background: 4-month-old male with chronic nighttime cough, slower-than-expected weight gain, no fever, intermittent breathlessness during sleep.",
  "safety_issues_red_flags": "Red flags for CF screening: - Persistent cough >6 weeks, especially at night. - Slow weight gain despite",
  "coding_terms": "CF diagnosis, CF screening, sweat test, genetic counseling, nutrition plan, CF care team, CF-related medications, CF-specific"
}