{
  "patient_identifiers": "The patient's name was not explicitly provided in the dialogue. The conversation focused on presenting symptoms and basic CF workup",
  "demographics": {
    "age": "The patient’s age is 3 months old.",
    "sex": "The patient’s gender is female. No other details were provided."
  },
  "visit": {
    "date_time": "The visit occurred around mid-January 2025, with no specific date noted. It was part of a series of discussions about",
    "type": "It was a clinic visit focused on collecting symptom data and preparing for Sweat Test, with"
  },
  "chief_complaint": "Cough and poor weight gain, plus oily stools, prompting consideration of cystic fibrosis. Sweat chloride testing is the definitive confirmation",
  "onset_duration": "Cough has persisted since birth, with worsening during nights and slower weight gain. No clear date for onset was provided,",
  "symptom_description": "Cough persistently, poor weight gain, oily stools, intermittent diarrhea, recurrent infections, mild breathing difficulty. These features point toward CF but",
  "aggravating_factors": "Cough, poor appetite, dehydration, fatigue, and weight loss are common triggers that worsen CF-related symptoms. Keeping hydrated, eating well, and",
  "relieving_factors": "Cough relief, hydration, salt supplementation, and good nutrition. Ensure hydration and electrolytes during illness. Saline nasal drops or humidified air",
  "associated_symptoms": [
    "Cough, poor weight gain, oily stools, recurrent respiratory infections, intermittent diarrhea, nasal congestion, mild abdominal distension, occasional vomiting, altered bowel habit"
  ],
  "past_medical_history": "Past medical history was limited. No specific diagnoses were made yet. The focus was on presenting symptoms and planning next",
  "past_surgical_history": "The patient has no known surgical history. No specific surgeries were mentioned. If there was any",
  "family_history": "Family history was not explicitly provided in the dialogue. The next step would be to gather",
  "current_medications": [
    "Cough suppressant (e.g., salbutamol), antibiotics for infections, antitussives, bronchodilators, and other supportive therapies",
    "N/A if no medication noted. Ensure doses are correc"
  ],
  "allergies": "None of the children had known food allergies. They were",
  "social_history": "Social history notes include tobacco exposure (smoking) and alcohol use; no specific details provided yet. These factors raise",
  "functional_status": "The summary highlights that the infant has a probable diagnosis of cystic fibrosis (CF) with several",
  "vital_signs": "Cough pattern, weight trend, stool characteristics, and feeding volume/quantity. These are core data that will inform next steps.",
  "examination_findings": "Cough persists, feeds well but slow weight gain, oily stools suggest steatorrhea; no fever or dehydration reported. No",
  "investigations": [
    "Sweat chloride testing",
    "Chest X-ray",
    "CBC",
    "PFTs",
    "stool fat analysis",
    "imaging as needed"
  ],
  "assessment_primary_diagnosis": "Primary diagnosis: Cystic Fibrosis (CF). Confirmation via Sweat Test is critical; if unavailable, rely",
  "differential_diagnoses": [
    "Cystic Fibrosis",
    "TB",
    "malnutrition",
    "other respiratory conditions",
    "N/A if no differential"
  ],
  "management_plan": "- Management plan for CF-suspected infant: - Daily symptom diary tracking: cough pattern, stool type, feeding volume, and weight trend. - Sweat",
  "tests_referrals_planned": [
    "Sweat chloride testing: primary confirmatory test for CF. - Genetic testing: considered if sweat testing is unavailable or inconclusive. - Chest X-ray: used to assess lung involv"
  ],
  "follow_up_plan": "Follow-up plan: - Continue weekly/monthly home diaries tracking cough pattern, stool type, feeding volume, and weight.",
  "chronology_response_to_treatment": "The dialogue follows a structured sequence of questions and responses focused on evaluating a 3-month-old infant for cystic",
  "patient_concerns_preferences_consent": "Cough, poor weight gain, oily stools, no fever, no obvious infection, no other major illness. No definitive diagnosis",
  "safety_issues_red_flags": "Cough that worsens at night, slow weight gain, oily stools, recurrent pneumonia, fever, dehydration, or worsening breathing. These",
  "coding_terms": "Cystic_fibrosis, CF, sweat_test, diaries, genetic_counseling, nutrition, airway_clearance, enzyme_treatment, followup_schedule, travel_support, subsidies, diaries, diaries, diaries"
}