{
  "patient_identifiers": "Rohit Kumar, 3-month-old, presents with persistent cough, poor weight gain, oily bulky stools, and intermittent diarrhea. No fever. Sweat test",
  "demographics": {
    "age": "3-month-old.",
    "sex": "The patient is female."
  },
  "visit": {
    "date_time": "The visit occurred around mid-January 2025, with no specific day given. The doctor reviewed symptoms, planned initial tests, started daily",
    "type": "It was an outpatient visit focused on collecting symptom data and preparing for sweat testing, with"
  },
  "chief_complaint": "Cough since birth, poor weight gain, oily bulky stools, intermittent diarrhea, no fever, ongoing breathing issues. No definitive diagnosis yet.",
  "onset_duration": "The cough has been present for several weeks, with weight fluctuations and oily, bulky stools noted. No definitive diagnosis yet,",
  "symptom_description": "Oily bulky stools, poor weight gain, intermittent cough, variable appetite, no fever, ongoing chest sounds. These are key clues that",
  "aggravating_factors": "Fat-soluble vitamins A, D, E, K, and pancreatic enzymes may exacerbate CF symptoms. Malnutrition also contributes to poor growth and",
  "relieving_factors": "Fat-soluble vitamins A, D, E, K, along with dietary adjustments, hydration, and good nutrition help relieve symptoms in CF patients.",
  "associated_symptoms": [
    "Persistent cough since birth",
    "oily bulky stools",
    "poor weight gain",
    "intermittent diarrhea",
    "night crying",
    "no fever"
  ],
  "past_medical_history": "Past medical history was limited. No specific diagnoses were made yet. The focus was on evaluating symptoms and planning initial",
  "past_surgical_history": "No surgical history was recorded in this dialogue. The focus was on presenting symptoms, diagnostic steps,",
  "family_history": "Family history was not explicitly mentioned in the dialogue. The focus remains on presenting symptoms, planned",
  "current_medications": [
    "No medications listed yet",
    "no medication names given. The next step after sweat testing would be to determine whether CF is confirmed and then"
  ],
  "allergies": "None of the patient's known allergies were mentioned in this",
  "social_history": "Social history: No tobacco use reported; alcohol consumption limited to occasional drinks; no known chronic alcohol-related issues. Regular",
  "functional_status": "Short summary of the CF-focused pediatric encounter: - Presenting issues: Rohit, aged ~3 months, has chronic",
  "vital_signs": "- Age: ~3 mo; weight stable; appetite varies; stool oily/bulky; no fever; cough persists; feeds well otherwise. No",
  "examination_findings": "No clear exam findings were reported in this dialogue. The focus was on presenting symptoms and planned diagnostics",
  "investigations": [
    "Sweat test planned",
    "if local labs unavailable, refer to major centers (AIIMS, CMC Vellore, PGI Chandigarh). - Chest imaging (chest x-ray or CT) planned if indicated after initial"
  ],
  "assessment_primary_diagnosis": "Primary diagnosis: Cystic Fibrosis (CF). The patient has chronic cough, poor weight gain, oily",
  "differential_diagnoses": [
    "CF-related conditions: cystic fibrosis, tuberculosis, malnutrition, infection",
    "CF has distinctive symptoms (oily bulky stools, poor"
  ],
  "management_plan": "- Symptom and risk context: Rohit has chronic cough, poor weight gain, oily bulky stools, intermittent diarrhea, and variable appetite. CF is",
  "tests_referrals_planned": [
    "Sweat test: scheduled for next week",
    "if local labs unavailable, refer to major centers (AIIMS, CMC Vellore, PGI Chandigarh). - Chest imaging: chest x-ray or CT scan may be"
  ],
  "follow_up_plan": "- Follow-up plan after sweat test results: - If sweat test confirms CF, initiate CF-care network",
  "chronology_response_to_treatment": "The conversation focuses on a patient named Rohit who has been experiencing persistent cough and poor weight gain",
  "patient_concerns_preferences_consent": "Symptoms: chronic cough since birth, poor weight gain, oily bulky stools; no fever or night sweats reported. No",
  "safety_issues_red_flags": "Red flags for CF-like presentation in infants include persistent cough, poor weight gain, oily/fatty stools, and intermittent wheezing.",
  "coding_terms": "CF Care Plan Code: CF Care Plan (Cystic Fibrosis) Key components planned: 1. Sweat Test: Confirm"
}