{
  "patient_identifiers": "Namakumar, 3-year-old, Kolkata, suspected CF due to chronic cough and poor weight gain. Initial focus on sweat testing; diary and",
  "demographics": {
    "age": "The patient is 3 years old.",
    "sex": "The patient’s gender is male. Namakumar is a 3-year-old boy"
  },
  "visit": {
    "date_time": "The visit occurred around mid-January 2025, with Namakumar's diagnosis and subsequent management outlined. Namakumar was aged ~3 months at the",
    "type": "It was an outpatient clinic visit focused on Namakumar's CF clinic workup, including symptom recording, diary"
  },
  "chief_complaint": "Persistent cough since birth, poor weight gain, and oily stools suggest CF suspicion. Namakumar is 3 years old and lives",
  "onset_duration": "Cough started soon after birth, now ~3 months old. No specific timeline given for when symptoms began. The focus is",
  "symptom_description": "Persistent cough since birth, poor appetite, slow weight gain, oily stools, intermittent nasal congestion, no fever. These features raise suspicion",
  "aggravating_factors": "Cough, poor appetite, weight loss, nasal blockages, dehydration, fatigue, and recurrent infections. These factors may worsen CF-related lung inflammation and",
  "relieving_factors": "Chest physiotherapy, nebulization, good hydration, and a balanced diet with high-calorie Indian foods. Regular airway clearance and proper nutrition are",
  "associated_symptoms": [
    "Cough, poor appetite, weight loss, nasal blockage, diarrhea, oily stools, abdominal distension, fatigue, intermittent wheezing, recurrent infections, dehydration risk, and energy d"
  ],
  "past_medical_history": "Past medical history was limited. Namakumar had chronic cough since birth, poor weight gain, and occasional abdominal distension. There were",
  "past_surgical_history": "Surgical history was not documented in this dialogue. Namakumar does not have a known surgical history",
  "family_history": "Family history was not explicitly recorded in the dialogue. Namakumar had no known CF in the",
  "current_medications": [
    "Amiket medicines: - Pancreatic enzyme replacement therapy (Panlipase, Enzar Forte): dosed twice daily with meals",
    "brand choices may vary locally",
    "doses adjusted according to"
  ],
  "allergies": "None of Namakumar's known allergies noted. If any allergies exist,",
  "social_history": "Social history: Namakumar does not smoke tobacco or alcohol. Family members have some exposure to smoking around him.",
  "functional_status": "The summary highlights Namakumar’s CF clinic visit, including Namakumar’s symptoms, planned diagnostics, and an outline of",
  "vital_signs": "Age: 3 months old Weight: ~9 kg Height: ~50 cm Chest circumference: ~30 cm No major acute illness",
  "examination_findings": "Cough persists with nocturnal worsening, poor appetite, and slow weight gain. No definitive diagnosis yet. Sweat testing remains",
  "investigations": [
    "Sweat test, stool elastase, genetic testing, chest X-ray, CBC, CT/MRI, nutrition plan, airway clearance, enzymes, vaccines, infection prevention, caregiver training, school involve"
  ],
  "assessment_primary_diagnosis": "Primary diagnosis: Cystic Fibrosis (CF). The patient presents with chronic cough, poor weight gain,",
  "differential_diagnoses": [
    "Cystic fibrosis, tuberculosis, malnutrition, infections",
    "N/A if no differential"
  ],
  "management_plan": "- Namakumar’s CF clinic visit focused on early diagnosis and supportive care. Key actions included: - Maintain a diary tracking cough, stool,",
  "tests_referrals_planned": [
    "Sweat test, stool elastase, genetic testing, chest X-ray, CBC, metabolic panel, imaging as needed",
    "referral to CF specialist if sweat test confirms CF",
    "referrals to gastroenterol"
  ],
  "follow_up_plan": "- Namakumar undergoes a 14-day follow-up to reassess symptoms and plan further diagnostics. The diary remains",
  "chronology_response_to_treatment": "The dialogue describes Namakumar’s 3-month-old presenting with chronic cough, poor weight gain, and oily stools suggestive of suspected",
  "patient_concerns_preferences_consent": "Cough since birth, poor weight gain, diarrhea-like stools, no fever, no previous diagnosis, no known allergies, low risk",
  "safety_issues_red_flags": "Cough persisting beyond 6 months, poor weight gain, recurrent pneumonia, persistent diarrhea, abdominal distension, or unexplained fatigue. These",
  "coding_terms": "Cystic_fibrosis, CF, childhood_care, airway_clearance, nutrition, enzymes, infections, dehydration, dehydration_management, vaccines, immunization_schedule, caregiver_training, com"
}