{
  "patient_identifiers": "The patient’s name was not provided in the summary. The conversation focused on the patient’s symptoms, risk factors, baseline exam,",
  "demographics": {
    "age": "The patient’s age is 42 years old.",
    "sex": "The patient’s gender is female. She has been referred for"
  },
  "visit": {
    "date_time": "The visit occurred on October 15th, 2025, around 9:00 AM. The doctor conducted a physical exam including throat, larynx, neck",
    "type": "It was a face-to-face visit focused on a head-and-neck cancer-oriented screening, including physical exam, baseline investigations,"
  },
  "chief_complaint": "Persistent hoarseness and throat discomfort with mild dysphagia for several weeks, without fever or weight loss. No specific tumors noted",
  "onset_duration": "Symptoms started around three weeks ago, with hoarseness, throat discomfort, mild dysphagia, intermittent cough, fatigue, and reduced appetite. There was",
  "symptom_description": "Persistent hoarseness, throat irritation, mild dysphagia, fatigue, and weight loss are prominent symptoms that prompted the baseline work-up. These features",
  "aggravating_factors": "Throat irritation, dry mouth, and dehydration can exacerbate symptoms. Regular hydration and humidification help. Avoid irritants like spicy foods and",
  "relieving_factors": "The main symptom relief strategy involves: 1) Antihistamines for itching and irritation. 2) Topical nasal spray for dryness. 3) Hydration",
  "associated_symptoms": [
    "Hoarseness, throat discomfort, mild dysphagia, fatigue, reduced appetite, intermittent cough, fatigue, weight loss, night-time cough, persistent throat swelling, hoarseness, mild"
  ],
  "past_medical_history": "- Past medical history: No known chronic conditions or allergies noted. The patient reports recent symptoms and plans to undergo",
  "past_surgical_history": "Surgical history is missing. The encounter focuses on presenting symptoms, risk factors, baseline physical exam, and",
  "family_history": "Family history was not provided in the baseline summary. The clinician will ask about family history",
  "current_medications": [
    "Antidepressants: Sertranax (Sertraline) - Anti-anxiety meds: Alprazolam - Antipsychotics: Olanzapine - Other psychotropic meds: Fluvoxamine - Anticonvulsants: Lamotegrin - Antibi"
  ],
  "allergies": "Allergies noted: peanuts/no known allergies. If any allergy exists, we",
  "social_history": "Social history includes tobacco use (khaini/gutkha, pan masala, hookah), alcohol use (weekly), and HPV awareness. The patient has",
  "functional_status": "Summary highlights: - Patient context and symptoms - 42-year-old male smoker with several months of throat",
  "vital_signs": "- Blood pressure: normal. - Heart rate: 70 bpm. - Respiratory rate: 15 breaths per minute. - Temperature:",
  "examination_findings": "Examination findings (baseline): - Throat examination shows swelling, hoarseness, mild dysphagia, and a small neck lump; no visible",
  "investigations": [
    "baseline physical exam including throat, larynx, neck lymph nodes, and oral cavity. - endoscopic evaluation if indicated. - biopsy and imaging planned if indicated by exam. - HPV"
  ],
  "assessment_primary_diagnosis": "Primary diagnosis is unclear due to lack of definitive evidence from the baseline exam",
  "differential_diagnoses": [
    "Differential diagnoses: 1) Suspicious lesion in the throat/laryngeal region that could represent a benign reactive hyperplasia"
  ],
  "management_plan": "- Patient status and baseline data - Patient is 42 years old with several months of throat symptoms including hoarseness, throat swelling,",
  "tests_referrals_planned": [
    "baseline physical exam",
    "endoscopic/laryngoscopy if indicated",
    "biopsy if suspicious",
    "imaging (CT/MRI) if indicated",
    "HPV testing as appropriate",
    "genetic testing if indicated"
  ],
  "follow_up_plan": "Summary highlights: - Patient status and baseline findings - Patient reports hoarseness, throat discomfort, mild dysphagia,",
  "chronology_response_to_treatment": "Progress summary: - Patient completed baseline physical exam today; no immediate abnormal findings identified. - Baseline results will",
  "patient_concerns_preferences_consent": "- Patient concerns and consent: - Primary concern: hoarseness, throat discomfort, mild dysphagia, fatigue, and recent onset of",
  "safety_issues_red_flags": "Red flags for immediate attention: - Persistent hoarseness >3 weeks - Severe unilateral throat pain or difficulty breathing",
  "coding_terms": "Codenamed code: 5‑Cancer‑related codes (e.g., 5‑C01, 5‑C02, etc.) are provided where applicable. N/A means not applicable."
}