{
  "patient_identifiers": "Rahul Bhoj, 45, Kolkata, India. He has been experiencing persistent hoarseness, throat discomfort, mild swallowing difficulty, and unintentional weight loss.",
  "demographics": {
    "age": "Age: 45.",
    "sex": "The patient’s gender is male. No other details were provided."
  },
  "visit": {
    "date_time": "The visit occurred sometime between March 1st and April 1st, with some time overlap depending on timing of tests and",
    "type": "It was a face-to-face visit with a family member accompanying Rahul Bhoj. The doctor performed thorough"
  },
  "chief_complaint": "Persistent hoarseness in the voice box, throat discomfort, and mild swallowing difficulty with weight loss. No fever or significant systemic",
  "onset_duration": "The symptoms started around three to four weeks ago, with persistent hoarseness, throat discomfort, mild swallowing difficulty, and occasional coughing.",
  "symptom_description": "Persistent hoarseness, throat discomfort, mild swallowing difficulty, weight loss, no fever or night sweats. These are typical signs prompting investigation.",
  "aggravating_factors": "Persistent hoarseness, throat discomfort, mild swallowing difficulty, occasional coughing, weight loss. These are common signs that prompt further investigation. The",
  "relieving_factors": "Persistent hoarseness, throat discomfort, mild swallowing difficulty, occasional coughing, weight loss – these are typical signs that prompt investigation. The",
  "associated_symptoms": [
    "Persistent hoarseness, throat discomfort, mild swallowing difficulty, occasional coughing, weight loss",
    "no fever or night sweats reported. These features suggest a possibility of"
  ],
  "past_medical_history": "No prior medical history provided. The focus is on current symptoms, risk factors, and planned diagnostic workup rather than past",
  "past_surgical_history": "History summary: - Patient background: Rahul Bhoj, 45, from Kolkata, with ongoing tobacco/alcohol exposure and no",
  "family_history": "Family history was not provided in the dialogue. The clinician noted that it would be helpful",
  "current_medications": [
    "No medications listed currently",
    "no medication changes expected. The plan focuses on diagnosis, staging, and treatment after imaging and biopsy results. Stage determines the"
  ],
  "allergies": "Allergies: No known food/dietary restrictions; no known severe reactions to",
  "social_history": "Past history: Past tobacco exposure: Gutka/pan masala used for several years; intermittent smoking (beedis). Alcohol use: Occasional drinking.",
  "functional_status": "Rahul’s functional status: stable, able to eat small amounts, some swallowing issues, no significant weight loss",
  "vital_signs": "Age: 45; Weight: ~67 kg; Height: ~168 cm; BMI: ~29.5; No major illness noted so far. No hypertension",
  "examination_findings": "No exam was performed here. The dialogue describes a structured discussion about risk factors, symptom presentation, and the",
  "investigations": [
    "Physical exam of mouth, throat, and larynx",
    "endoscopy with local anesthesia",
    "biopsy if indicated by findings. - Imaging: CT preferred",
    "MRI when needed",
    "both offer rapid coverage"
  ],
  "assessment_primary_diagnosis": "Primary diagnosis: suspected head-and-neck cancer based on voice changes, dysphagia, and weight loss. No",
  "differential_diagnoses": [
    "HPV-positive vs HPV-negative",
    "lymph node involvement",
    "nutritional status",
    "dental hygiene",
    "family history",
    "pregnancy"
  ],
  "management_plan": "- Plan summary: - Primary diagnosis: suspected head-and-neck cancer based on voice changes, dysphagia, and weight loss. - Next steps: - Physical",
  "tests_referrals_planned": [
    "Endoscopy",
    "biopsy",
    "FNAC",
    "imaging (CT/MRI)",
    "pathology report",
    "TNM staging"
  ],
  "follow_up_plan": "Follow-up plan after initial evaluation: - Next steps: Schedule imaging (CT or MRI) and perform biopsy",
  "chronology_response_to_treatment": "Patient background: Rahul Bhoj, 45, with persistent voice changes, throat discomfort, swallowing difficulty, and weight loss. Risk factors",
  "patient_concerns_preferences_consent": "Consent process: Rahul consented to imaging and biopsy. He wants to quit tobacco and reduce alcohol; family support",
  "safety_issues_red_flags": "Red flags include persistent hoarseness lasting >3 weeks, progressive dysphagia, unilateral ear fullness, unintentional weight loss, new neck",
  "coding_terms": "TNM, HPV, stage, biopsy, imaging, treatment plan, prognosis, subsidies, family involvement, consent, follow-up schedule, supportive care,"
}