{
  "patient_identifiers": "The patient’s name was not explicitly given in the dialogue. The conversation focused on presenting signs and the planned diagnostic",
  "demographics": {
    "age": "The patient is 7 months old.",
    "sex": "The patient’s gender is female. N/A if unknown."
  },
  "visit": {
    "date_time": "The visit occurred around mid-January 2025, with no specific date given. It was part of an ongoing CF screening series",
    "type": "It was an outpatient visit focused on confirming CF suspicion through sweat testing, followed by a"
  },
  "chief_complaint": "Persistent night cough, poor weight gain, oily stools, no fever, no obvious infection. These features raise suspicion for cystic fibrosis.",
  "onset_duration": "The cough has been persistent since birth, with worsening during nights and no significant improvement in appetite. No specific date",
  "symptom_description": "Persistent night cough, poor weight gain despite adequate feeding, oily stools, no fever, intermittent diarrhea. These features strongly suggest CF",
  "aggravating_factors": "Fat-soluble vitamins A, D, E, K, dehydration, electrolyte imbalance, infection, and dehydration.",
  "relieving_factors": "Fat-soluble vitamins A, D, E, K, and calcium are important for CF patients; they can be added to diet with",
  "associated_symptoms": [
    "Persistent night cough",
    "poor weight gain despite adequate feeding",
    "oily stools",
    "intermittent diarrhea",
    "abdominal distension",
    "fatigue"
  ],
  "past_medical_history": "No prior medical history given. Focus is on presenting symptoms and planned diagnostics. No specific past conditions noted. The summary",
  "past_surgical_history": "Surgical history was not provided in the dialogue. The focus was on presenting symptoms, diagnostic plan,",
  "family_history": "Family history was not provided in the dialogue. The clinician noted that if CF is confirmed,",
  "current_medications": [
    "Nebulizer nebulized inhaler",
    "antibiotics prescribed for infection",
    "antihistamine for itching",
    "diuretics for dehydration",
    "pain relief as needed",
    "chest physiotherapy"
  ],
  "allergies": "None known allergy noted.",
  "social_history": "Social history: No tobacco use reported; occasional alcohol consumption; no known chronic illness or allergies. Regularly monitored weight",
  "functional_status": "The summary captures the core elements of the dialogue: - Key presenting features: persistent night cough,",
  "vital_signs": "Weight: 6.5 kg; height: 40 cm; appetite remains good; no fever; occasional night cough; oily stools; hydration maintained;",
  "examination_findings": "- No exam was performed during the visit. The dialogue describes planned diagnostics and interim care for suspected",
  "investigations": [
    "Sweat chloride testing planned",
    "referral to major centers (AIIMS, CMC Vellore, PGI Chandigarh) if local labs unavailable. - Chest X-ray considered if suspicion persists beyond co"
  ],
  "assessment_primary_diagnosis": "Primary diagnosis: Cystic Fibrosis (CF). CF is confirmed by sweat chloride testing. Management involves",
  "differential_diagnoses": [
    "Cystic Fibrosis, tuberculosis, malnutrition, infection",
    "N/A if no differential"
  ],
  "management_plan": "- Plan summary: - Primary diagnosis: CF suspicion; sweat chloride testing planned as the definitive confirmation step. - Immediate actions: - Gather",
  "tests_referrals_planned": [
    "Sweat chloride testing, chest X-ray, CBC, fat-soluble vitamins, nutrition plan, infection screening, referral to major centers, genetic testing, carrier status, TB/malnutrition mim"
  ],
  "follow_up_plan": "- Follow-up plan: - Schedule sweat test at a major center (AIIMS, CMC Vellore, PGI Chandigarh);",
  "chronology_response_to_treatment": "The conversation follows a typical pediatric CF screening pathway: 1) Introduction to CF basics and differential diagnosis. 2)",
  "patient_concerns_preferences_consent": "- Patient concern: Symptoms suggest CF, but no definitive diagnosis yet. No consent given yet. Plan includes sweat",
  "safety_issues_red_flags": "- Persistent or worsening cough, poor weight gain, oily stools, recurrent infections, fever, dehydration, fatigue, rapid breathing, or",
  "coding_terms": "CF, CF screening, CF care, CF history, CF diagnosis, CF care plan, CF-related issues, CF-related medications,"
}