{
  "patient_identifiers": "Rahul Kumar (age ~8 months) is the patient being followed for suspected cystic fibrosis. The dialogue covers his presenting symptoms",
  "demographics": {
    "age": "Rahul is approximately 8 months old.",
    "sex": "Rahul is male."
  },
  "visit": {
    "date_time": "The visit occurred around mid-January 2025, with Rashid's age estimated at about 8 months old. The exact date wasn't provided",
    "type": "Visit type: In-person consultation with a multidisciplinary team including a pediatric pulmonologist, dietitian, and social worker."
  },
  "chief_complaint": "Persistent nocturnal cough with poor weight gain and oily, bulky stools, plus delayed growth. Rash noted but not central focus.",
  "onset_duration": "Rahul’s cough started soon after birth and worsened at night. The weight gain was slow or absent, appetite was reduced,",
  "symptom_description": "Persistent nocturnal cough, poor weight gain, oily/greasy stools, intermittent diarrhea, no neonatal stool history. Rash noted intermittently. Headache occasionally. Rash",
  "aggravating_factors": "Stressful situations like public speaking, crowded places, or loud noises may exacerbate cough episodes. Also, dehydration and poor hydration can",
  "relieving_factors": "Stress reduction techniques like deep breathing, mindfulness exercises, and gentle physical activity may help reduce anxiety during visits. Regular sleep",
  "associated_symptoms": [
    "Persistent nocturnal cough",
    "poor weight gain",
    "oily/grass-like stools",
    "greasy, bulky stools",
    "intermittent diarrhea",
    "nasal congestion"
  ],
  "past_medical_history": "No prior medical history provided. The dialogue focuses on presenting symptoms, planned diagnostics, and an initial CF-focused management plan rather",
  "past_surgical_history": "No prior surgery was mentioned in this dialogue. The focus remains on presenting symptoms, diagnostic plan,",
  "family_history": "Family history was not provided by the dialogue. The focus remains on presenting symptoms, planned diagnostics,",
  "current_medications": [
    "Nebulizer inhaler",
    "Pancreatic enzyme replacement therapy (PERT)",
    "Antibiotics as prescribed by doctor",
    "Antihistamine for itching",
    "Vitamin D supplementation"
  ],
  "allergies": "- Rahul has no known food allergies or severe skin",
  "social_history": "Social history: Rahul’s father is a tobacco user who started smoking when he was young. He reports occasional",
  "functional_status": "Rahul’s condition is suspected to be cystic fibrosis (CF). Key symptoms include nocturnal cough, slower weight",
  "vital_signs": "- Rahul’s vital signs: temperature 97.6°F (36.8°C), heart rate 80 bpm, breathing steady. No fever reported. Normal weight",
  "examination_findings": "- Rahul’s physical exam notes: - Persistent nocturnal cough with worsening at night. - Slow or absent weight",
  "investigations": [
    "CBC and LFTs planned",
    "stool fat analysis considered if needed",
    "chest X-ray may be done if indicated by history or findings. - Sweat test prioritized as the definitive diagnostic"
  ],
  "assessment_primary_diagnosis": "Primary diagnosis: Chronic cough and poor weight gain suggestive of cystic fibrosis (CF). Sweat",
  "differential_diagnoses": [
    "Chronic cough in an infant with poor weight gain and oily, bulky stools raises consideration"
  ],
  "management_plan": "- Rashid’s CF suspicion is confirmed by sweat test. Management focuses on nutrition optimization, airway clearance, infection prevention, and regular follow-ups. Key",
  "tests_referrals_planned": [
    "Sweat chloride testing: primary diagnostic test for CF",
    "if local testing unavailable, refer to nearby centers like CMC Vellore, AIIMS Delhi, PGI Chandigarh. - Genetic testing: co"
  ],
  "follow_up_plan": "- Follow-up plan after sweat test positive: - Start CF-focused multidisciplinary management: nutrition, chest physiotherapy, airway",
  "chronology_response_to_treatment": "Patient status remains stable with ongoing cough and weight loss. Diary entries show worsening nocturnal cough and decreased",
  "patient_concerns_preferences_consent": "- Rahul’s primary concerns: persistent nocturnal cough, slower-than-desired weight gain, oily/greasy stools, and a greasy, bulky stool characteristic",
  "safety_issues_red_flags": "- Persistent cough, poor weight gain, oily/greasy stools, recurrent infections, nasal congestion, fever after feeds, rapid breathing, pale",
  "coding_terms": "- CF diagnosis: CF suspected by cough, poor weight gain, greasy stools, nocturnal cough. - Sweat"
}