{
  "patient_identifiers": "The patient’s name was not provided in the dialogue. The conversation focused on presenting symptoms and basic CF workup rather",
  "demographics": {
    "age": "The patient’s age is 3 months old.",
    "sex": "The patient’s gender is female. She has been referred for"
  },
  "visit": {
    "date_time": "The visit occurred around mid-January 2025, with the exact day/month not specified. The plan was to start the diary, arrange",
    "type": "It was a clinic-based visit focused on collecting symptoms, documenting progress, and preparing for sweat testing."
  },
  "chief_complaint": "Persistent cough since birth, abdominal distension, poor weight gain, oily stools, no fever, normal appetite. No fever, no dehydration. No",
  "onset_duration": "The cough has persisted since birth, but there’s no clear timeline for its onset. The diary will help track progression.",
  "symptom_description": "Persistent cough, abdominal distension, poor weight gain, oily stools, intermittent diarrhea, mild fatigue, normal appetite. No fever, no vomiting, no",
  "aggravating_factors": "Fat malabsorption, especially in infants, exacerbates symptoms like poor appetite, delayed growth, and fat-soluble vitamin deficiencies. Diets low in fats",
  "relieving_factors": "Diary-based relief strategies: keep a daily log of cough type and frequency, feeding times, weight changes, stool characteristics, and daily",
  "associated_symptoms": [
    "Persistent cough since birth",
    "abdominal distension",
    "poor weight gain",
    "oily stools",
    "intermittent diarrhea",
    "no fever"
  ],
  "past_medical_history": "No prior medical history provided. The focus is on presenting symptoms, diagnostic plan, and early management for suspected CF in",
  "past_surgical_history": "Surgical history was not provided in the dialogue. The focus was on presenting symptoms, diagnostic plan,",
  "family_history": "Family history is unclear. Parents do not have CF, but there is some concern about consanguinity.",
  "current_medications": [
    "Enzyme: Enalapril (ACE inhibitor)",
    "Loperamide (antispasmodic)",
    "Pancrelipase",
    "Sodium Chloride",
    "Vitamin D",
    "Zinc"
  ],
  "allergies": "None known allergy noted. If there were allergies, we would",
  "social_history": "Social history includes tobacco use (smoking and smokeless products) and alcohol consumption. The patient reports occasional smoking and",
  "functional_status": "- The summary captures the core elements of the dialogue: - Key events and symptoms: -",
  "vital_signs": "- Temperature: normal body temperature range 36.5–37.0 degrees Celsius. - Heart rate: usually between 120–140 beats per minute.",
  "examination_findings": "- Diarrhea and abdominal discomfort: Persistent diarrhea with nocturnal exacerbation; abdominal distension noted intermittently. - Growth trajectory: No",
  "investigations": [
    "Sweat test planned",
    "if local testing unavailable, refer to major centers (CMC Vellore, AIIMS Delhi, PGI Chandigarh). - Chest X-ray considered if indicated after initial workup"
  ],
  "assessment_primary_diagnosis": "Primary diagnosis: Cystic Fibrosis (CF). Confirmation via sweat testing is essential. If sweat testing",
  "differential_diagnoses": [
    "TB-like illness due to malnutrition or opportunistic infections",
    "Malabsorption syndrome from chronic diarrhea or"
  ],
  "management_plan": "- Start structured diary tracking cough type, feeding times, stool characteristics, weight changes, and daily activities. - Schedule sweat testing at a",
  "tests_referrals_planned": [
    "Sweat test",
    "genetic counseling",
    "nutrition plan",
    "chest physiotherapy",
    "enzyme therapy",
    "CF care team"
  ],
  "follow_up_plan": "- Start a daily diary starting today: morning/career time, evening, overnight, and daytime. - Gather and",
  "chronology_response_to_treatment": "The dialogue outlines a stepwise plan for evaluating a 3-month-old suspected CF with emphasis on early diagnosis, practical",
  "patient_concerns_preferences_consent": "- Patient concern: The mother reports that she has never heard of CF before, but now she wants",
  "safety_issues_red_flags": "- Red flags to watch for: persistent cough, poor weight gain, abdominal distension, oily stools, recurrent infections, or",
  "coding_terms": "CF, cystic_fibrosis, autosomal_recessive, genetic_counseling, diary_template, sweat_test, public_hospital, cost, telemedicine, consent_forms, caregiver_training, nutrition_guidance"
}