{
  "patient_identifiers": "The patient's name was not explicitly stated in the dialogue. The conversation focused on risk factors, symptoms, and preliminary steps",
  "demographics": {
    "age": "Patient is 58 years old.",
    "sex": "The patient is male."
  },
  "visit": {
    "date_time": "The visit occurred on day 1 of the planned 7-day screening process. The exact date was not specified in the",
    "type": "It was an outpatient visit with a focused head-and-neck exam and baseline labs; no imaging or"
  },
  "chief_complaint": "Chief complaint: Persistent throat irritation, hoarseness, dysphagia, and weight loss over several weeks. No fever or significant pain reported. No",
  "onset_duration": "Symptoms started around two weeks ago, with worsening dysphagia and hoarseness. No clear date for onset was reported earlier. The",
  "symptom_description": "- Persistent throat irritation, hoarseness, dysphagia, weight loss over time, no fever or night sweats. No clear lump or pain",
  "aggravating_factors": "Hoarseness, swallowing difficulties, fatigue, weight loss, night sweats, persistent cough, and changes in voice pitch or tone. These can be",
  "relieving_factors": "The patient has throat irritation, hoarseness, dysphagia, and weight loss. The clinician emphasizes that these are signs of possible head-and-neck",
  "associated_symptoms": [
    "Hoarseness, dysphagia, weight loss, fatigue, dry mouth, throat irritation, persistent cough, throat discomfort, night sweats, altered taste, reduced appetite, sleep disturbance"
  ],
  "past_medical_history": "Past medical history was not explicitly documented in this encounter. The clinician did not provide details about previous illnesses, allergies,",
  "past_surgical_history": "No surgical history was recorded in this encounter. The summary focuses on presenting symptoms, risk factors,",
  "family_history": "Family history was not explicitly documented in this encounter. The clinician did not provide details about",
  "current_medications": [
    "Antihistamine: Ziriva",
    "Antibiotics: Cefixime",
    "Anti-inflammatory: Lofeprametason",
    "Antidepressant: Sertranax",
    "Pain relief: Ibuprofen",
    "Diuretics: Furofibrate"
  ],
  "allergies": "None known allergy reported. If an allergy exists, we would",
  "social_history": "- Past tobacco use: Khaini/Gutkha daily for ~20 years; occasional smoking in recent months. - Alcohol: Weekly; higher",
  "functional_status": "- Rajesh Ghosh undergoes a comprehensive health checkup today: no immediate mass or lumps found; throat",
  "vital_signs": "- Blood pressure: 130/85 mmHg; heart rate 70 bpm; no other significant abnormalities reported. No immediate urgent action",
  "examination_findings": "No clear examination findings were reported in this dialogue. The conversation focused on risk assessment, lifestyle changes, and",
  "investigations": [
    "CBC and LFTs today",
    "chest x-ray if indicated",
    "HPV testing as appropriate",
    "imaging (CT or ultrasound) if abnormalities found",
    "biopsy if suspicious lesions identified",
    "MDT review a"
  ],
  "assessment_primary_diagnosis": "Primary diagnosis is unclear due to lack of clear symptoms and baseline data. The",
  "differential_diagnoses": [
    "Throat infection (e.g., bacterial pharyngitis) - Esophageal/esophagus-related issues (e.g., esophageal strictures, reflux) - Head-and-neck malignancy"
  ],
  "management_plan": "- Plan summary: - Primary goal: establish a clear, stepwise management plan that includes risk reduction, symptom monitoring, and staging-based treatment when",
  "tests_referrals_planned": [
    "CBC and chest x-ray today",
    "HPV testing pending",
    "imaging (CT or ultrasound) if indicated",
    "biopsy if suspicious lesions found",
    "MDT review after results",
    "referral to government cent"
  ],
  "follow_up_plan": "- Follow-up plan includes: - Baseline labs and imaging as indicated. - MDT review after results",
  "chronology_response_to_treatment": "Patient has completed an oral health screening and is awaiting imaging and laboratory results. The clinician plans to",
  "patient_concerns_preferences_consent": "Patient concerns and consent: - Concerns: throat irritation, hoarseness, dysphagia, weight loss; no fever or severe pain reported.",
  "safety_issues_red_flags": "Red flags mentioned include persistent throat pain, voice changes, dysphagia, unintentional weight loss, neck lump, or new respiratory",
  "coding_terms": "Cancer type: Head-and-neck cancer; possible stage I–IV depending on imaging/pathology. HPV status may influence staging but"
}