{
  "patient_identifiers": "The patient’s name was not explicitly identified in the dialogue. The conversation focused on his presentation and risk factors rather",
  "demographics": {
    "age": "The patient’s age is 45 years old.",
    "sex": "The patient’s gender is male. No other specific information was"
  },
  "visit": {
    "date_time": "The visit occurred on October 1st, 2025, at 9:00 AM. The doctor performed an endoscopic examination and took samples for",
    "type": "The visit was an ENT-focused one-day outpatient visit aimed at evaluating suspected head-and-neck cancer in a"
  },
  "chief_complaint": "Persistent hoarseness and throat discomfort with mild dysphagia, fatigue, and weight loss over several days. No fever or systemic symptoms",
  "onset_duration": "Symptoms started around 1 week ago, with persistent throat discomfort and mild dysphagia. No fever or severe weight loss noted",
  "symptom_description": "Persistent hoarseness, throat discomfort, mild dysphagia, fatigue, weight loss.",
  "aggravating_factors": "N/A - No specific exacerbating factors identified yet. The patient's symptoms suggest throat irritation, dryness, and possibly some swallowing difficulty,",
  "relieving_factors": "The main symptom relief strategies mentioned are: 1) Nutrition: high-protein foods, soft textures, small frequent meals, adequate fluids, and balanced",
  "associated_symptoms": [
    "Hoarseness, throat discomfort, mild dysphagia, fatigue, weight loss",
    "no fever or systemic symptoms noted yet. These are early signs prompting investigation"
  ],
  "past_medical_history": "Rohit has a history of long-term smokeless tobacco use (khaini/gutkha), occasional cigarette smoking, and alcohol use about twice weekly. There",
  "past_surgical_history": "Rohit Kumar underwent endoscopic examination and FNAC biopsy for suspected head-and-neck cancer. The procedure was performed",
  "family_history": "Family history was not documented at this visit. The doctor noted that family history could influence",
  "current_medications": [
    "No medications listed at this time",
    "we'll provide a complete medication list once imaging/biopsy results are available. The current focus is on diagnosis"
  ],
  "allergies": "Allergies noted: No known food allergies. N/A if none. If",
  "social_history": "Rohit’s tobacco exposure history includes smokeless tobacco (khaini/gutkha) and occasional smoking; alcohol use about twice weekly. The combined",
  "functional_status": "Rohit Kumar undergoes ENT evaluation for suspected head-and-neck cancer. Risk factors include long-term smokeless tobacco plus",
  "vital_signs": "- Blood pressure: normal. - Heart rate: 70 bpm. - Respiratory rate: 16 breaths per minute. - Temperature:",
  "examination_findings": "Examination findings were not provided at this time due to lack of data. The session focused on establishing",
  "investigations": [
    "Imaging plans: CT or MRI as needed",
    "PET-CT considered only if there’s evidence of distant spread",
    "FNAC/biopsy for rapid confirmation of suspicious lesions",
    "endoscopy for direct vis"
  ],
  "assessment_primary_diagnosis": "Primary diagnosis: No definitive cancer diagnosis yet. The patient has persistent throat symptoms and",
  "differential_diagnoses": [
    "Cervical carcinoma: involves the vocal cords and can cause hoarseness and neck swelling. - Lymphadenopathy:"
  ],
  "management_plan": "10-day plan summary for Rohit Kumar’s head-and-neck cancer workup (Stage III) - Risk reduction and symptom control - Quitting tobacco and limiting",
  "tests_referrals_planned": [
    "Imaging plans: CT or MRI as needed",
    "PET-CT considered for advanced disease",
    "FNAC/biopsy for suspicious lesions",
    "ENT referral for endoscopic evaluation",
    "blood tests as part of worku"
  ],
  "follow_up_plan": "- Follow-up plan includes: - First follow-up in two weeks. - Subsequent visits every three months",
  "chronology_response_to_treatment": "The conversation covered several aspects of an Indian head-and-neck cancer case, including: - Risk factors and presentation: tobacco",
  "patient_concerns_preferences_consent": "Rohit Kumar presents with throat discomfort, hoarseness, mild dysphagia, fatigue, and weight loss. He has a history of",
  "safety_issues_red_flags": "Red flags to watch out for during this phase: - Persistent hoarseness lasting more than 2 weeks -",
  "coding_terms": "Stage III: Tumor larger than 3 cm but confined to one side of neck; no distant"
}