{
  "patient_identifiers": "Rahim, 42, from Kolkata, with throat discomfort, hoarseness, and mild dysphagia. No weight loss or other major concerns reported. No",
  "demographics": {
    "age": "The patient is 42 years old.",
    "sex": "The patient is male."
  },
  "visit": {
    "date_time": "The visit occurred on March 1st, 2025, at 9:00 AM. The patient was accompanied by his brother. The team provided",
    "type": "This was an in-person visit with a patient named Rahim who had throat symptoms and was"
  },
  "chief_complaint": "Throat discomfort with hoarseness, throat irritation, and mild dysphagia over several weeks. No weight loss or other major issues reported.",
  "onset_duration": "The symptoms started about two months ago with throat irritation and hoarseness, along with some swallowing difficulty. There was no",
  "symptom_description": "Throat irritation with hoarseness, mild dysphagia, occasional cough, no weight loss, intermittent throat pain, and possible neck swelling. No persistent",
  "aggravating_factors": "Throat irritation from tobacco use (gutkha), alcohol consumption, poor diet, and environmental exposures (smoking, dust). These factors contribute to throat",
  "relieving_factors": "Mouth lubricant, saline rinses, soft foods, adequate fluids, rest, and gentle brushing can help with dryness and irritation. Avoid spicy",
  "associated_symptoms": [
    "throat irritation, hoarseness, progressive voice change, swallowing difficulty, intermittent cough, fatigue, weight loss, night sweats, headache, gum bleeding, swollen gums, rednes"
  ],
  "past_medical_history": "No prior medical history provided. The session focuses on current symptoms, risk factors, and planned diagnostic workup rather than past",
  "past_surgical_history": "No prior surgery known. He reports no previous head-and-neck cancer or other serious conditions. The current",
  "family_history": "Family history was not provided at this time. The clinician did not ask about smoking, alcohol",
  "current_medications": [
    "No medication listed yet",
    "no medications known at this time. The doctor will ask about them when they come up. If you have any"
  ],
  "allergies": "Allergies: None known. N/A if none.",
  "social_history": "Tobacco use: Regular gutkha chewing with occasional smoking; no heavy alcohol consumption. The combination increases cancer risk. Counseling",
  "functional_status": "Rahim undergoes a comprehensive head-and-neck exam with throat, larynx, and neck assessments. Imaging (CT neck) and",
  "vital_signs": "No immediate vital signs provided. Focus shifts to symptom assessment, risk factor review, and planning diagnostics/imaging with potential",
  "examination_findings": "No visible throat swelling or redness; no obvious masses or ulcers. Neck lymph node palpation was negative. Voice",
  "investigations": [
    "throat/laryngoscopy with endoscope",
    "CT neck",
    "MRI if deep details needed",
    "biopsy if suspicious lesions",
    "HPV testing if indicated",
    "imaging/biopsy scheduling"
  ],
  "assessment_primary_diagnosis": "Primary diagnosis not specified at this stage. The plan focuses on completing a thorough",
  "differential_diagnoses": [
    "Throat infection with chronic cough and hoarseness",
    "Laryngopharyngeal reflux leading to throat irritation and"
  ],
  "management_plan": "- Immediate plan: conduct throat/larynx/neck exam with attention to neck lymph nodes; consider CT neck if abnormalities seen; biopsy if indicated by",
  "tests_referrals_planned": [
    "Throat/laryngoscopy with possible endoscopic view",
    "CT neck",
    "MRI if deep details needed",
    "FNAC for suspicious lesions",
    "HPV testing by throat swab",
    "blood tests as appropriate"
  ],
  "follow_up_plan": "- Follow-up plan includes: - Throat/laryngeal exam with possible neck palpation and imaging (CT neck preferred).",
  "chronology_response_to_treatment": "Patient has completed throat exam with no immediate abnormalities identified. Imaging and biopsy plans depend on findings from",
  "patient_concerns_preferences_consent": "Consent given for imaging and biopsy; no HPV testing today; tobacco/alcohol cessation plan with NRT and counseling; family",
  "safety_issues_red_flags": "Red flags to watch include persistent throat pain, difficulty swallowing, new neck lump, unexplained weight loss, coughing up",
  "coding_terms": "Codenumber: 001; Dx: throat irritation with hoarseness/dysphagia; no weight loss; risk factors include smoking and gutkha"
}