{
  "patient_identifiers": "The patient’s name was not explicitly stated in the dialogue. The primary focus was on evaluating CF risk and arranging",
  "demographics": {
    "age": "The patient’s age is 3 months old.",
    "sex": "The patient’s gender is female. N/A if unknown."
  },
  "visit": {
    "date_time": "The visit occurred sometime between March 1st and March 15th, depending on when the Sweat Test was arranged. The exact",
    "type": "Visit type: In-person assessment with possible telemedicine consultation. No imaging planned yet. Initial focus on history,"
  },
  "chief_complaint": "Cough with poor weight gain and oily stools suggestive of possible cystic fibrosis. No definitive diagnosis yet. Sweat test remains",
  "onset_duration": "The cough has persisted for several months now, starting shortly after birth. The exact duration wasn't specified earlier, so I",
  "symptom_description": "Persistent nighttime cough, slower-than-normal weight gain, oily stools suggestive of malabsorption, intermittent wheezing, no fever. No definitive diagnosis yet. Focus",
  "aggravating_factors": "Stress, diet, infections, dehydration, and inadequate sleep can exacerbate CF symptoms. Regular feeds, good hydration, and regular health checks help",
  "relieving_factors": "Stress reduction techniques like deep breathing, mindfulness meditation, and gentle physical activity can help manage anxiety during testing and caregiving.",
  "associated_symptoms": [
    "Persistent cough since birth",
    "slower-than-normal weight gain",
    "oily stools",
    "intermittent wheezing",
    "no fever",
    "occasional night cough"
  ],
  "past_medical_history": "No prior medical history recorded. The focus is on presenting symptoms and planned diagnostics rather than past conditions. The dialogue",
  "past_surgical_history": "No surgical history was recorded during this encounter. The dialogue focuses on presenting symptoms, diagnostic steps,",
  "family_history": "Family history was not provided in the dialogue. The clinician noted that if CF is confirmed,",
  "current_medications": [
    "Nebulizer nebulized insulin",
    "Pancreatic enzymes (Panlipase, Enzar Forte)",
    "Antibiotics as prescribed by doctor",
    "Vitamin D supplementation",
    "Antihistamine for itching/itchy"
  ],
  "allergies": "Allergies: None known. No food/dietary restrictions noted. If any new",
  "social_history": "Social history: The mother reports occasional smoking during pregnancy and alcohol use during later life. There’s no known",
  "functional_status": "- The summary highlights that the infant presents with chronic nocturnal cough, slower-than-expected weight gain, and",
  "vital_signs": "- Weight: ~4 kg; height ~60 cm; no abdominal distension noted yet. - Respiratory: No obvious wheezing or",
  "examination_findings": "Noisy breathing, slower weight gain, oily stools suggestive of pancreatic insufficiency; no fever or dehydration noted. No definitive",
  "investigations": [
    "Sweat test planned",
    "stool fat test considered if indicated",
    "imaging (CT/MRI) if clinically indicated",
    "genetic testing considered if warranted",
    "nutrition assessment and dietary ad"
  ],
  "assessment_primary_diagnosis": "Primary diagnosis: Cystic Fibrosis (CF). The condition is characterized by chronic cough, poor weight",
  "differential_diagnoses": [
    "Stools: oily stools suggestive of pancreatic insufficiency",
    "possible malabsorption signs like steatorrhea",
    "stool fat test helpful"
  ],
  "management_plan": "- Management plan based on Sweat Test-positive CF diagnosis: - Nutritional optimization: high-calorie diet, small frequent meals, emphasis on protein-rich foods; consider",
  "tests_referrals_planned": [
    "Sweat Test: Scheduled today",
    "Bring birth certificate, immunization card, and previous medical records",
    "Documents include age, feeding diary, stool notes, and weight chart",
    "Subsid"
  ],
  "follow_up_plan": "- Follow-up plan based on Sweat Test results: - If Sweat Test confirms CF: start CF-focused",
  "chronology_response_to_treatment": "The dialogue outlines a comprehensive CF-focused case history for a 3-month-old with chronic cough, poor weight gain, and",
  "patient_concerns_preferences_consent": "- Concerns: Persistent cough since birth, slower-than-expected weight gain, oily stools, no fever, mild fatigue, occasional sleepiness. -",
  "safety_issues_red_flags": "Red flags for CF screening include persistent cough, poor weight gain, oily stools, abdominal distension, or failure to",
  "coding_terms": "CF, CF screening, CF-related issues, genetic counseling, nutrition, infection prevention, telemedicine, subsidies, CF care pathway, multidisciplinary"
}