{
  "patient_identifiers": "Ramesh Kumar, 52, Kolkata, India. He has throat irritation, hoarseness, dry cough, mild dysphagia, fatigue, and weight loss. No fever",
  "demographics": {
    "age": "Ramesh Kumar, 52-year-old.",
    "sex": "The patient is female. She has been referred by her"
  },
  "visit": {
    "date_time": "The visit occurred today, around 10:00 AM at the clinic. The doctor reviewed the patient's history and plans immediate physical",
    "type": "It was an in-person visit at a government hospital. The doctor conducted a full physical exam,"
  },
  "chief_complaint": "Persistent throat irritation, hoarseness, and mild dysphagia with weight loss over several weeks. No fever or systemic symptoms at presentation.",
  "onset_duration": "Ramesh has had throat irritation, hoarseness, dry cough, mild dysphagia, and weight loss for about 1 month. The exact duration",
  "symptom_description": "Persistent throat irritation, hoarseness, persistent dry cough, mild dysphagia, weight loss, no fever, no significant pain. These features suggest an",
  "aggravating_factors": "Throat irritation, hoarseness, dry cough, and fatigue are common aggravating factors for this patient. These symptoms can worsen with hot",
  "relieving_factors": "The patient mentions throat soreness, hoarseness, and difficulty swallowing as persistent symptoms. These are common signs of head and neck",
  "associated_symptoms": [
    "Persistent throat irritation",
    "hoarseness",
    "persistent dry cough",
    "mild swallowing difficulty",
    "gradual weight loss",
    "fatigue"
  ],
  "past_medical_history": "Past medical history was not explicitly mentioned in this conversation. The focus was on current symptoms, risk factors, and immediate",
  "past_surgical_history": "Rationale: The conversation is focused on a head-and-neck cancer screening process rather than surgical history. Surgical",
  "family_history": "Raj, wife, daughter, son-in-law, cousin, neighbor, friend, etc., all have no known cancer history. They can",
  "current_medications": [
    "No medications listed yet",
    "we'll provide a list when it's ready. Right now, I can confirm that no medications were mentioned at this stage"
  ],
  "allergies": "Allergies: No known food allergies; no severe skin reactions or",
  "social_history": "Past history: Past smoking history: Khaini/Gutkha/Pan Masala used daily for about 4 days per week; Hookah occasionally. No",
  "functional_status": "Ramesh Kumar undergoes an ENT-focused physical exam today, followed by biopsy and imaging based on findings.",
  "vital_signs": "Blood pressure: 120/80 mmHg; heart rate: 60 bpm; no other immediate abnormality noted. No urgent action required at",
  "examination_findings": "No visible signs of malignancy at the current visit. No cancer detected by biopsy or imaging. The focus",
  "investigations": [
    "Biopsies: Nasopharynx, larynx, and/or oropharynx",
    "FNAC of lymph nodes if suspicious",
    "HPV testing when indicated",
    "blood tests for nutrition and liver function",
    "imaging (CT/MRI/PET-C"
  ],
  "assessment_primary_diagnosis": "Primary diagnosis is head and neck cancer based on the patient's risk factors (tobacco/alcohol",
  "differential_diagnoses": [
    "Chronic rhinitis with nasal congestion and/or sneezing",
    "Allergic rhinitis with seasonal exacerbation",
    "Postnasal"
  ],
  "management_plan": "- Plan highlights: - Physical exam first; biopsy and imaging if indicated. - HPV testing considered only if cancer suspected; otherwise not",
  "tests_referrals_planned": [
    "HPV testing",
    "chest X-ray",
    "CT/MRI",
    "endoscopy",
    "biopsy",
    "FNAC"
  ],
  "follow_up_plan": "- Follow-up plan includes scheduling a comprehensive oral examination and biopsy if indicated, followed by imaging",
  "chronology_response_to_treatment": "Rationale: The conversation is an interactive dialogue focused on evaluating a man named Ramesh Kumar who presents with",
  "patient_concerns_preferences_consent": "Patient concerns: No smoking/alcohol use, no known allergies, no current medications. Consent given for tests and treatments. Wants",
  "safety_issues_red_flags": "Red flags mentioned by the patient include persistent throat irritation, hoarseness, dry cough, and mild swallowing difficulty. These",
  "coding_terms": "Cancer-related codes: SCCaCa, SCLCa, HPV-positive, TNM stage I-II, Stage III, metastasis, prognosis, treatment plans. No specific"
}