{
  "patient_identifiers": "The patient’s name was not explicitly mentioned in this dialogue. The conversation focused on CF screening and general pediatric assessment",
  "demographics": {
    "age": "The patient’s age is 2 months old.",
    "sex": "The patient’s gender is female."
  },
  "visit": {
    "date_time": "The visit occurred sometime between March 3rd and April 4th, depending on how many days were covered. No specific date",
    "type": "The visit was an in-person consultation focused on confirming CF by performing a sweat test. No"
  },
  "chief_complaint": "Persistent cough since birth, slowed weight gain, oily, bulky mucus in the morning, and daytime breathing difficulties. These symptoms strongly",
  "onset_duration": "The cough has been present since birth, but there isn't enough detail to specify exact duration. The discussion focuses on",
  "symptom_description": "Persistent cough, oily/green stools, slow weight gain, intermittent wheeze, oily stools persistently, no fever, mild fatigue, poor appetite. These features",
  "aggravating_factors": "Fatigue, fever, poor appetite, weight loss, fatigue, coughing, chest tightness, nasal congestion, diarrhea, vomiting, dehydration, irritability, and restless behavior.",
  "relieving_factors": "The main symptom relief strategies mentioned were: - Chest physiotherapy (chest tapping) twice daily after meals. - Nebulizer use with",
  "associated_symptoms": [
    "Persistent cough since birth",
    "worsening at night",
    "slow weight gain",
    "oily, bulky mucus in the morning",
    "difficulty breathing during sleep",
    "intermittent wheeze"
  ],
  "past_medical_history": "No prior medical history was recorded. The discussion focuses on presenting symptoms and risk factors rather than a full medical",
  "past_surgical_history": "Surgical history was not documented in this encounter. No surgical procedures were performed, so no specific",
  "family_history": "Family history was not explicitly reported by the dialogue. No specific family history was noted. The",
  "current_medications": [
    "Medications currently being used by the child: N/A. No known medications listed yet. We’ll collect this information at the next visit. If there’s an"
  ],
  "allergies": "Allergies: None known. No food allergy, no latex allergy, no",
  "social_history": "The social history does not contain tobacco use or alcohol consumption by the mother or father. There is",
  "functional_status": "Sweat test confirms CF-positive. Genetic counseling recommended; parental carrier testing considered. Stool fat testing may be",
  "vital_signs": "Age: 3 months old Weight: ~5 kg Height: ~75 cm Feeding: intermittent feeds; milk intake varies day-to-day; formula",
  "examination_findings": "No symptoms were reported by the infant at this time. The discussion focused on gathering data and planning",
  "investigations": [
    "Sweat test, chest X-ray, blood glucose, CBC, liver function tests, stool fat analysis, nutritional assessment, and imaging studies (CT/MRI) are planned based on symptoms and risk f"
  ],
  "assessment_primary_diagnosis": "Primary diagnosis: Cystic Fibrosis (CF). CF is suspected based on chronic cough, poor weight",
  "differential_diagnoses": [
    "CF-related differential diagnoses: - Chronic cough with fat malabsorption (e.g., steatorrhea) - Pancreatic enzyme deficiency due"
  ],
  "management_plan": "- Management plan based on sweat test positive for CF: - Initiate CF-specific management immediately. - Begin nutritional optimization: high-calorie, high-protein diet;",
  "tests_referrals_planned": [
    "Sweat test, chest X-ray, blood glucose, CBC, liver function tests, stool fat analysis, nutritional assessment, and genetic testing. Referral to major centers like CMC Vellore, AIIM"
  ],
  "follow_up_plan": "- Follow-up plan after sweat test results: - If positive: initiate CF-focused management including nutritional optimization,",
  "chronology_response_to_treatment": "The conversation describes an episode focused on evaluating a young infant for cystic fibrosis (CF). Key points covered:",
  "patient_concerns_preferences_consent": "Consent and risk assessment: The mother agrees to participate in the CF screening process and provides basic demographic",
  "safety_issues_red_flags": "Red flags to watch for in this case: - Persistent cough since birth, especially worsening at night. -",
  "coding_terms": "CF screening, sweat test, genetic counseling, nutritional support, supportive therapies, home monitoring, follow-up schedule, government subsidies,"
}