{
  "patient_identifiers": "The patient's name wasn't explicitly provided in the dialogue. The conversation focused on presenting symptoms and potential CF workup rather",
  "demographics": {
    "age": "The patient’s age is 6 months old.",
    "sex": "The patient’s gender is female."
  },
  "visit": {
    "date_time": "The visit occurred around mid-January 2025, with no specific date noted. It was part of an ongoing CF workup process.",
    "type": "It was an outpatient visit focused on collecting baseline data and preparing for sweat testing and"
  },
  "chief_complaint": "The chief complaint is a five-month-old with persistent night cough since birth, slower-than-expected weight gain, and oily/greasy stools. These features",
  "onset_duration": "The cough started soon after birth, around 1 month old. The stool appears oily/greasy, and there’s intermittent diarrhea. There’s no",
  "symptom_description": "Persistent cough, slower-than-normal weight gain, oily stools, intermittent diarrhea, occasional vomiting, mild fatigue, no fever. These are typical signs leading",
  "aggravating_factors": "Stressful situations like travel, illness, or changes in diet can exacerbate cough and weight loss in children with CF. Regular",
  "relieving_factors": "The patient's main relief from symptoms includes improved nutrition and better lung function after initiation of nutritional therapy and airway",
  "associated_symptoms": [
    "Persistent cough since birth",
    "slower-than-normal weight gain",
    "oily/greasy stools",
    "intermittent diarrhea",
    "no fever",
    "occasional vomiting after feeds"
  ],
  "past_medical_history": "The patient’s past medical history is missing from the summary. There is no mention of known allergies, previous diagnoses, or",
  "past_surgical_history": "The summary highlights the patient’s background and presenting symptoms without surgical details: - Patient profile: Five",
  "family_history": "Family history is unclear. There’s no specific mention of known CF in the case summary. The",
  "current_medications": [
    "Nebulizers: nebulizer sets",
    "clean water",
    "no tap water",
    "use sterilization",
    "avoid cross-contamination",
    "keep sets separate from food prep utensils. - Nutrition: high-calorie diet"
  ],
  "allergies": "The patient does not report known food allergies or severe",
  "social_history": "Social history: Tobacco exposure: father smoked cigarettes; mother did not smoke; no tobacco use in household. This suggests",
  "functional_status": "- The summary highlights the patient’s CF suspicion, the planned diagnostic pathway (sweat chloride testing first),",
  "vital_signs": "- Birth weight: 2.8 kg; postnatal weight trend: stable; no rapid weight loss noted yet. - Current weight:",
  "examination_findings": "- Patient presentation: Five-month-old with chronic nocturnal cough, slower-than-normal weight gain, oily stools, and intermittent diarrhea. - Key",
  "investigations": [
    "Sweat chloride testing planned",
    "genetic testing considered if sweat test is negative. - Chest X-ray and TB screening considered if sweat test is negative. - Stool fat analysis an"
  ],
  "assessment_primary_diagnosis": "The primary diagnosis is suspected cystic fibrosis (CF). The next steps include confirming CF",
  "differential_diagnoses": [
    "CF-related issues: Chronic cough, poor weight gain, oily stools",
    "possible malabsorption. - TB suspicion: Persistent"
  ],
  "management_plan": "- Sweat test is prioritized first; genetic testing can follow if sweat test is negative or delayed. - Nutrition: high-calorie diet; avoid",
  "tests_referrals_planned": [
    "Sweat chloride testing: planned first step",
    "if local labs unavailable, refer to major centers (AIIMS, PG-I, Vellore). - Genetic testing: considered after sweat test",
    "if negative"
  ],
  "follow_up_plan": "- Follow-up plan after sweat test and genetic testing: - Immediate next steps: - Schedule sweat",
  "chronology_response_to_treatment": "The conversation focused on a five-month-old presenting with chronic cough, poor weight gain, and oily stools suggestive of",
  "patient_concerns_preferences_consent": "- Patient concerns: Symptoms include persistent night cough, slower-than-desired weight gain, oily stools, and intermittent diarrhea. No fever",
  "safety_issues_red_flags": "- Persistent cough after six months, poor weight gain, oily stools, recurrent pneumonia, delayed growth, dehydration signs, rapid",
  "coding_terms": "Cystic_fibrosis, CF, genetic_testing, sweat_test, nutrition, airway_clearance, infection_prevention, diary_stay, pre-visit_data, pre-visit_diary, pre-visit_records, pre-visit_care_"
}