{
  "patient_identifiers": "Rohit Kumar, age 10 months, presenting with chronic cough, nocturnal cough, slow weight gain, oily stools, and intermittent diarrhea. No",
  "demographics": {
    "age": "Rohit is aged around 10 months.",
    "sex": "Rohit is male."
  },
  "visit": {
    "date_time": "The visit occurred around mid-January 2025, with follow-up planned every two weeks. The exact date was not provided in the",
    "type": "It was an outpatient visit focused on collecting history and initiating a structured CF workup via"
  },
  "chief_complaint": "Persistent cough since birth, nocturnal cough, slow weight gain, oily stools, no fever. No definitive diagnosis yet. Focus on confirming",
  "onset_duration": "Rohit’s cough started soon after birth and worsened at night. He was gaining weight slowly, but stools were oily/bulky. The",
  "symptom_description": "Stuffy nose, cough, slow weight gain, oily stools, intermittent wheezing, occasional vomiting, poor appetite. No fever. Persistent cough and oily",
  "aggravating_factors": "Stress from exams, fatigue, dehydration, poor sleep quality, and inadequate hydration can exacerbate cough and overall health. Regular CPT helps",
  "relieving_factors": "Stress reduction, sleep improvement, hydration, and gentle physical activity can help relieve symptoms. A structured sleep routine and simple activities",
  "associated_symptoms": [
    "Stool: oily stools",
    "bulky stools",
    "fat absorption issues",
    "slow weight gain",
    "intermittent diarrhea",
    "occasional vomiting"
  ],
  "past_medical_history": "Past medical history was limited. No prior diagnosis or chronic conditions were mentioned. The focus was on evaluating suspected CF",
  "past_surgical_history": "No prior surgery known. No surgical history provided. The focus remains on CF screening and diagnostics",
  "family_history": "Family history was not provided by the dialogue. The clinician noted that if there were any",
  "current_medications": [
    "Diary entries noted: - Stool: oily stools",
    "stool consistency varies day-to-day",
    "fat absorption suspected. - Feeding/diet: Calorie-dense, fat-rich diet",
    "emphasis on oral rehydration"
  ],
  "allergies": "None of Rohit's parents have known food allergies. He doesn't",
  "social_history": "Social history: Rohit’s father uses tobacco products; alcohol use is limited but occasional. No known smoking exposure before",
  "functional_status": "Diary entries highlight worsening cough, reduced weight gain, oily stools, and night cough persistence. No fever.",
  "vital_signs": "- Temperature: normal; heart rate usually steady; breathing sounds clear. - Weight trend: stable; appetite generally good; occasional",
  "examination_findings": "Diary highlights from the first week: Rohit’s cough persists at night, stools are oily/bulky, and there’s slow weight",
  "investigations": [
    "Diary-based assessments, sweat testing, nutrition optimization, chest physiotherapy, airway clearance, infection prevention, and multidisciplinary CF care team involvement",
    "genetic"
  ],
  "assessment_primary_diagnosis": "Primary diagnosis: suspected cystic fibrosis due to chronic cough, poor weight gain, oily stools,",
  "differential_diagnoses": [
    "Stool abnormalities, dehydration, fatigue, poor weight gain, chronic diarrhea, night cough, nasal congestion, wheezing, vomiting, abdominal"
  ],
  "management_plan": "- Summary of Rohit’s CF-focused management plan: - Symptom and risk factors: Persistent nighttime cough, slow weight gain, oily stools; no fever.",
  "tests_referrals_planned": [
    "Diary entries to collect: cough timing, stool characteristics, feeding/fat intake, weight trend, and daily diary entries. Sweat test referral to major centers (CMC Vellore, AIIMS D"
  ],
  "follow_up_plan": "- Follow-up plan after sweat test positive: - Initiate multidisciplinary CF care: nutrition, chest physiotherapy (CPT),",
  "chronology_response_to_treatment": "Diary entries highlight gradual improvement in cough and stool consistency, but weight loss persists. Stool fat increases suggest",
  "patient_concerns_preferences_consent": "Consent received for future CF-related tests and treatments; willingness to participate in multidisciplinary CF care team discussions. Rohit’s",
  "safety_issues_red_flags": "Red flags for CF include persistent cough, poor weight gain, oily stools, and recurrent infections despite adequate nutrition.",
  "coding_terms": "Diagnosis: CF confirmed by sweat test; Multidisciplinary CF care plan initiated (nutrition, chest physiotherapy, airway clearance)."
}