{
  "patient_identifiers": "The patient’s name was not explicitly stated in the dialogue. The conversation focused on presenting symptoms, risk factors, and initial",
  "demographics": {
    "age": "The patient’s age is 45 years old.",
    "sex": "The patient’s gender is male. No other details were given."
  },
  "visit": {
    "date_time": "The visit occurred on Thursday, April 1st, at 9:30 AM. The doctor performed a throat/neck examination and began laryngoscopy/biopsy if",
    "type": "It was an in-person visit with baseline throat examination and plans for laryngoscopy and biopsy based"
  },
  "chief_complaint": "Chief complaint: throat/gut discomfort with hoarseness and mild dysphagia over ~3 weeks, no fever or significant weight loss reported. No",
  "onset_duration": "Rajesh has had throat/gut discomfort and hoarseness for about two months. The exact duration isn’t specified here, but it’s clear",
  "symptom_description": "Persistent throat irritation, hoarseness, and mild dysphagia over ~3 weeks, with no fever or weight loss. No major systemic symptoms",
  "aggravating_factors": "Hoarseness, throat pain, fatigue, weight loss, night coughing, breathing difficulty, appetite change, fever, dehydration, and general malaise. These can indicate",
  "relieving_factors": "The patient has throat pain and hoarseness that worsens with eating. The clinician emphasizes that these symptoms can be related",
  "associated_symptoms": [
    "Persistent throat irritation - Hoarseness - Dysphagia - Weight loss - Fatigue - Night coughing - Mouth ulcers - Swallowing difficulties - Painful swallowing - Dry mouth - Oral dr"
  ],
  "past_medical_history": "Past medical history was limited; no specific diagnoses or treatments were mentioned. The focus was on presenting symptoms, risk factors,",
  "past_surgical_history": "Rajesh Kumar has a long-term heavy tobacco exposure (gutkha/paan/khaini), moderate alcohol use, and no known HPV",
  "family_history": "Rajesh’s family history was not explicitly reported in the dialogue. The clinician noted that it would",
  "current_medications": [
    "No medications listed yet",
    "no medication details given at this point. The conversation focuses on initial assessments, risk factors, and planned investigations rather"
  ],
  "allergies": "Rajesh has no known food allergies. He mentions he’s allergic",
  "social_history": "- Tobacco/alcohol history: Heavy tobacco use: daily pan masala/paanshi, occasional cigarette, and alcohol at night. Pan masala is",
  "functional_status": "Short summary of the encounter: - Patient background: Rajesh Kumar, 45, from Kolkata, presenting with throat/gut",
  "vital_signs": "- Blood pressure: normal; heart rate stable; respiratory rate steady at ~12 breaths per minute. - Temperature: normal",
  "examination_findings": "No visible signs of acute infection at the initial exam. No fever, no significant pain, no systemic symptoms.",
  "investigations": [
    "baseline physical exam of throat/nasopharynx",
    "laryngoscopy and biopsy if suspicious lesions detected",
    "HPV testing as indicated",
    "imaging (CT/MRI) as appropriate",
    "ENT consultation"
  ],
  "assessment_primary_diagnosis": "Primary diagnosis was not established at this visit. The plan focused on establishing baseline",
  "differential_diagnoses": [
    "Chronic rhinosinusitis with voice change - Laryngeal papillomatosis - Hypothyroidism affecting metabolism - Thyrotoxicosis causing"
  ],
  "management_plan": "- Plan highlights: - Risk factor modification: quit smoking and reduce alcohol consumption; provide nicotine replacement therapy and counseling. - Oral/dental hygiene:",
  "tests_referrals_planned": [
    "baseline physical exam",
    "laryngoscopy",
    "biopsy",
    "HPV testing",
    "imaging as indicated",
    "MDT discussion"
  ],
  "follow_up_plan": "- Follow-up plan after initial visit: - Baseline throat/neck exam and laryngoscopy/biopsy; HPV testing as indicated.",
  "chronology_response_to_treatment": "Patient has completed an initial visit with baseline throat/examination and plans HPV testing and laryngoscopy/biopsy within 3 days.",
  "patient_concerns_preferences_consent": "Patient concerns and consent: - Concerns: throat irritation, hoarseness, weight loss, fatigue, difficulty eating/drinking. - Consent: patient agrees",
  "safety_issues_red_flags": "Red flags noted include persistent throat pain, voice change, difficulty swallowing, weight loss, neck lump, or new respiratory",
  "coding_terms": "Codenumber: 2023-09-18_Head-and-neck-cancer-risk-assessment_rajesh_kumar_45-yrs_kolkata Patient name: Rajesh Kumar, age 45, Kolkata Primary concern: Head and neck cancer risk"
}