{
  "patient_identifiers": "The patient’s name was not provided in the dialogue. The conversation focused on CF evaluation in an infant without confirming",
  "demographics": {
    "age": "The patient’s age is 2 months old. The exact number wasn’t provided in the summary.",
    "sex": "The patient’s gender is female."
  },
  "visit": {
    "date_time": "The visit occurred around mid-January 2024, but exact dates weren't provided. The clinician noted that sweat test results would arrive",
    "type": "It was a clinic-based visit focused on collecting initial symptoms, growth data, and identifying potential CF-related"
  },
  "chief_complaint": "Persistent cough, nocturnal wheezing, poor weight gain, oily stools, intermittent fever, and slow growth. No clear diagnosis yet. Focus on",
  "onset_duration": "The cough has been present since birth, but exact duration isn’t known. The primary concern is that it’s not clear",
  "symptom_description": "Stuffy nose, cough, slow weight gain, oily stools, intermittent wheezing, nocturnal cough, mild fatigue.",
  "aggravating_factors": "Stressful situations like colds, dust exposure, or heavy work can exacerbate cough and wheezing in infants with CF suspicion. Regular",
  "relieving_factors": "Stress reduction techniques like deep breathing, mindfulness meditation, and gentle physical activity can help reduce anxiety and improve sleep quality.",
  "associated_symptoms": [
    "Stool: oily, greasy stools",
    "stool consistency changes over time",
    "stool frequency increases",
    "stool odor altered",
    "stool color varies",
    "stool passage difficulty noted. Stomach/feeding"
  ],
  "past_medical_history": "Past medical history was limited. The child had persistent cough since birth, nocturnal cough, and slow weight gain. There were",
  "past_surgical_history": "No surgical history provided. The summary focuses on CF evaluation and management rather than surgical history.",
  "family_history": "Family history was not provided during the encounter. The clinician noted that it would be helpful",
  "current_medications": [
    "No medications listed yet",
    "we’ll collect them after sweat test and genetic counseling. Right now, there’s no medication noted. We’ll provide a complete list"
  ],
  "allergies": "Allergies: None known. N/A.",
  "social_history": "Social history: The patient reports tobacco exposure during pregnancy but does not report alcohol use. There is no",
  "functional_status": "Short summary: - Symptom/behavior: Persistent cough, nocturnal cough, poor weight gain, oily stools, intermittent wheezing. -",
  "vital_signs": "- Weight: ~6 kg; height ~70 cm; age approx. 4 months. - Respiratory rate: normal; nocturnal cough noted.",
  "examination_findings": "No clear CF diagnosis was made during this visit. The clinician emphasized that the child’s symptoms suggested chronic",
  "investigations": [
    "Stool analysis and stool fat estimation",
    "Blood tests (CBC, liver function tests)",
    "Chest imaging (chest X-ray, pulmonary function tests if indicated)",
    "Nutritional assessment"
  ],
  "assessment_primary_diagnosis": "The primary diagnosis was not established due to lack of confirmation through sweat chloride",
  "differential_diagnoses": [
    "TB, pneumonia, chronic lung disease, malnutrition, infections, etc",
    "N/A if CF confirmed. If CF confirmed"
  ],
  "management_plan": "- Management plan based on CF suspicion: - Focus on nutrition, chest physiotherapy, and pancreatic enzymes. - High-calorie diet, fat-soluble vitamins A,",
  "tests_referrals_planned": [
    "Stool analysis, chest imaging, nutritional status assessment, growth monitoring, and stool diary",
    "genetic testing considered if sweat test negative",
    "referral to major centers (CM"
  ],
  "follow_up_plan": "- Follow-up plan after sweat test and genetic counseling: - Continue symptom and growth diaries; maintain",
  "chronology_response_to_treatment": "Patient has undergone initial CF evaluation but no definitive diagnosis yet. Key next steps include: - Sweat chloride",
  "patient_concerns_preferences_consent": "Patient concerns: cough, nocturnal wheezing, poor weight gain, intermittent diarrhea, oily stools, fatigue, low energy, difficulty sleeping. No",
  "safety_issues_red_flags": "Red flags to watch during follow-up: - Persistent cough, especially at night. - Slow weight gain despite adequate",
  "coding_terms": "Diagnosis: CF probable; Sweat chloride testing required; Genetic testing considered if needed. Treatment plan includes nutrition"
}