{
  "patient_identifiers": "Ramesh Kumar, 45, Kolkata, India. He presented with throat pain, hoarseness, dysphagia, fatigue, night sweats, and weight loss. No specific",
  "demographics": {
    "age": "45 years old.",
    "sex": "The patient’s gender is female. No other details were provided."
  },
  "visit": {
    "date_time": "The visit occurred on October 1st, 2025, at 9:00 AM. The patient was seen by Dr. Rajesh Kumar, who conducted",
    "type": "In-person visit with some telemedicine elements. The patient's family accompanies him and there is an interpreter"
  },
  "chief_complaint": "Persistent throat discomfort with voice changes and dysphagia for ~two weeks, plus fatigue and night sweats. No painless lump reported",
  "onset_duration": "Symptoms started ~two weeks ago, with persistent throat discomfort, voice changes, and weight loss. No definitive diagnosis yet. No clear",
  "symptom_description": "Persistent throat irritation, hoarseness, dysphagia, fatigue, night sweats, and weight loss. These were the primary symptoms described at this visit.",
  "aggravating_factors": "Persistent cough, throat irritation, and fatigue persist despite initial symptom relief efforts. Headache and sleep disturbances also noted. No specific",
  "relieving_factors": "Relief strategies mentioned include avoiding irritants like spicy food, staying well-hydrated, maintaining good oral hygiene, and reducing stress through relaxation",
  "associated_symptoms": [
    "Persistent throat irritation",
    "hoarseness",
    "dysphagia",
    "fatigue",
    "night sweats",
    "weight loss"
  ],
  "past_medical_history": "No prior medical history provided. The focus is on current symptoms, risk factors, and initial diagnostic steps rather than past",
  "past_surgical_history": "No prior head-and-neck cancer history reported. The focus is on current symptoms, risk factors, and initial",
  "family_history": "Family history was not provided in this exchange. The clinician did not ask for or record",
  "current_medications": [
    "Anticipated medications include antihypertensive drugs (e.g., ACE inhibitors, ARBs), statins, diuretics, and other cardiovascular agents",
    "antibiotics when infection suspected",
    "anti"
  ],
  "allergies": "Allergies: None known. N/A if no allergy noted.",
  "social_history": "Social history includes long-term tobacco use (gutkha/khaini daily for several years; occasional smoking) and alcohol use (2–3 times",
  "functional_status": "Ramesh Kumar undergoes ENT evaluation for suspected head-and-neck cancer. Key points include: - Presenting symptoms: throat",
  "vital_signs": "Blood pressure: 160/95 mmHg; heart rate 70 bpm; no other significant lab values noted yet. No acute distress",
  "examination_findings": "Examination findings were not provided in this brief encounter. The patient’s history was described, and no specific examination",
  "investigations": [
    "CBC, CMP, MRI-neck, PET-CT, HPV testing, endoscopic evaluation, chest X-ray, blood pressure monitoring, nutritional assessment, dental clearance, supportive care referrals, follow"
  ],
  "assessment_primary_diagnosis": "Primary diagnosis was not established at this visit. The patient presented with throat symptoms",
  "differential_diagnoses": [
    "Cancer differential: esophageal/pharyngeal malignancy, head-and-neck malignancy, lung infection, TB, HIV/AIDS. Head and neck cancers are common"
  ],
  "management_plan": "- A comprehensive plan was outlined for Ramesh Kumar’s suspected head-and-neck cancer, including initial investigations and subsequent management depending on biopsy results",
  "tests_referrals_planned": [
    "CBC, CMP, MRI-neck, PET-CT, HPV testing, endoscopic evaluation, genetic testing, nutritional assessment, supportive care referrals (speech/swallowing therapy, nutritionist). N/A if"
  ],
  "follow_up_plan": "- Follow-up plan includes regular monitoring of symptoms and growth over time, with imaging and/or endoscopy",
  "chronology_response_to_treatment": "The patient has undergone initial evaluation including physical exam, throat/nasopharyngeal palpation, and basic labs (CBC and CMP). A",
  "patient_concerns_preferences_consent": "- Patient reports throat pain, voice change, fatigue, weight loss, night sweats, and persistent coughing. No clear diagnosis",
  "safety_issues_red_flags": "Red flags include persistent throat pain, voice changes, swallowing difficulties, weight loss, night sweats, and new or worsening",
  "coding_terms": "CT scan, MRI, PET-CT, HPV test, CBC, CMP, MDT, TNM staging, surgical options, radiotherapy, chemotherapy, supportive"
}