{
  "patient_identifiers": "The patient’s name was not provided in the dialogue. The conversation focused on presenting symptoms and planning for a Sweat",
  "demographics": {
    "age": "The patient’s age is 8 months old.",
    "sex": "The patient’s gender is female."
  },
  "visit": {
    "date_time": "The visit occurred on October 1st, 2024, during which the team discussed the child’s presentation and outlined the diagnostic plan,",
    "type": "Visit type: In-person consultation with possible telemedicine options depending on availability and cost. The patient’s age"
  },
  "chief_complaint": "Persistent nighttime cough and slow weight gain, oily stools, and oily stools persistently. These features raise suspicion for cystic fibrosis",
  "onset_duration": "The cough has persisted since birth, with worsening during nights and occasional wheezes. The child also had oily, bulky stools",
  "symptom_description": "Persistent nighttime cough, oily/bulky stools, slow weight gain, oily stools, intermittent abdominal distension, no fever or night sweats. These features",
  "aggravating_factors": "Oily, bulky stools, slow weight gain, nocturnal breathing difficulties, and persistent cough persistently worsen symptoms. These signs suggest ongoing respiratory",
  "relieving_factors": "Home relief measures mentioned: keep room warm, use humidifier, avoid smoke exposure, maintain hydration, monitor weight and appetite, and seek",
  "associated_symptoms": [
    "Persistent cough since birth",
    "oily, bulky stools",
    "slow weight gain",
    "nocturnal breathing difficulties",
    "intermittent abdominal distension",
    "oily stools"
  ],
  "past_medical_history": "Past medical history was limited. No specific childhood illnesses were noted. The focus was on presenting symptoms and planning diagnostic",
  "past_surgical_history": "Short summary: - No surgical history was provided in this dialogue. The focus was on presenting",
  "family_history": "Family history was not provided in the dialogue. The focus remains on presenting symptoms, diagnostic plan,",
  "current_medications": [
    "Nebulizer nebulized albuterol once-daily",
    "Nebulization fluid sodium-free",
    "Albuterol dosed according to age/growth",
    "monitor BP before each dose",
    "Nebulizer cleaned between"
  ],
  "allergies": "- No known food allergies or severe reactions noted. If",
  "social_history": "- Social history: No tobacco use; alcohol consumption limited to 3–4 drinks per month; no heavy drinking. Family",
  "functional_status": "Short summary: - The dialogue describes an infant presenting with persistent cough, slow weight gain, oily",
  "vital_signs": "- Weight: ~6 kg; height ~70 cm; abdomen slightly distended; stool oiliness noted. - Respiratory: normal tone; no",
  "examination_findings": "- Noisy cough, oily stools, slow weight gain, and nocturnal breathing difficulties suggest CF suspicion. Sweat test remains",
  "investigations": [
    "Sweat test: primary confirmatory test for CF",
    "if local testing unavailable, referrals to major centers (CMC Vellore, AIIMS, PGI Chandigarh) considered. - Chest X-ray: planned if"
  ],
  "assessment_primary_diagnosis": "Primary diagnosis: Persistent cough and oily stools strongly suggest cystic fibrosis (CF). Sweat test",
  "differential_diagnoses": [
    "CF-related differential: Chronic cough, oily stools, slow weight gain, nocturnal breathing difficulties, or recurrent pneumonia"
  ],
  "management_plan": "- Sweat test-positive: start CF-focused management: nutrition optimization, chest physiotherapy, airway clearance, infection prevention, and ongoing monitoring. - Growth tracking",
  "tests_referrals_planned": [
    "Sweat test: primary confirmatory test for CF",
    "if local testing unavailable, refer to larger centers (CMC Vellore, AIIMS, PGI Chandigarh). - Chest X-ray: routine screening",
    "additi"
  ],
  "follow_up_plan": "- Follow-up plan: - Sweat test result expected in 2-3 days; if positive, start CF-focused management",
  "chronology_response_to_treatment": "- The conversation outlines an eight-month-old presenting with persistent cough, slow weight gain, oily stools, and abdominal distension,",
  "patient_concerns_preferences_consent": "- Patient concerns: Persistent cough since birth, slow weight gain, oily stools, and intermittent abdominal distension. - Consent:",
  "safety_issues_red_flags": "- Persistent cough, slow weight gain, oily stools, abdominal distension, or worsening respiratory symptoms warrant urgent evaluation. These",
  "coding_terms": "CF-related codes: CF-related code 370.42 (cystic fibrosis); CF-related code 370.43 (CF-like condition). N/A if not applicable."
}