{
  "patient_identifiers": "Name: Roshan Kumar, age 42, Kolkata. He has been experiencing throat irritation/groans, hoarseness, dry cough, fatigue, and weight loss over",
  "demographics": {
    "age": "The patient’s age is 42 years old.",
    "sex": "The patient’s gender is male."
  },
  "visit": {
    "date_time": "The visit occurred today, March 15th, 2025. The doctor performed laryngoscopy and plans to biopsy if abnormalities were found. A",
    "type": "In-person visit with family presence; telemedicine could also be arranged if needed. The team would review"
  },
  "chief_complaint": "Persistent throat irritation/groans, hoarseness, dry cough, fatigue, weight loss, and fatigue during sleep. No major fever or severe pain reported.",
  "onset_duration": "The symptoms started around two months ago, with persistent throat irritation/groans, hoarseness, dry cough, fatigue, and weight loss. There was",
  "symptom_description": "Persistent throat irritation/groans, hoarseness, dry cough, fatigue, weight loss, intermittent swallowing difficulties, and fatigue during sleep. No fever or night",
  "aggravating_factors": "Persistent throat irritation, hoarseness, dry cough, fatigue, weight loss, and fatigue during sleep. These are common triggers for discomfort in",
  "relieving_factors": "The main symptom relief strategies discussed were: 1) Smoking cessation: nicotine replacement therapy (NRT), such as patches or gum, plus",
  "associated_symptoms": [
    "Persistent throat irritation/groans",
    "hoarseness",
    "dry cough",
    "fatigue",
    "weight loss",
    "intermittent swallowing difficulties"
  ],
  "past_medical_history": "No prior medical history was recorded in the dialogue. The focus remains on current symptoms, risk factors, physical exam findings,",
  "past_surgical_history": "No prior surgeries were performed. The focus remains on current symptoms, risk factors, and planned diagnostic",
  "family_history": "Family history was not explicitly discussed in the dialogue. The clinician did not provide any specific",
  "current_medications": [
    "No medication listed yet",
    "we’ll provide a complete list once tests are done. Right now, just note what’s known and ask for clarification when"
  ],
  "allergies": "None known allergy reported today. Allergy history will be documented",
  "social_history": "Social history includes tobacco use (smokeless bidi/gutkha/khaini/bad khani; occasional cigarettes), alcohol use (weekly, higher during festivals), and combined",
  "functional_status": "Patient has chronic throat irritation, hoarseness, dry cough, fatigue, and weight loss over ~two months. Risk",
  "vital_signs": "- Blood pressure: normal. - Heart rate: 70 bpm. - Respiratory rate: 15 breaths per minute. - Temperature:",
  "examination_findings": "No visible mucosal lesions detected today. Voice quality stable; no new lumps or pain reported. Laryngoscopy was performed",
  "investigations": [
    "Laryngoscopy today",
    "biopsy if abnormal tissue found",
    "imaging (CT/MRI) based on findings",
    "HPV testing as indicated",
    "nutrition and oral hygiene advice",
    "family involvement"
  ],
  "assessment_primary_diagnosis": "Primary diagnosis is suspected based on history: chronic throat irritation, hoarseness, dysphagia, fatigue, and",
  "differential_diagnoses": [
    "Laryngopharyngeal reflux (LPR): chronic throat irritation, hoarseness, dysphagia, sometimes vomiting-like sensations. - Chronic sinusitis: recurrent"
  ],
  "management_plan": "- Immediate plan: conduct laryngoscopy today; if abnormal, obtain biopsy and imaging as indicated; discuss HPV status and nutrition/dietary advice; initiate tobacco/alcohol",
  "tests_referrals_planned": [
    "Laryngoscopy today",
    "biopsy if abnormal tissue found",
    "imaging based on pathology",
    "HPV testing as appropriate",
    "nutrition and oral hygiene advice",
    "family involvement"
  ],
  "follow_up_plan": "- Follow-up plan based on current status: - Laryngoscopy today; biopsy if abnormal tissue found. -",
  "chronology_response_to_treatment": "Patient history summary: - Presenting symptoms: persistent throat irritation/groans, hoarseness, dry cough, fatigue, weight loss over ~two months.",
  "patient_concerns_preferences_consent": "Patient concerns: ongoing throat irritation, hoarseness, fatigue, weight loss; risk factors including smokeless tobacco and alcohol; HPV discussed;",
  "safety_issues_red_flags": "Red flags to watch out for: - Persistent or worsening hoarseness lasting >2 weeks - New or changing",
  "coding_terms": "Cancer: Yes, head-and-neck cancer; non-cancer: TB/HIV/rheumatoid arthritis. HPV-related risk factor discussion included. Stage I-II: less aggressive"
}