{
  "patient_identifiers": "The patient’s name isn’t explicitly stated here. The dialogue focuses on presenting symptoms and planned diagnostics for suspected CF in",
  "demographics": {
    "age": "The patient’s age is 7 months old.",
    "sex": "The patient’s gender is female."
  },
  "visit": {
    "date_time": "The visit occurred around mid-January 2025, with Sweat Test planned soon. The exact date isn't specified here but was noted",
    "type": "Visit type: In-person assessment with possible telemedicine consultation based on location and availability. If travel is"
  },
  "chief_complaint": "Persistent nighttime cough, poor weight gain, oily stools, and intermittent abdominal distension. These features strongly point toward cystic fibrosis. No",
  "onset_duration": "Symptoms started around birth, with persistent cough and oily stools noted over time. No clear date given yet. The main",
  "symptom_description": "Stools oily, slow weight gain, chronic cough at night, intermittent abdominal distension/vomiting. No fever, no significant pain. N/A if no",
  "aggravating_factors": "Stressful situations like public speaking, crowded places, or loud noises can exacerbate cough and irritate the throat, which might worsen",
  "relieving_factors": "Stress reduction techniques like deep breathing, mindfulness, and gentle movement help some kids feel better. Regular sleep and adequate fluids",
  "associated_symptoms": [
    "Persistent cough since birth",
    "oily stools",
    "slow weight gain",
    "intermittent abdominal distension",
    "possible vomiting at night",
    "no fever or severe illness reported. These features st"
  ],
  "past_medical_history": "No prior medical history recorded. The dialogue focuses on presenting symptoms and planned diagnostics for suspected CF in an infant.",
  "past_surgical_history": "Surgical history was not recorded by the child’s mother. The discussion focused on presenting symptoms and",
  "family_history": "Family history was not explicitly recorded by the health worker. The dialogue focuses on presenting symptoms",
  "current_medications": [
    "Enzymes: Panlipase",
    "Enzar Forte",
    "generic versions as appropriate",
    "dosing based on age/growth",
    "instructions for administration",
    "monitor side effects"
  ],
  "allergies": "None known allergy noted. No food restrictions mentioned. Allergies are",
  "social_history": "Social history includes tobacco use (smoking and smokeless products) and alcohol intake. The family has limited knowledge about",
  "functional_status": "Sweat test confirms CF, now focuses on nutrition, airway clearance, and possible enzyme therapy; multidisciplinary CF",
  "vital_signs": "Weight: ~2.6 kg; height ~75 cm; overall good growth trend. No acute distress noted. Regular weight checks planned.",
  "examination_findings": "Noisy cough, oily stools, slow weight gain; no fever or dehydration reported. No other significant findings noted yet.",
  "investigations": [
    "Sweat test planned",
    "referral to major centers (AIIMS, CMC Vellore, PGI Chandigarh)",
    "transport/logistics discussed",
    "possible telemedicine follow-up if local labs unavailable. - Ch"
  ],
  "assessment_primary_diagnosis": "Primary diagnosis: suspected cystic fibrosis due to persistent cough, poor weight gain, and oily",
  "differential_diagnoses": [
    "bronchiectasis, tuberculosis, malnutrition, infection",
    "CF-specific semicolons omitted"
  ],
  "management_plan": "- Sweat test confirms CF; start CF-specific care: nutrition, airway clearance, and possible enzyme replacement therapy. - Nutrition: high-calorie formula, small frequent",
  "tests_referrals_planned": [
    "Sweat test: confirmatory step",
    "if local labs unavailable, referrals to major centers (AIIMS, CMC Vellore, PGI Chandigarh) discussed. - Nutrition plan: high-calorie diet with adeq"
  ],
  "follow_up_plan": "Follow-up plan: - Continue Sweat Test results review and CF confirmation process. - If Sweat Test",
  "chronology_response_to_treatment": "Diary and follow-up plan: The nurse sets up a seven-day diary to track cough timing, stool type/color, weight,",
  "patient_concerns_preferences_consent": "- Patient concerns: Persistent cough, poor weight gain, oily stools; no fever or dehydration reported; mother has CF",
  "safety_issues_red_flags": "Red flags for CF screening include persistent cough, poor weight gain, oily stools, and recurrent infections despite adequate",
  "coding_terms": "CF Care Network, Nutrition, Airway Clearance, Enzymes, Multidisciplinary Team, Home Monitoring, Telehealth, Genetic Testing, Carrier Status,"
}