{
  "patient_identifiers": "Raha Sohini, 45, Kolkata, India. She has been referred for endoscopic evaluation and biopsy/fnac due to persistent throat symptoms and",
  "demographics": {
    "age": "Patient is 45 years old.",
    "sex": "Male, 45 years old."
  },
  "visit": {
    "date_time": "The visit occurred on October 1st, 2025, around midday. The doctor performed an endoscopic exam and took images to stage",
    "type": "Visit type: In-person consultation with telemedicine available. The doctor can conduct endoscopy and perform FNAC if"
  },
  "chief_complaint": "Throat pain, voice change, difficulty swallowing solids, unintentional weight loss, fatigue.",
  "onset_duration": "The symptoms started around two weeks ago, with throat pain, hoarseness, difficulty swallowing solids, mild weight loss, and fatigue. There",
  "symptom_description": "Throat pain, voice change, difficulty swallowing solids, unintentional weight loss, fatigue. These are the primary symptoms prompting evaluation. The patient",
  "aggravating_factors": "Throat irritation, dryness, burning sensation during swallowing, voice change, fatigue, appetite changes, weight loss. These can be exacerbated by hot",
  "relieving_factors": "The main symptom relief strategies discussed include: - Nutrition: soft foods, protein-rich meals, adequate fluids, small frequent meals. - Pain",
  "associated_symptoms": [
    "Hoarseness, dysphagia, weight loss, fatigue, night cough, nasal congestion, throat irritation, dry mouth, taste changes, sleep disturbance, fatigue during meals. N/A if no specif"
  ],
  "past_medical_history": "No prior medical history reported. The focus remains on current symptoms, risk factors, diagnostic plan, and upcoming treatments. No specific",
  "past_surgical_history": "No prior surgeries were performed by the patient. The focus remains on current symptoms and risk-factor",
  "family_history": "Family history was not explicitly reported by the patient during this visit. The clinician noted that",
  "current_medications": [
    "No medications listed currently",
    "no medication history noted. The conversation focuses on diagnostic workup and upcoming tests rather than ongoing meds. A complete list"
  ],
  "allergies": "None known allergy reported by the patient. If there were",
  "social_history": "Past medical history: no known chronic diseases; no major surgeries; no current medications. Past dental issues noted; no",
  "functional_status": "Patient has no current cancer diagnosis. The focus is on risk reduction, symptom management, and preparation",
  "vital_signs": "- Blood pressure: 120/80 mmHg; no hypertension noted. - Heart rate: 60 bpm; normal range typically 60–100 bpm.",
  "examination_findings": "No exam performed yet; no diagnostic findings reported. The session focused on risk factor discussion, documentation needs, and",
  "investigations": [
    "ENT evaluation: thorough oral/throat exam, neck lymph nodes palpation, endoscopy/endoscopic view of throat/larynx. - Imaging: CT/MRI to assess tumor size and spread. - Pathology"
  ],
  "assessment_primary_diagnosis": "Primary diagnosis not established yet. The patient presents with throat symptoms, hoarseness, swallowing difficulties,",
  "differential_diagnoses": [
    "HPV-related vs non-HPV causes",
    "throat infection",
    "dental disease",
    "nutritional issues",
    "systemic infections",
    "malignancy"
  ],
  "management_plan": "- Early evaluation and diagnostic plan: Oral/throat exam, neck lymph nodes palpation, endoscopy/fnac/biopsy if indicated; imaging (CT/MRI) if abnormalities detected; TNM staging",
  "tests_referrals_planned": [
    "ENT evaluation with endoscopy/fnac/biopsy",
    "chest X-ray",
    "blood tests",
    "HPV testing",
    "dental checkup",
    "nutritional advice"
  ],
  "follow_up_plan": "- Follow-up plan includes: - Regular endoscopy/fnac/biopsy and imaging as indicated by results. - Staging using",
  "chronology_response_to_treatment": "Patient education and lifestyle change plan emphasized: quit tobacco, reduce alcohol, improve diet (more fruits/vegetables, protein-rich foods), maintain",
  "patient_concerns_preferences_consent": "Consent process: The patient agreed to undergo endoscopy and FNAC/biopsy with informed consent. A written plan was provided,",
  "safety_issues_red_flags": "Red flags to watch during this visit include persistent throat symptoms, voice change, swallowing difficulties, weight loss, night",
  "coding_terms": "TNM, HPV, stage, biopsy/fnac, imaging, MDT, rehabilitation, dietitian, social worker, financial assistance, telemedicine, family involvement, written"
}