{
  "patient_identifiers": "The patient's name was not provided in the dialogue. The conversation focused on Rajesh Kumar, age 46, residing in Kolkata,",
  "demographics": {
    "age": "The patient’s age is 46 years old.",
    "sex": "The patient’s gender is male. No other details were provided."
  },
  "visit": {
    "date_time": "The visit occurred on day 1 of the patient's follow-up, with CBC and HPV testing scheduled that day. Imaging was",
    "type": "The visit was a full face-to-face outpatient visit at the clinic. No telemedicine was used. The"
  },
  "chief_complaint": "Chief complaint: Persistent throat irritation, hoarseness, and gradual weight loss over about three weeks. No fever, no significant pain at",
  "onset_duration": "The patient reports throat irritation, hoarseness, and weight loss over about three weeks. The exact duration isn’t specified here, so",
  "symptom_description": "Persistent throat irritation, hoarseness, weight loss over 3 months, no fever, no obvious lump. No clear diagnosis yet. Initial plan:",
  "aggravating_factors": "- Aggravating factors noted: mouth dryness, throat irritation, fatigue, and weight loss. These could indicate worsening infection or other complications",
  "relieving_factors": "Saline gargles, mucosal gel, and soft, bland foods help relieve mouth dryness and discomfort during treatment. Thaiyam (mucosal gel) is",
  "associated_symptoms": [
    "Persistent throat irritation - Hoarseness - Weight loss over 3 months - Fatigue - Painful swallowing - Oral dryness - Night-time coughing - Taste changes - No fever or significan"
  ],
  "past_medical_history": "Past medical history noted briefly: no specific chronic conditions identified yet. No known allergies or current medications mentioned. The focus",
  "past_surgical_history": "Rajesh’s surgical history was not provided during this visit. The clinician noted that it would be",
  "family_history": "Rajesh’s family history was noted as having no known cancers or other serious conditions that would",
  "current_medications": [
    "Anticipated medications: Tylenol 500 mg every 4 hours as needed",
    "antibiotics if infection suspected",
    "NSAIDs avoided unless advised",
    "antihistamines for allergic rash",
    "topical"
  ],
  "allergies": "Rajesh has no known food allergies or severe drug allergies.",
  "social_history": "Rajesh has a long-term tobacco exposure: khaini/gutkha daily, occasional beedi/cigarette smoking, and alcohol use ~2–3 times per week.",
  "functional_status": "Short summary: Rajesh’s baseline presentation includes throat irritation, hoarseness, and weight loss over 3 months. The",
  "vital_signs": "- Blood pressure: normal. - Heart rate: 70 bpm. - Respiratory rate: 15 breaths/min. - Temperature: 37.5°C (normal",
  "examination_findings": "No exam was conducted during this visit. The patient presented with throat irritation, hoarseness, and weight loss over",
  "investigations": [
    "CBC",
    "HPV test",
    "imaging (CT/MRI)",
    "FNAC if indicated",
    "ENT referral",
    "MDT discussion"
  ],
  "assessment_primary_diagnosis": "Primary diagnosis isn't known yet. The patient presents with throat irritation, hoarseness, and weight",
  "differential_diagnoses": [
    "Throat infection (e.g., bacterial pharyngitis) - Vocal cord dysfunction (post-treatment) - Osteomyelitis (bone infection)"
  ],
  "management_plan": "- Plan highlights: - Immediate step: CBC and HPV test today; imaging if indicated by results. - If cancer is confirmed: multidisciplinary",
  "tests_referrals_planned": [
    "CBC",
    "HPV test",
    "imaging (CT/MRI)",
    "FNAC if indicated",
    "ENT referral",
    "nutritionist"
  ],
  "follow_up_plan": "- Follow-up plan after initial tests: - CBC and HPV test results will guide next steps.",
  "chronology_response_to_treatment": "The session covered patient history, risk factors, and plans for CBC, HPV testing, imaging, and MDT-driven management. The",
  "patient_concerns_preferences_consent": "Consent status: Consent provided; no explicit refusal noted. Patient will proceed with CBC and imaging as scheduled. MDT",
  "safety_issues_red_flags": "- Red flags to watch during this visit: - Persistent sore throat lasting >3 weeks - Hoarseness that",
  "coding_terms": "TNM staging, HPV status, CBC, imaging, FNAC, biopsy, MDT, prognosis, treatment pathway, cost, transport, home-based care,"
}