{
  "patient_identifiers": "Rahul Kumar (age 3 months) from Kolkata. No known allergies or infections noted. He has nocturnal cough, occasional wheezing at",
  "demographics": {
    "age": "The patient’s age is 3 months old.",
    "sex": "The patient’s gender is female."
  },
  "visit": {
    "date_time": "Friday, around 9:00 AM, patient Rahul was seen by doctor. The visit focused on confirming CF via Sweat Test, documenting",
    "type": "It was a follow-up visit focused on confirming CF via Sweat Test and discussing initial CF"
  },
  "chief_complaint": "Cough at night, nocturnal cough, and irregular neonatal stools are the primary CF-related symptoms prompting evaluation. The patient is 3",
  "onset_duration": "Rahul has had nocturnal cough since birth, occasional nighttime wheezing, and irregular neonatal stools. The cough worsens at night, and",
  "symptom_description": "Cough at night, slower-than-normal weight gain, irregular neonatal stools, nocturnal cough, intermittent wheeze, irregular stool patterns. These are key clues",
  "aggravating_factors": "Cough worsening at night, slower weight gain, and irregular neonatal stools are aggravating factors. The team emphasizes maintaining growth, nutrition,",
  "relieving_factors": "Cough relief: Chest physiotherapy (chest tapping) twice daily helps clear mucus; warm water gargles may be used cautiously. Saline nasal",
  "associated_symptoms": [
    "cough at night",
    "recurrent nighttime wheezing",
    "irregular neonatal stools",
    "slow weight gain",
    "diarrhea",
    "nasal congestion"
  ],
  "past_medical_history": "No prior medical history given. Focus shifts to presenting symptoms and planned diagnostics. No specific diagnoses mentioned yet. The dialogue",
  "past_surgical_history": "No surgical history was recorded during this dialogue. The focus was on CF-related symptoms, diagnostics, and",
  "family_history": "Family history was not explicitly provided in the dialogue. The conversation focused on presenting symptoms, initial",
  "current_medications": [
    "No medications listed yet. The conversation focuses on initial assessment and planning rather than current medications. Once medications are known, we’ll provide a clear"
  ],
  "allergies": "None of Rahul’s known allergies noted. He has no known",
  "social_history": "No smoking or alcohol use noted by the patient. The conversation does not include tobacco exposure or alcohol",
  "functional_status": "Short summary: - Patient: Rahul, 3 months old, presenting with nocturnal cough, intermittent wheezing, and irregular",
  "vital_signs": "- Respiratory rate: ~4 breaths/min; heart rate ~70 bpm; temperature ~36°C. - Vital signs were taken during the",
  "examination_findings": "Noisy cough, nocturnal cough, irregular neonatal stools, slow weight gain, low energy, oily stools, abdominal distension, fatigue, and",
  "investigations": [
    "Sweat Test planned",
    "genetic testing as backup if Sweat Test unavailable or negative. - Stool diaries started",
    "growth charts maintained. - TB/malnutrition screening considered if"
  ],
  "assessment_primary_diagnosis": "Primary diagnosis: Cystic fibrosis (CF). CF suspected based on nocturnal cough, irregular neonatal stools,",
  "differential_diagnoses": [
    "Cough variant: post-nutrition asthma/flutter",
    "recurrent pneumonia",
    "aspiration pneumonia",
    "foreign body inhalation",
    "dehydration",
    "malnutrition"
  ],
  "management_plan": "Short summary: - Key events and planned steps: - Start with Sweat Test to confirm CF. Genetic testing may be used if",
  "tests_referrals_planned": [
    "Sweat Test: Confirm CF by measuring chloride in sweat",
    "if unavailable, genetic testing may be used as a backup. - Genetic Testing: Consider if Sweat Test is negative or"
  ],
  "follow_up_plan": "- Follow-up plan based on Sweat Test results: - If Sweat Test is positive: begin CF-specific",
  "chronology_response_to_treatment": "The conversation focuses on a patient named Rahul who has been diagnosed with suspected CF by Sweat Test.",
  "patient_concerns_preferences_consent": "Cough, weight loss, nocturnal cough, irregular neonatal stools, birth date, vaccination history, current medications, and past antibiotic use.",
  "safety_issues_red_flags": "Red flags for CF-related symptoms include persistent cough, poor weight gain despite feeding attempts, and irregular neonatal stools.",
  "coding_terms": "Cough episode, nocturnal cough, weight loss, neonatal stool irregularity, Sweat Test, genetic testing, CF care pathway,"
}