{
  "patient_identifiers": "The patient’s name was not provided in the dialogue. The conversation focused on presenting symptoms and basic CF workup steps",
  "demographics": {
    "age": "The patient’s age is 3 months old.",
    "sex": "The patient’s gender is female. N/A if unknown."
  },
  "visit": {
    "date_time": "The visit occurred around mid-January 2025, with no specific date given. The discussion covers sweat testing readiness, documentation, and interim",
    "type": "Visit type: In-person consultation with possible telemedicine option. Parents brought birth certificate, weight chart, cough diary,"
  },
  "chief_complaint": "Cough since birth, poor weight gain, oily stools, intermittent wheeze, no fever, mild fatigue. No fever, no obvious infection. No",
  "onset_duration": "The cough has been present since birth, with worsening during nighttime and persisting through the day. There’s no specific timeline",
  "symptom_description": "Persistent cough, oily stools, slow weight gain, intermittent abdominal distension, occasional vomiting, mild fatigue. No fever or dehydration reported. These",
  "aggravating_factors": "Stress, inadequate hydration, insufficient calories, dehydration, infection, and environmental factors like dust or smoke. Regular intake of milk and other",
  "relieving_factors": "Cough relief strategies mentioned: humidified air, salt intake, hydration, gentle exercise, rest, and avoiding irritants. If symptoms worsen, seek prompt",
  "associated_symptoms": [
    "Persistent cough since birth",
    "poor weight gain",
    "oily stools or fat malabsorption",
    "intermittent diarrhea",
    "nasal congestion",
    "occasional wheeze"
  ],
  "past_medical_history": "Past medical history noted briefly: no prior CF diagnosis or tuberculosis (TB). The child has chronic cough since birth, slower-than-normal",
  "past_surgical_history": "Surgical history was not provided during this visit. The summary focuses on presenting symptoms, diagnostic plan,",
  "family_history": "Family history noted: The child has been born with persistent cough since birth, poor weight gain",
  "current_medications": [
    "No medications listed yet",
    "no medications were started today. The plan focuses on symptom monitoring, nutrition, and referral to sweat testing. If sweat testing"
  ],
  "allergies": "None of the children have known food allergies. They do",
  "social_history": "Social history includes tobacco use (cigarettes and hookah), alcohol consumption (2 drinks per day), and no smoking cessation",
  "functional_status": "- The summary highlights that the infant presented with chronic cough, poor weight gain, oily stools",
  "vital_signs": "- Weight: ~2 kg; height ~60 cm; daily intake ~500 g solids; no significant weight loss noted. -",
  "examination_findings": "- No clear CF-related findings were reported during the encounter. The child’s cough was described as persistent and",
  "investigations": [
    "Sweat chloride testing: primary diagnostic step",
    "if not available locally, proceed with symptom-based assessment and nutrition monitoring. - Genetic testing: considered if sweat"
  ],
  "assessment_primary_diagnosis": "Primary diagnosis: Cystic Fibrosis (CF). CF is suspected based on chronic cough, poor weight",
  "differential_diagnoses": [
    "CF-related conditions: cystic fibrosis, tuberculosis, malnutrition, infections",
    "N/A if no clear differential identified. - Other"
  ],
  "management_plan": "- CF suspicion: CF considered due to chronic cough, poor weight gain, oily stools, and slow growth; sweat chloride testing prioritized if",
  "tests_referrals_planned": [
    "Sweat chloride testing: primary test to confirm CF",
    "if unavailable locally, proceed with symptom-based assessment and nutrition monitoring. - Genetic testing: considered if sweat"
  ],
  "follow_up_plan": "- Follow-up plan: - Sweat test referral: arrange referral to a large center (CMC Vellore, AIIMS,",
  "chronology_response_to_treatment": "Patient profile summary: - Age: 3 months old. - Symptoms: Persistent cough since birth, worse at night; poor",
  "patient_concerns_preferences_consent": "- Patient background: 3-month-old male with chronic cough, poor weight gain, oily stools, and intermittent wheeze. Birth weight",
  "safety_issues_red_flags": "- Persistent cough, poor weight gain, oily stools, abdominal distension, recurrent infections, fatigue, worsening breathing, or new neurological",
  "coding_terms": "CF-related codes: CF-related code 240.15 (Cystic Fibrosis), CF-related code 278.15 (Cystic Fibrosis). CF-related code 240.15 is"
}