{
  "patient_identifiers": "The patient’s name was not provided in the summary. The conversation focused on CF evaluation and management, not on identifying",
  "demographics": {
    "age": "Reema is an infant aged about 8 months old. She has persistent nighttime cough, oily",
    "sex": "The patient’s gender is female. She is a 2-year-old girl."
  },
  "visit": {
    "date_time": "The visit occurred on October 15th, 2024, at 9:30 AM. It was a tele-visit focused on collecting growth data, feeding",
    "type": "The visit involved an in-person consultation focused on evaluating a child suspected of having cystic fibrosis"
  },
  "chief_complaint": "Reema presents with persistent nighttime cough since birth, poor weight gain, oily stools, and nocturnal cough episodes. These features raise",
  "onset_duration": "Symptoms started at birth with persistent night cough and oily stools. No definitive diagnosis yet. No definite time frame given",
  "symptom_description": "Reema presents with persistent nighttime cough, poor weight gain, oily stools, and nocturnal cough episodes. These features raise strong suspicion",
  "aggravating_factors": "Reema’s symptoms worsen at night and after meals, especially with heavy breathing or fever. She reports oily stools and poor",
  "relieving_factors": "Relief strategies mentioned include chest physiotherapy (CPT), nebulizer hygiene, hydration, and dietary adjustments. Regular CPT and good hydration are emphasized",
  "associated_symptoms": [
    "Persistent night cough",
    "fat-filled stools",
    "slow weight gain",
    "nocturnal cough episodes",
    "intermittent wheezing",
    "nasal congestion"
  ],
  "past_medical_history": "Reema’s past medical history was incomplete at this point. She had been referred for suspected CF by her mother. No",
  "past_surgical_history": "Reema’s surgical history is missing. No surgical history was provided. The summary focuses on presenting symptoms,",
  "family_history": "Reema’s family history indicates a family history of asthma in relatives, suggesting an increased risk for",
  "current_medications": [
    "Medications at last check: - Antifungal azoles: terbinafylline",
    "amphotericin B",
    "cabozofacin",
    "vorazole. - Antibiotics: ceftriaxone",
    "levofloxacin",
    "azithromycin"
  ],
  "allergies": "Reema’s allergy history was noted but not provided in detail.",
  "social_history": "Social history highlights include: - Tobacco exposure: Reema uses smokeless tobacco products (khaini/gutkha); occasional cigarette smoking; dual-use noted.",
  "functional_status": "Reema undergoes a structured evaluation for suspected cystic fibrosis (CF). Key findings include: - Persistent night",
  "vital_signs": "Reema’s vital signs at presentation: - Heart rate: 70 bpm - Respiratory rate: 25 breaths per minute -",
  "examination_findings": "Examination findings (summary): - No definitive diagnosis yet. Symptoms include persistent nighttime cough, poor weight gain, oily stools,",
  "investigations": [
    "Complete physical examination including auscultation of lungs and abdomen. - Chest X-ray (if indicated by exam findings). - Sweat test (primary diagnostic test)",
    "if local access"
  ],
  "assessment_primary_diagnosis": "Primary diagnosis: Cystic Fibrosis (CF). CF is suspected because of persistent night cough, oily",
  "differential_diagnoses": [
    "Chronic cough in infants: TB, pneumonia, cystic fibrosis (CF)",
    "tuberculosis can be mistaken for CF"
  ],
  "management_plan": "- Reema’s condition: Persistent night cough, poor weight gain, oily stools, suspected cystic fibrosis (CF). No prior CF diagnosis or genetic testing.",
  "tests_referrals_planned": [
    "Sweat test: primary diagnostic test",
    "if local access is limited, refer to larger centers. - Genetic screening: considered if Sweat Test is negative but symptomatic",
    "involve famil"
  ],
  "follow_up_plan": "- Follow-up plan after Sweat Test positive for CF: - Immediate action: Confirm CF by Sweat",
  "chronology_response_to_treatment": "The conversation describes an ongoing series of visits focused on evaluating a child suspected of having cystic fibrosis",
  "patient_concerns_preferences_consent": "Symptoms at presentation: Nighttime cough, poor weight gain, oily stools, nocturnal cough episodes. Diagnosis considerations: Persistent night cough,",
  "safety_issues_red_flags": "Red flags for CF-related symptoms include persistent night cough, oily stools, and failure to grow steadily over time.",
  "coding_terms": "Cystic_fibrosis, CF, genetic_testing, nutrition_optimization, chest_physiotherapy, tele-consult, growth_diary, sweat_test, CF_center, CF_registry, CF_dryer, CF_syringe, CF_care_tea"
}