{
  "patient_identifiers": "The patient's name was not explicitly stated in the conversation. The primary focus was on the child’s symptoms, CF suspicion,",
  "demographics": {
    "age": "The patient is 3 months old.",
    "sex": "The patient’s gender is female."
  },
  "visit": {
    "date_time": "The visit occurred around mid-January 2025, with Sweat Test scheduled for later in the week. The plan was to collect",
    "type": "It was an outpatient visit focused on collecting baseline data and preparing for Sweat Test, with"
  },
  "chief_complaint": "Persistent cough since birth, slow weight gain, oily stools, intermittent abdominal discomfort. The child has been referred for a Sweat",
  "onset_duration": "The patient has had persistent cough since birth, slow weight gain, and oily stools, suggesting ongoing respiratory symptoms and digestive",
  "symptom_description": "Persistent cough, slow weight gain, oily stools, intermittent abdominal discomfort, ongoing respiratory symptoms. These are core CF-related signs rather than",
  "aggravating_factors": "Fatigue, dehydration, poor appetite, weight loss, fever, breathing difficulties, and recurrent infections. These exacerbate CF-related lung involvement and overall health.",
  "relieving_factors": "Fat malabsorption, dehydration, poor weight gain, fatigue, and recurrent infections are common relief challenges for children with CF. Careful management",
  "associated_symptoms": [
    "Persistent cough since birth",
    "slow weight gain",
    "oily stools",
    "intermittent abdominal discomfort",
    "no fever",
    "no other major illness reported. These features strongly suggest CF rath"
  ],
  "past_medical_history": "No prior medical history recorded. The focus is on current symptoms, diagnostic plan, and management for a child with suspected",
  "past_surgical_history": "Surgical history was not provided in the conversation. The patient’s primary concern was CF-related symptoms and",
  "family_history": "Family history indicates a known carrier mother and an unknown father, suggesting a possibility of CF",
  "current_medications": [
    "No medications listed yet",
    "no medications were prescribed yet. The plan focuses on Sweat Test, nutrition, and follow-up rather than medication lists. Once Sweat"
  ],
  "allergies": "None of the patient’s known allergies were listed. The conversation",
  "social_history": "Social history includes tobacco use (cigarettes and hookah), alcohol consumption (2–3 drinks per week), and no smoking cessation",
  "functional_status": "The summary highlights the core CF-focused plan for a 3-month-old infant with chronic cough, slow weight",
  "vital_signs": "Weight: ~2 kg; height ~60 cm; abdomen slightly distended; no severe distress; overall stable. No fever or dehydration",
  "examination_findings": "No clear examination findings were reported in the dialogue. The focus was on CF suspicion, Sweat Test logistics,",
  "investigations": [
    "Sweat test, CBC, chest X-ray, imaging as indicated, genetic testing, nutrition plan, PERT initiation, infection prevention measures, caregiver training, and ongoing follow-up. No s"
  ],
  "assessment_primary_diagnosis": "Primary diagnosis: Chronic respiratory symptoms and growth concerns suggestive of cystic fibrosis (CF). CF",
  "differential_diagnoses": [
    "TB, malnutrition, infectious diarrhea, other gastrointestinal causes",
    "CF remains the primary differential until Sweat test confirms"
  ],
  "management_plan": "- Start with Sweat Test first, then consider genetic testing if needed; start with weight and feeding diary; arrange referral letters and",
  "tests_referrals_planned": [
    "Sweat test, CBC, chest X-ray, imaging as needed, genetic testing, nutrition plan, PERT initiation, referral letters, Sweat test date, referral letter, weight chart, diary, hydratio"
  ],
  "follow_up_plan": "Follow-up plan includes: - Continue weight and feeding diary; monitor stool oiliness and frequency. - Maintain",
  "chronology_response_to_treatment": "The conversation covers a patient with suspected cystic fibrosis (CF) in Kolkata who has ongoing cough, slow weight",
  "patient_concerns_preferences_consent": "Symptoms: Persistent cough since birth, slow weight gain, oily stools, intermittent abdominal discomfort. No fever or night sweats",
  "safety_issues_red_flags": "Red flags for CF-related symptoms in infants include persistent cough, poor weight gain, oily stools, and recurrent infections",
  "coding_terms": "CF, CF screening, Sweat test, carrier testing, nutrition, infection prevention, vaccination, genetic counseling, social work support,"
}