{
  "patient_identifiers": "The patient’s name was not provided in the dialogue. The conversation focused on presenting symptoms and initial assessment rather than",
  "demographics": {
    "age": "The patient is 4 months old.",
    "sex": "The patient’s gender is female. N/A if unknown."
  },
  "visit": {
    "date_time": "The visit occurred around mid-January 2025, with the exact date not provided. The discussion covers the initial CF-suspicion assessment, sweat",
    "type": "It was an outpatient visit focused on confirming CF by performing a sweat chloride test. The"
  },
  "chief_complaint": "Cough that worsens at night, nasal discharge, poor weight gain, and lack of fever or marked weight loss. These features",
  "onset_duration": "Cough has persisted since birth, with nasal drainage and poor weight gain. No fever or marked weight loss noted yet.",
  "symptom_description": "Persistent cough, nasal discharge, slow weight gain, oily stools, intermittent vomiting, occasional diarrhea, mild fatigue, normal appetite. No fever or",
  "aggravating_factors": "Cough, nasal congestion, fatigue, weight loss, and poor appetite can exacerbate CF symptoms. These factors should be monitored and discussed",
  "relieving_factors": "Chest physiotherapy, saltwater gargles, gentle hydration, and balanced nutrition. Avoid irritants like spicy foods. Ensure adequate hydration and electrolyte balance.",
  "associated_symptoms": [
    "Persistent cough since birth",
    "nasal discharge",
    "slow weight gain",
    "oily stools",
    "intermittent wheezing",
    "occasional vomiting"
  ],
  "past_medical_history": "No prior medical history provided. The focus is on presenting symptoms, diagnostic plan, and initial management rather than historical details.",
  "past_surgical_history": "Surgical history was not provided in the dialogue. The focus was on presenting symptoms, diagnostic plan,",
  "family_history": "Family history was not provided in the dialogue. The clinician noted that if CF is confirmed,",
  "current_medications": [
    "Semopthone: None known currently",
    "CF-specific medications may be added later if needed. If any new meds arise, we’ll update the list promptly. We’ll"
  ],
  "allergies": "None of the child has known food allergies. The child’s",
  "social_history": "Social history: The mother reports occasional tobacco use (smoking) and alcohol consumption. There’s no confirmed history of tobacco",
  "functional_status": "Symptoms noted: persistent cough, nasal discharge, poor weight gain, intermittent vomiting, abdominal distension, fatigue, and occasional",
  "vital_signs": "Weight: ~6 kg; Height: ~50 cm; Head circumference: ~32 mm. No recent weight loss noted. Overall growth profile",
  "examination_findings": "No exam was conducted. The dialogue focuses on presenting symptoms and potential CF diagnosis, without any specific physical",
  "investigations": [
    "Sweat chloride test: primary confirmatory test for CF",
    "scheduled if local access is limited. - Chest X-ray: may be used to assess lung involvement when needed. - Nutrition: high"
  ],
  "assessment_primary_diagnosis": "Primary diagnosis: Chronic cough and poor weight gain suggestive of cystic fibrosis (CF). CF",
  "differential_diagnoses": [
    "Cystic Fibrosis (CF): CF is a genetic condition that can be inherited. Other possibilities include tuberculosis-like"
  ],
  "management_plan": "- Management plan for suspected CF in a 4-month-old: - Confirm diagnosis via sweat chloride testing; prioritize local testing if possible; refer",
  "tests_referrals_planned": [
    "Sweat chloride test: primary confirmatory test for CF",
    "ideally done at a major center but can be arranged locally if possible. - Genetic testing: considered after sweat test if"
  ],
  "follow_up_plan": "- Follow-up plan after sweat test result: - If sweat test is positive: start multidisciplinary CF",
  "chronology_response_to_treatment": "The dialogue outlines a stepwise plan for evaluating a child for cystic fibrosis (CF), focusing on initial assessment,",
  "patient_concerns_preferences_consent": "Cough since birth, poor weight gain, nasal discharge, intermittent vomiting, no fever, no obvious malabsorption signs. No prior",
  "safety_issues_red_flags": "Red flags for CF include persistent cough, poor weight gain, nasal discharge, and recurrent pneumonia despite adequate nutrition.",
  "coding_terms": "CF diagnosis: CF is confirmed by sweat chloride testing. The primary next step after confirmation is"
}