{
  "patient_identifiers": "The patient’s name was not explicitly stated in the dialogue. The conversation focused on presenting symptoms, diagnostic plan, interim care,",
  "demographics": {
    "age": "The patient’s age is 4 years old.",
    "sex": "The patient’s gender is male. No explicit mention of gender"
  },
  "visit": {
    "date_time": "The visit occurred sometime between October 1st and November 3rd, depending on dates noted earlier. The exact date wasn't specified",
    "type": "The visit was an outpatient consultation focused on confirming CF via sweat testing and establishing a"
  },
  "chief_complaint": "Persistent cough since birth, slower weight gain, intermittent nocturnal breathing difficulty, oily stools, no fever, and fatigue. No acute distress",
  "onset_duration": "The cough has been present since birth, with worsening at night and intermittent wheezing. No specific date given yet. The",
  "symptom_description": "Persistent cough since birth, slower-than-normal weight gain, intermittent wheeze at night, oily stools, no fever, mild fatigue. No clear diagnosis",
  "aggravating_factors": "Fatigue, dehydration, fever, worsening cough, breathing difficulty, weight loss, fatigue, dehydration, fever, worsening cough, breathing difficulties, weight loss, fatigue, dehydra",
  "relieving_factors": "Fatigue, dehydration, dry mouth, thirst, fatigue after meals, weight loss, breathing difficulties, fever, irritability, poor appetite, vomiting, diarrhea, dehydration signs,",
  "associated_symptoms": [
    "Persistent cough since birth",
    "nocturnal worsening",
    "intermittent wheezing",
    "slower-than-normal weight gain",
    "oily stools",
    "fatigue"
  ],
  "past_medical_history": "Past medical history was limited. No specific diagnoses were made yet. The focus was on presenting symptoms and planned investigations",
  "past_surgical_history": "No surgical history was recorded for this case. The focus was on presenting symptoms, diagnostic steps,",
  "family_history": "Ravi’s family history includes a known relative with suspected CF, which raises suspicion for CF. There",
  "current_medications": [
    "Nebulizer inhaler",
    "Pancreatic enzymes (Panlipase, Enzar Forte)",
    "Antibiotics (ciprofloxacin, azithromycin)",
    "Antihistamines (loratadine)",
    "Vitamin D supplementation",
    "Iron"
  ],
  "allergies": "None of the patient has known food allergies or severe",
  "social_history": "- Social history: No tobacco exposure reported; alcohol consumption limited to 2 drinks per day; no heavy smoking",
  "functional_status": "- Ravi has been diagnosed with suspected CF. The plan includes a sweat test to confirm",
  "vital_signs": "- Age: 4 years old. - Weight: stable, no rapid change noted. - Height: stable, no significant changes.",
  "examination_findings": "- No exam was performed here. The dialogue describes CF-focused evaluation and management planning rather than presenting physical",
  "investigations": [
    "Sweat test: Confirmatory step for CF",
    "if local labs unavailable, refer to larger centers like AIIMS, PGI Chandigarh. - CBC: Routine blood count to assess general health. - Fat"
  ],
  "assessment_primary_diagnosis": "Primary diagnosis: Cystic Fibrosis (CF). The patient presents with chronic cough, slower-than-normal weight gain,",
  "differential_diagnoses": [
    "TB vs CF: TB can cause similar symptoms and requires specific tests (TB culture, sputum"
  ],
  "management_plan": "- CF confirmation via sweat test, followed by nutrition-focused management (high-calorie diet, fat-soluble vitamins, hydration, electrolytes). - Initiate airway clearance therapies",
  "tests_referrals_planned": [
    "Sweat test: Confirm CF",
    "refer to nearby labs if local testing unavailable. - CBC: Routine blood count",
    "helps assess general health and inflammation. - Fat analysis: Measure fat a"
  ],
  "follow_up_plan": "- Follow-up plan based on Sweat Test result: - If Sweat Test confirms CF: - Initiate",
  "chronology_response_to_treatment": "- The dialogue describes a patient named Ravi who presents with chronic cough, slower weight gain, and fatigue.",
  "patient_concerns_preferences_consent": "- Patient concerns: CF suspicion raised due to chronic cough, slower weight gain, and fatigue. No fever reported.",
  "safety_issues_red_flags": "- Persistent cough, weight loss, rapid breathing, fever, abdominal pain, or worsening fatigue should prompt urgent evaluation. These",
  "coding_terms": "CF, CF-related disease, CF-related issues, CF-related symptoms, CF-related risk factors, CF-related diagnostics, CF-related management, CF-related genetics,"
}