{
  "patient_identifiers": "The patient's name was not explicitly stated in the dialogue. The conversation focused on presenting symptoms and identifying CF-related signs",
  "demographics": {
    "age": "The patient is 8 months old.",
    "sex": "The patient is female."
  },
  "visit": {
    "date_time": "The visit occurred sometime around mid-January 2025, but exact date wasn't specified. The dialogue mentions that it was during the",
    "type": "It was a clinic-based visit focused on evaluating symptoms and preparing for sweat testing or genetic"
  },
  "chief_complaint": "Persistent night-time cough, oily stools, slower-than-expected weight gain, and intermittent wheezing. These features raise suspicion for cystic fibrosis. The main",
  "onset_duration": "The nocturnal cough started around night 1, and oily stools began after birth. The exact duration wasn't specified in the",
  "symptom_description": "Persistent nocturnal cough, oily stools, slower-than-normal weight gain, intermittent wheezing, occasional fever, mild fatigue. These features suggest CF suspicion but",
  "aggravating_factors": "Oily stools, delayed growth, fatigue, recurrent infections, and worsening breathlessness during colds/aggravating weather.",
  "relieving_factors": "The main relief strategies mentioned are: 1) Nutrition: high-calorie foods like ghee, paneer, nuts, jaggery, and sweetened drinks can help",
  "associated_symptoms": [
    "Persistent night-time cough",
    "oily stools",
    "slower-than-normal weight gain",
    "intermittent wheeze",
    "diarrhea",
    "abdominal distension"
  ],
  "past_medical_history": "Past medical history was not documented. The team will gather this information during the intake phase when available. If no",
  "past_surgical_history": "Surgical history was not documented during this visit. The team focused on presenting symptoms and arranging",
  "family_history": "Family history was not explicitly recorded by the team. The dialogue focuses on presenting symptoms, diagnostic",
  "current_medications": [
    "Semopthone antibiotics: amoxicillin",
    "levocetrizine",
    "azithromycin",
    "ceftriaxone",
    "vancomycin",
    "metronidazole"
  ],
  "allergies": "None of the children have known food allergies. They do",
  "social_history": "Social history includes tobacco use (smoking and smokeless products) and alcohol intake. The health worker notes that these",
  "functional_status": "- Reena is 8 months old with nocturnal cough, slower weight gain, oily stools, and no",
  "vital_signs": "- Weight: ~6 kg; height ~70 cm; age ~8 months. - Respiratory rate: normal during daytime but more",
  "examination_findings": "Noisy nighttime cough, oily stools, slower-than-normal weight gain, no fever, normal heart rate. These features strongly suggest cystic",
  "investigations": [
    "Sweat test",
    "genetic screening",
    "stool fat analysis",
    "imaging (CT/MRI)",
    "nutritional evaluation",
    "nutritionist consultation"
  ],
  "assessment_primary_diagnosis": "Primary diagnosis: Cystic Fibrosis (CF). CF is suspected due to nocturnal cough, poor weight",
  "differential_diagnoses": [
    "Chronic cough without fever or other signs may indicate tuberculosis (TB). TB can mimic CF"
  ],
  "management_plan": "- Reena undergoes sweat testing and genetic screening to confirm CF. If CF is confirmed, nutrition and respiratory therapies will be initiated;",
  "tests_referrals_planned": [
    "Sweat test: planned at nearest major hospital",
    "if unavailable, refer to regional center",
    "obtain detailed growth chart and stool diary",
    "consider interim genetic screening if sweat"
  ],
  "follow_up_plan": "- Follow-up plan after sweat test confirms CF: - Start nutrition-focused CF care: high-calorie formula, fat-soluble",
  "chronology_response_to_treatment": "The dialogue follows a structured sequence of questions and responses focused on evaluating a child named Reena for",
  "patient_concerns_preferences_consent": "- Reena presents with nocturnal cough, poor weight gain, and oily stools suggestive of cystic fibrosis (CF). She",
  "safety_issues_red_flags": "- Persistent or worsening night cough, poor weight gain despite feeding, oily stools, recurrent pneumonia-like episodes, rapid breathing",
  "coding_terms": "Cystic_fibrosis, CF, genetic_testing, sweat_test, nutrition, airway_care, antibiotics, vaccination_schedule, CF_registry, telemedicine, subsidies, diaries, growth_chart, stool_diar"
}