{
  "patient_identifiers": "Aniti, six-month-old, presenting with chronic cough, poor weight gain, and oily stools suggestive of CF. No fever or chest findings",
  "demographics": {
    "age": "Aniti is about six months old.",
    "sex": "The patient’s gender is female."
  },
  "visit": {
    "date_time": "The visit occurred around mid-January 2025, with follow-ups planned over the coming days. The exact date wasn't given in the",
    "type": "It was a follow-up visit focused on confirming CF suspicion through Sweat test and collecting detailed"
  },
  "chief_complaint": "Persistent cough since birth, poor weight gain, oily stools suggestive of fat malabsorption. No fever or chest findings yet. CF",
  "onset_duration": "Aniti's cough started soon after birth and worsened at night. There was slow weight gain despite adequate feeding. No fever",
  "symptom_description": "Persistent cough, poor weight gain, oily stools, intermittent diarrhea, nocturnal cough, mild breathing difficulty. No fever or chest findings yet.",
  "aggravating_factors": "Stress, inadequate sleep, dehydration, and fatigue can exacerbate CF symptoms. Keeping hydrated, getting enough rest, avoiding irritants, and managing stress",
  "relieving_factors": "Staying hydrated, eating small frequent meals, avoiding irritants, and getting enough sleep. If symptoms worsen, contact the clinic promptly.",
  "associated_symptoms": [
    "Stool oily/green/yellow",
    "abdominal distension",
    "fatigue",
    "reduced appetite",
    "weight loss",
    "coughing"
  ],
  "past_medical_history": "No prior medical history noted. The focus is on presenting symptoms and planned diagnostics for suspected CF. No specific past",
  "past_surgical_history": "No prior surgery was performed. The patient’s condition is being evaluated through symptom assessment and planned",
  "family_history": "Family history includes a known CF carrier in the mother, suggesting that both parents could be",
  "current_medications": [
    "Semiprecious medications: Pancreatic enzyme replacement therapy (Panlipase, Enzar Forte)",
    "Antibiotics when infection risk increases",
    "Antacids for heartburn",
    "Vitamin D supplementa"
  ],
  "allergies": "Aniti does not have known food allergies. She reports occasional",
  "social_history": "Aniti’s mother reports tobacco use (smoking) and alcohol consumption, which raises concerns for lung health and potential impact",
  "functional_status": "Aniti presents with chronic cough, poor weight gain, and oily stools suggestive of CF. Sweat chloride",
  "vital_signs": "Age: ~6 months; birth weight: 3.2 kg; current weight: 5.0 kg; growth trend: stable; appetite unchanged; stool oily/bulky;",
  "examination_findings": "Aniti’s presentation includes persistent cough, poor weight gain, and oily stools suggestive of fat malabsorption. No fever or",
  "investigations": [
    "Sweat chloride testing planned",
    "genetic testing considered if Sweat testing unavailable locally. - Stool analysis considered to distinguish CF from malabsorption. - Chest imaging"
  ],
  "assessment_primary_diagnosis": "Primary diagnosis: Cystic Fibrosis (CF). Confirmation depends on Sweat chloride testing and possibly genetic",
  "differential_diagnoses": [
    "Stools oily/green stools",
    "diarrhea",
    "abdominal distension",
    "vomiting",
    "dehydration",
    "fatigue"
  ],
  "management_plan": "- An early CF-focused plan for Aniti includes: - Sweat chloride testing as the primary confirmatory test. - Genetic testing if Sweat",
  "tests_referrals_planned": [
    "Sweat chloride testing",
    "genetic testing",
    "stool analysis",
    "chest imaging",
    "blood tests",
    "microbiology cultures"
  ],
  "follow_up_plan": "- Follow-up plan includes scheduling Sweat test at a nearby hospital when feasible, with backup options",
  "chronology_response_to_treatment": "Aniti’s mother reports a persistent cough since birth, poor weight gain despite adequate feeding, and oily stools suggesting",
  "patient_concerns_preferences_consent": "Aniti’s concerns: cough since birth, poor weight gain, oily stools, intermittent wheezing, and fatigue. No fever or chest",
  "safety_issues_red_flags": "- Persistent cough, poor weight gain, oily stools, abdominal distension, recurrent vomiting, dehydration, rapid breathing, or worsening fatigue.",
  "coding_terms": "CF, CF screening, Sweat test, genetic testing, carrier testing, stool fat analysis, nutrition, chest physiotherapy, infection"
}