{
  "patient_identifiers": "The patient's name was not explicitly stated in the dialogue. The conversation focused on presenting symptoms and basic CF-related risk",
  "demographics": {
    "age": "The patient is 4 months old.",
    "sex": "The patient’s gender is female."
  },
  "visit": {
    "date_time": "The visit occurred around mid-January 2025, with specific dates and times depending on when the conversation started. The exact date",
    "type": "Visit type: In-person assessment with possible telemedicine consultation based on location and availability. If travel is"
  },
  "chief_complaint": "Cough that started early and worsened at night, slow weight gain, oily/steaky stools, intermittent chest sounds, and possible recurrent episodes",
  "onset_duration": "Cough has been present since birth, with nocturnal episodes and slow weight gain. No fever reported. The pattern suggests chronic",
  "symptom_description": "Cough persistently, nocturnal cough, slow weight gain, oily/steamy stools, intermittent chest sounds, mild fatigue. No fever. N/A if no specific",
  "aggravating_factors": "Stools becoming greasier/fatier, persistent cough, slow weight gain, nasal congestion, and recurrent ear infections. These can worsen airway inflammation and",
  "relieving_factors": "Staying hydrated, eating high-calorie foods, avoiding irritants, good sleep hygiene, and gentle physical activity can help relieve symptoms during CF",
  "associated_symptoms": [
    "Persistent cough, nocturnal breathlessness, slow weight gain",
    "oily/steamy stools",
    "intermittent chest congestion",
    "occasional wheeze",
    "poor appetite",
    "bulky, foul-smelling stools"
  ],
  "past_medical_history": "Past medical history was limited. The child presented with persistent cough, nocturnal breathing issues, and slow weight gain. There were",
  "past_surgical_history": "Surgical history was not documented by the patient/family during the visit. The dialogue focuses on presenting",
  "family_history": "Family history was not provided by the patient. The clinician asked for details such as whether",
  "current_medications": [
    "Medications currently being used by the child: 1) Pancreatic enzyme replacement therapy (PERT): generic enzymes such as Panlipase or Enzar Forte",
    "dose determined by"
  ],
  "allergies": "Allergies: None known. N/A.",
  "social_history": "Social history includes tobacco use (smoking and smokeless products) and alcohol consumption. The patient’s father has been smoking",
  "functional_status": "- The patient is an infant aged ~4 months with persistent cough, nocturnal breathing issues, and",
  "vital_signs": "O2 saturation, temperature, heart rate, and blood pressure are vital signs to monitor during CF screening. These can",
  "examination_findings": "Noisy cough, poor weight gain, oily stools, intermittent chest sounds, normal heart rate, no fever. No definitive diagnosis",
  "investigations": [
    "Sweat test scheduled today",
    "referral letter prepared",
    "transportation subsidy sought",
    "CF questionnaire completed",
    "growth chart started",
    "nutrition plan finalized"
  ],
  "assessment_primary_diagnosis": "Primary diagnosis: Cystic Fibrosis (CF). Confirmation via sweat test is essential. If CF is",
  "differential_diagnoses": [
    "TB, malnutrition, infectious diarrhea, vitamin deficiencies, foreign body aspiration, allergic reaction, etc",
    "CF remains the"
  ],
  "management_plan": "- Summary of CF-focused management plan for an infant with suspected CF: - Symptom pattern and diagnosis: - Persistent cough, nocturnal breathing",
  "tests_referrals_planned": [
    "Sweat test scheduled today",
    "refer to major center if local access unavailable. - Chest X-ray considered if lung signs warrant. - Genetic counseling and carrier screening discusse"
  ],
  "follow_up_plan": "- Follow-up plan includes: - Regular weigh-in and height measurements every two weeks to monitor growth.",
  "chronology_response_to_treatment": "Summarized highlights: - Symptom pattern and diagnosis context - Persistent cough, nocturnal breathing issues, slow weight gain, oily/stool",
  "patient_concerns_preferences_consent": "- Summarizing the patient’s concerns and consent: Patient background: A four-month-old girl living in Kolkata with a history",
  "safety_issues_red_flags": "Red flags for CF screening: - Persistent cough, especially at night. - Slow weight gain despite good appetite.",
  "coding_terms": "Cystic_fibrosis, CF, dehydration, nutrition, airway clearance, chest physiotherapy, antibiotics, genetic counseling, supportive care, vaccination, financial aid,"
}