{
  "patient_identifiers": "The patient's name was not explicitly given in the dialogue. The conversation focused on presenting symptoms and potential CF diagnosis",
  "demographics": {
    "age": "The patient is 6 months old.",
    "sex": "The patient is female. N/A."
  },
  "visit": {
    "date_time": "The visit occurred around mid-January 2025, when the dialogue began. The exact date wasn't given, so I'll just say \"January",
    "type": "It was a telemedicine consultation focused on confirming CF suspicion and setting up a structured workup."
  },
  "chief_complaint": "Persistent cough since birth, poor weight gain, and intermittent diarrhea. No fever or chest findings noted yet. The main concern",
  "onset_duration": "Cough has been present since birth, with worsening at night and slow weight gain. No fever or chest findings yet.",
  "symptom_description": "Persistent cough, poor weight gain, intermittent diarrhea, oily stools, possible abdominal distension, mild fatigue. No fever or chest findings noted",
  "aggravating_factors": "Fat malabsorption, dehydration, poor lung function, fatigue, and recurrent infections.",
  "relieving_factors": "Cough relief, hydration, balanced nutrition, and gentle physical activity. Avoid irritants like smoke and dust. Maintain good oral hygiene. Ensure",
  "associated_symptoms": [
    "Cough: Persistent, worsens at night",
    "variable severity",
    "intermittent wheezing",
    "no fever or chest findings yet. Stool: Fat malabsorption noted",
    "oily stools",
    "possible steatorrhea"
  ],
  "past_medical_history": "Past medical history was limited. The patient was noted to be six months old with persistent cough since birth, slower",
  "past_surgical_history": "Sweat test was performed to confirm CF. Results were pending when next visit. No surgery planned",
  "family_history": "Family history was unclear. No specific CF-related risk factors were reported. The next step would be",
  "current_medications": [
    "Nebulizer inhaler",
    "antibiotics",
    "pancreatic enzyme replacement",
    "vitamin supplements",
    "antacids",
    "thyroid hormone"
  ],
  "allergies": "None of the children had known food allergies or other",
  "social_history": "- Social history notes that the mother has smoked tobacco products before pregnancy and continues smoking during breastfeeding.",
  "functional_status": "- The summary captures the core events from the dialogue: - Key events: - Infant presenting",
  "vital_signs": "- Temperature: ~37°C; heart rate normal; breathing steady. - Weight trend: stable over recent weeks; appetite unchanged. -",
  "examination_findings": "- No exam was conducted. The dialogue describes a CF-focused evaluation process rather than presenting actual physical findings",
  "investigations": [
    "Sweat chloride test (primary diagnostic step) - Chest X-ray (to assess lung involvement) - Growth measurements (weight-for-age, height-for-age, BMI) - Blood tests (CBC, liver fun"
  ],
  "assessment_primary_diagnosis": "Primary diagnosis: Cystic Fibrosis (CF). CF is suspected based on chronic cough, poor weight",
  "differential_diagnoses": [
    "Cystic Fibrosis (CF): CF is a genetic disorder that affects lung function and digestion. Other possibilities"
  ],
  "management_plan": "- Management plan based on CF suspicion: - Confirm diagnosis via sweat testing; if unavailable, rely on symptom logs and growth data.",
  "tests_referrals_planned": [
    "Sweat test",
    "referral to major center (AIIMS, PGI Chandigarh)",
    "obtain results within a few days. - Chest X-ray",
    "consider if lung involvement is suspected. - Blood tests",
    "CBC, live"
  ],
  "follow_up_plan": "- Follow-up plan based on Sweat Test results: - If Sweat Test confirms CF: - Start",
  "chronology_response_to_treatment": "The dialogue follows a structured sequence of questions and responses focused on evaluating a 6-month-old infant with chronic",
  "patient_concerns_preferences_consent": "Cough from birth, slow weight gain, possible fat malabsorption signs, no fever, no chest sounds, no fever, no",
  "safety_issues_red_flags": "- Persistent cough since birth, poor weight gain, oily stools, recurrent infections, nasal congestion, wheezing, or breathing difficulties.",
  "coding_terms": "Cystic_fibrosis, CF, sweat_test, genetic_counseling, nutrition, airway_management, supportive_lifestyle, referral_to_major_hospital, followup_schedule, cost_scholarship, caregiver_"
}