{
  "patient_identifiers": "The patient's name was not provided in the dialogue. The primary focus was on CF screening and management rather than",
  "demographics": {
    "age": "The patient is 4 months old.",
    "sex": "The patient is female."
  },
  "visit": {
    "date_time": "The visit occurred around mid-January 2025, with no specific date given. The family was preparing for sweat testing and had",
    "type": "Visit type: In-person consultation with possible telemedicine option. Parents will bring a home diary and any"
  },
  "chief_complaint": "Persistent cough, poor weight gain, oily stools, and intermittent abdominal distension since birth. The primary concern is suspected cystic fibrosis",
  "onset_duration": "The cough has persisted since birth, but there is no specific timeline given here. The diary will help track progression",
  "symptom_description": "Persistent cough, poor weight gain, oily stools, intermittent abdominal distension, no fever or night sweats. These are key clues leading",
  "aggravating_factors": "Stress, diet, infections, dehydration, and inadequate sleep can exacerbate CF symptoms. Regular intake of milk, fats, and essential nutrients helps",
  "relieving_factors": "Fat malabsorption, dehydration, fatigue, and poor appetite are common CF-related issues that can affect quality of life. Nutrition optimization, hydration,",
  "associated_symptoms": [
    "Persistent cough, poor weight gain, oily stools, intermittent abdominal distension, diarrhea intermittently, nasal congestion, wheeze, fatigue, recurrent infections, and family h"
  ],
  "past_medical_history": "No prior medical history provided. The focus is on current symptoms, diagnostic plan, and planned management for suspected CF in",
  "past_surgical_history": "No surgical history provided. The summary will focus on CF-related symptoms, diagnostics, and management rather than",
  "family_history": "Family history was not provided in the dialogue. The clinician noted that if CF is suspected,",
  "current_medications": [
    "Medications listed today: None known currently",
    "no medications prescribed yet. The team will determine which medications might be needed later based on symptoms and"
  ],
  "allergies": "None of the children have known food allergies. They will",
  "social_history": "Social history includes tobacco use (smoking and smokeless), alcohol consumption, and family smoking history. The patient reports occasional",
  "functional_status": "Summary of key events, symptoms, diagnostics, and planned management: - Presenting symptoms and risk factors -",
  "vital_signs": "- Weight: ~2 kg; height ~60 cm; no major weight loss noted yet. - Feeding: milk intake stable;",
  "examination_findings": "No exam was conducted. The dialogue centers on CF screening and management planning rather than specific physical findings.",
  "investigations": [
    "CBC and LFTs planned today",
    "chest X-ray if suspected infection",
    "stool fat analysis if pancreatic enzymes are being used",
    "stool fat analysis if pancreatic enzymes are prescribed"
  ],
  "assessment_primary_diagnosis": "Primary diagnosis: Cystic Fibrosis (CF). The patient presents with chronic cough, poor weight gain,",
  "differential_diagnoses": [
    "CF-related differential: cystic fibrosis, tuberculosis, malnutrition, other respiratory infections. - Malnutrition: low weight, poor appetite"
  ],
  "management_plan": "- Diagnosed CF suspected; sweat testing planned; diary maintained; no definitive diagnosis yet. - Nutrition: high-calorie diet; fat-soluble vitamins D/E; pancreatic enzymes",
  "tests_referrals_planned": [
    "Sweat test: confirmatory step",
    "if unavailable, proceed with interim monitoring. - Genetic testing: considered if sweat test is negative but family history suggests risk. - Imagin"
  ],
  "follow_up_plan": "Follow-up plan includes: - Continue the home diary: keep track of cough pattern, feeding amount, stool",
  "chronology_response_to_treatment": "Patient follows up today with diary updates and plans sweat testing referral. Diary includes daily intake, stool color/consistency,",
  "patient_concerns_preferences_consent": "- The patient reports coughing since birth, poor weight gain, oily stools, and intermittent abdominal distension. There is",
  "safety_issues_red_flags": "Red flags for CF screening in this context: - Persistent cough, especially worse at night or early morning.",
  "coding_terms": "CF: cystic fibrosis; CF-related symptoms; sweat test as primary diagnostic step; genetic counseling recommended; carrier testing"
}