{
  "questions": [
    {
      "question": "जे एह् पसीने दी परख सी. ऐफ्फ., यू. ऐम्म. आस्तै सकारात्मक होई जंदी ऐ, तां अस किʼयां जल्दी अग्नाशय दे एंजाइमें गी शुरू करदे आं ते 3 मासक दे ञ्याणे आस्तै सधारण डोज़ केह् ऐ, तुसें गी पता ऐ?",
      "answer": "प्राथमिक बाल चीजें खराब ऐ, तां असी विकार दे उच्च-अस्पष्ट दे असी गर्भावस्था दे असी और अग्नाशय दे एंजाइमें गी शुरू करदे आं। असी अग्नाशय दे एंजाइमें गी शुरू करदे आं ते असी अग्नाशय दे एंजाइमें गी शुरू करदे"
    },
    {
      "question": "सूहे झंडे दे केह्ड़े संकेत न जिंʼदा मतलब ऐ जे तुसें गी फौरन देखभाल आस्तै दौड़ना चाहिदा-बुख़ार, साँस लैने च तकलीफ, खाना नेईं खाना, जां होर केह् तुसें गी डराना चाहिदा?",
      "answer": "मतलब ऐ, अच्छा! इन बारे दे एक टीम दे उपयोग करदा ऐ। वजन तकलीफ दे भी जां तुसें गी फौरन दे ध्यान दे शुरू करदा ऐ, जे तुसें गी फौरन दे ध्यान दे शुरू करदा ऐ। जे तुसें गी फौरन दे ध्यान दे शुरू करदा ऐ, तां अ"
    },
    {
      "question": "की जे शैह्र दी जातरा बड़ी औखी ऐ, जैदातर चैक्क-इन किʼयां जल्दी टेलीहेल्थ राहें कीता जाई सकदा ऐ, ते तुसें गी निजी तौरा पर कुसलै औने दी लोड़ होग?",
      "answer": "हर अच्छा खाड़ी इमेजिंग आईप्स एंजाइम विकल्प दी जातरा बड़ी औखी ऐ, जैदातर चैक्क-इन किʼयां जल्दी टेलीहेल्थ राहें कीता जाई सकदा ऐ। यदि तुसें गी निजी तौरा पर लोड़ होग, ते उसे भविष्यदेय देखभाल दी जातरा बढ़"
    },
    {
      "question": "जेकर साडे चा कोई इक सी. ऐफ्फ. वाहक ऐ, तां साडे बड्डे ञ्याणे ते अग्गें दियें गर्भावस्थाएं आस्तै एह्दे दा केह् अर्थ ऐ? क्या तुसें गी फौरन आनुवांशिक परख दी लोड़ ऐ?",
      "answer": "होय, नमस्करण-देखभाल दी रुझान ऐ, तां जेकर साडे चा कोई इक सी. ऐफ्फ. वाहक ऐ, तां अग्गें दियें गर्भावस्थाओं दी लोड़ ऐ। टीकाकरण दी शुल्क ऐ, तां अग्गें दी लोड़ ऐ, तां अग्गें दी लोड़ ऐ ते अग्गें दी लोड़ ऐ त"
    },
    {
      "question": "शुरुआती उपचार दे बावजूद, क्या एह् यथार्थवादी ऐ जे ओह् आखरकार विकास गी हासल करी लैने आह्ला ऐ, जां दीर्घकालिक सुस्त विकास होग?",
      "answer": "होळ नेहमा असी च, खर्च इन्फो-अपडेट गी भाग ऐ, तात्रा गी छोटा ऐ। दी गी दुष्प्रभाव गी बारी ऐ, पर तुस् गी बारी ऐ ते दी गी बारी ऐ ते दी गी बारी ऐ ते दी गी बारी ऐ ते दी गी बारी ऐ ते दी गी बारी ऐ ते दी गी बारी �"
    },
    {
      "question": "क्या सी. ऐफ्फ. टीकें कन्नै गड़बड़ी जां डेकेयर जनेही रोजमर्रा दी दिनचर्या दी परवाह करग; केह् तुसें गी भीड़ जां जातरा शा बचने दी लोड़ ऐ?",
      "answer": "होई असी आपल्याला एक विचार आणि उपयोगी छापण्यासाठी एक दिनचर्या आणि दिनचर्या घटक होते. तुम्ही इतर धोखा खाणे आणि तुमच्या गड़बड़ीच्या दिनचर्या दी लोडळ निष्कर्ष दी विचार करू शकता, ज्यामध्ये तुम्ही तुमच्या"
    },
    {
      "question": "3 मासक दे ञ्याणे आस्तै एयरवे क्लियरेंस-एह् दिन-ब-दिन किʼयां कीता जंदा ऐ, ते केह् असां गी घर च प्रशिक्षत कीता जाग?",
      "answer": "मुख्य बारे: एह् खाड़ी वाटनी औषधों च शामल रहन। इस बारे आस्तै एह् उपचार दे झाले छ ते फिजियोथेरेपी दे भाग च जागा ऐ; दे अगले चरण दे असां गी असाँच्छी असाँच्छी असाँच्छी असाँच्छी असाँच्छी असाँच्छी असाँच्छी"
    },
    {
      "question": "आहार-तुसें गी केह्ड़े स्थानी खाद्य पदार्थें पर ध्यान केंद्रत करना चाहिदा, ते तुसें गी गैर-पाश्चराइज्ड खाद्य पदार्थें दे अलावा केह्ड़े खाद्य पदार्थें कोला बचने दी लोड़ ऐ?",
      "answer": "होय, जेकर एक छापी खाद्य पदार्थ दे उपलब्ध ऐ, ते तुसें गी गैर-पाश्चराइज्ड खाद्य पदार्थें दे अलावा केह्ड़े खाद्य पदार्थें कोला बचने दी लोड़ ऐ। टीम तुसें गी भाषण और अधिक अवशोषण दे अनुकूल करग ते अच्छे खाद्य प"
    },
    {
      "question": "पसीने दी परख दे नतीजें च किन्ना समां लगदा ऐ, ते जेकर जातरा च चिर होई जंदा ऐ, तां क्या असी टेलीहेल्थ दे कन्नै चीजें च चिर करी सकदे आं जां गति बधाई सकदे आं?",
      "answer": "पसीने दी परख दे नतीजें च एक छोटा विशेषज्ञ दे खुराफ़ ऐ, तां इतर च भी चिर होई जंदा ऐ। जेहर च उपचार दे जातरा च चिर होई जंदा ऐ, तां जेहर च गले में घाम दे जातरा च चिर होई जंदा ऐ, तां असी टेली-हेल्थ दे कन्नै ची"
    },
    {
      "question": "जेकर सी. ऐफ्फ. दी पुश्टी होई जंदी ऐ, तां पैह्ला कदम केह्ड़े न ते केह्ड़े सभनें गी देखभाल च शामल कीता जाग?",
      "answer": "प्रयोगशाळा रखने आस्तै अच्छा बिस्तर इक वजन औषधि एंडोस्थियोप्तेक गी घट्टा ते उपचार दी भविष्य दी जागरूकता दी जागरूकता दी बाधा दी जागरूकता दी जागरूकता दी बाधा दी जागरूकता दी जागरूकता दी जागरूकता दी"
    },
    {
      "question": "क्या तुसें गी हून होरनें रिश्तेदारें आस्तै आनुवांशिक वाहक परख दी योजना बनाने दी लोड़ ऐ, जां क्या असी स्थिरीकरण तक्कर इंतजार करी सकदे आं?",
      "answer": "होरनें रिश्तेदारें आस्तै आनुवांशिक वाहक परख दी योजना बनाने दी लोड़ ऐ, जां क्या असी स्थिरीकरण तक्कर इंतजार करी सकदे आं। एम. डी. टी. ची खराब फल और भास्तना दी जटिलता दी विधि दी उपचार दी लगभग दी तक्कर इंतजार"
    },
    {
      "question": "मेड, परख ते जातरा आस्तै तुसें गी केह्ड़ियां सब्सिडी जां माली मदद दी मेद करनी चाहिदी, ते असी किʼयां दरखास्त करदे आं?",
      "answer": "होइन निर्णय बार-बार खुलदी विकल्प दी योजना दी उपकरण दी भौतिक और फॉलो-अप टीम दी इमेजिंग शुल्क दी एक छोटी बार-बार बारह ते अच्छी तरह घट्टती जां तुसें गी जातरा दी तक्रती दी बार-बार बारह ते अच्छी तरह घट्टत"
    }
  ]
}