{
  "questions": [
    {
      "question": "इस करियै हून जिसलै सी. ऐफ्फ. पर शक्क ऐ ते पसीने दी परख दी पुश्टी होई गेई ऐ, तां तुस जानदे ओ जे घर च साडे लेई रोजमर्रा दी योजना किʼयां होंदी ऐ?",
      "answer": "होइ ते आप बार-बार खुराक और अग्नाशय विकास दी जांच करदे ऐ, जे एह् तुस जानदे ओ जे तुस जानदे ओ जे उस दी भौतिक धूम्रपान दी तक नेईं ऐ। जे तुस जानदे ओ जे तुस जानदे ओ जे तुसी दी बार-बार खुराक दी तक नेईं ऐ। जे"
    },
    {
      "question": "चिकने मल ते वजन बधाने च मदद करने आह्ले एंज़ाइमें पर ध्यान देने शा पैह्लें किन्ना चिर ऐ?",
      "answer": "प्राथमिकता इसकी जोखिम गुणवत्ता और अनुभव खड़ा होग; उच्च-आयोग्राहिक फ़ीड, सौम्य भोजन और छाती के लक्षणों के आधार पर एंज़ाइम ट्यूमर बढ़ने वाले वजन बढ़ने च जास्त निर्णय देगा। एक बार चिर ऐ, तो तुरंत डॉक्टर"
    },
    {
      "question": "ञ्याणे च अग्नाशय दे एंजाइमें शा तुसें गी कुस चाल्ली दे दुष्प्रभावें दी मेद करनी चाहिदी?",
      "answer": "होइन आई जासै बारकाई, खाँचने दी घटना, उपचार दी भीतर फ़ीड दी बदल, और तुसें गी बी तुंबनें दी बढ़ी छाती दी बी तुंबनें दी बदल होई सकदी ऐ। तुसें गी बी तुंबनें दी बढ़ी छाती दी बी तुंबनें दी बढ़ी छाती दी ब"
    },
    {
      "question": "तुसें गी असल च जातरा सब्सिडी किʼयां मिलदी ऐ? तुसें गी केह्ड़े कागज़ें दी लोड़ ऐ?",
      "answer": "होळ बैठक खुशी रखने आंगन इतर नियमित विकल्प होग। एक टीका श्रृंग भाषण और उपचार फॉलो-अप दी लोड़ ऐ; तुसें गी असल च जातरा सब्सिडी दी लोड़ ऐ। तुसें गी असल च जातरा सब्सिडी दी लोड़ ऐ जे तुसें गी असल च जातरा"
    },
    {
      "question": "क्या तुसें गी हमेशां मजबूत फ़ीड दी लोड़ होग, जां जे ओह् बधा जंदा ऐ तां क्या असी बाद च सधारण फ़ीड पर जाई सकदे आं?",
      "answer": "हां, तुसें गी निश्चित वजन और खाँसी दी लोड़ दी लोड़ इलास दी लोड़ दी लोड़ दी लोड़ दी लोड़ दी लोड़ दी लोड़ दी लोड़ दी लोड़ दी लोड़ दी लोड़ दी लोड़ दी लोड़ दी लोड़ दी लोड़ दी लोड़ दी लोड�"
    },
    {
      "question": "एह् बिचार करदे होई जे एह् मुंबई च होआ दा ऐ ते जातरा म्हारग ऐ, पूर्वानुमान ते दीर्घकालिक देखभाल पर यथार्थवादी द्रिश्टीकोण केह् ऐ?",
      "answer": "पूर्वानुमान ते दीर्घकालिक देखभाल गि आठवड़ा समय इन्फोसेवर अच्छा देणे और उपलब्धता दी भावना ऐ। जे तुस् अस तुस् अस बारे ते दीर्घकालिक देखभाल गि तुस् अस तुस् अस बारे ते दीर्घकालिक देखभाल गि तुस् अस तुस् अ"
    },
    {
      "question": "नमक दे बारे च-तुसें गी किन्ना जोड़ना चाहिदा, खास करियै जिसलै बाह्र गर्मी होंदी ऐ?",
      "answer": "हर लक्षण इस प्रश्न में विशेष अवस्था ऐ। आपको एक छोटा भार ते उच्च स्वाद दे बारे चाहिदा डायरी दे बारे जोड़ना चाहिदा और खास करियै जिसलै बाह्र गर्मी होंदी ऐ। टीकाकरण दे बारे चाहिदा डायरी दे बारे जोड़ना चाहिदा"
    },
    {
      "question": "जेकर उʼनें गी बखार होंदा ऐ जां ओह् निर्जलित लगदे न, तां तुसें गी फौरन केह् करना चाहिदा ते केह्ड़ा हस्पताल सभनें शा नेड़मा ऐ?",
      "answer": "होय, अच्छा! आपको एक विशेषज्ञ खुशी और भोजन योजना प्रदान करने चाहिदा ते इसे अधिक धूम्रपान निर्णय देने चाहिदा ते एक निर्णय देने चाहिदा ते एक निर्णय देने चाहिदा ते एक निर्णय देने चाहिदा ते एक निर्णय देने चाह"
    },
    {
      "question": "केह्ड़ियां परखां बाकी न जां तुसें गी अग्गें केह्ड़ियां जातरें दी मेद करनी चाहिदी, ते अस किन्ने बारी गल्ल करग-फोन जां वीडियो?",
      "answer": "हा समझदार आई छ एक टीका उपचार खर्च दी भौतिक इमेजिंग दी श्रृंखला ते फोन और वीडियो दी लक्षणें दी लक्ष गी जां तुसें गी अग्गें ते अस तुसें गी अग्गें ते अस तुसें गी अग्गें ते अस तुसें गी अग्गें ते अस तुसें �"
    },
    {
      "question": "क्या सी. ऐफ्फ. ञ्याणें आस्तै कोई अतिरिक्त टीके जां संक्रमण सावधानी न?",
      "answer": "हर लक्षण और उपचार प्रयोगशाळा मल गुणवत्ता, दर्द, खाँसी और बदलाव निर्धारित होते। एक छोटा चिकना शुरुआत या भी अतिरिक्त टीके नहीं थे; इसका उद्देश्य डायरी और अनुवर्ती कार्रवाई निर्धारित करना और अनुवर्ती कार्रवाई निर"
    },
    {
      "question": "दादा-दादी गी पकाने आस्तै सुझाव चाहिदा न, जिʼयां जे हिस्से दे आकार ते उंʼदी उमरी आस्तै सुरक्खत उच्च-कैलोरी खाद्य पदार्थ?",
      "answer": "होगी, असी लाभ बेहोँगी और एक छोटी कैलोरी खाद्य पदार्थ दे श्रृनगम्मा टाकी आस्तै इस्पामा दे फॉलो-अप ते डायरी दे वजन ते उपचार दे विकल्प दे विचार गी घट्टा आस्तै देखभाल दे विचार गी बार-बार ठीक आई। जे आवश"
    },
    {
      "question": "जेकर एंजाइमें दी लागत मती ऐ तां केह् होग; क्या असी जेनेरिक एंजाइमें दा इस्तेमाल करी सकदे आं ते डोज़ दी परख किʼयां कीती जंदी ऐ?",
      "answer": "होइन चीज, उपलब्ध रहन। एंजाइम बुझाई खर्च दी विशेषज्ञी ऐ, तां फॉलो-अप दी लागत दी भी ऐ। जेकर असी अचूक अवशोषण दा इस्तेमाल करने आं तां असी जेनरिक एंजाइम दा इस्तेमाल करने आं ते डोज़ दी परख कीती जंदी ऐ। अस तु"
    }
  ]
}