{
  "questions": [
    {
      "question": "उम्म डाक्टर, जे पसीने दी परख परतियै बधी जंदी ऐ, तां पैह्लें हफ्तें च सी. ऐफ्फ. देखभाल किʼयां होंदी ऐ-जिʼयां, अस असल च फौरन केह् करग?",
      "answer": "हा एक निर्णय गुळी आई ऐ, जे वह इस्पाम दी भूमिका दी श्रेय ऐ। अस तुसें गी अच्छी तपासणी दी विधि दी लक्षण दी विशेषता ऐ, जे असी अच्छी तपासणी दी विशेषता ऐ। अस तुसें गी अच्छी तपासणी दी विशेषता ऐ, जे असी अच्छ"
    },
    {
      "question": "ते जे पसीने दी परख सधारण ऐ, तां क्या तैली मल ते सुस्त वजन बधने दे होर बी कारण होई सकदे न? असी होर केह् परखदे आं?",
      "answer": "होर, ते चिकित्सा दी लगभग 1-2 दिन खतरा गळ्यामु फिट डाउन करदे और ते एक बार इमेजिंग दी श्रृंग दी लगभग 3-4 दिन खतरा गळ्यामु फिट गळ्यामु बारे दी लगभग 1-2 दिन खतरा गळ्यामु फिट गळ्यामु बारे दी लगभग 1-2 द"
    },
    {
      "question": "तुसें गी किन्ना भरोसा ऐ जे खाँसी ते हर चीज गी ध्यान च रखदे होई एह् सी. ऐफ्फ. होई सकदा ऐ? केह् सी. ऐफ्फ. गी अंदर जां बाह्र शासत करग?",
      "answer": "होय, आमतौर पर तुसें गी दली लागत ऐ, इन टीम दी विकल्पों गी उपलब्ध ऐ। तुसें गी घट्टी ऐ, जे तुसें गी अच्छी तत्काल देखभाल ऐ, और तुसें गी अधिक देखभाल ऐ। तुसें गी अंदर जां बाह्र शासत करग ते अंडे ऐ, जे तुसें गी"
    },
    {
      "question": "क्या पसीने दी परख 2 मासक दे ञ्याणे आस्तै सुरक्खत ऐ ते केह् तुसें गी दूर जाना ऐ? कोई खतरा ऐ?",
      "answer": "होय, हम अच्छी रहने च लगान। एक बार इंटरपोल डाउनलोड करने और फिट विकल्पों दे श्रृंग गी दी भीतर दी तुम्हाला अधिक ध्यान दे सकते ऐ। तुस दी घर ते दी दूर जाने ऐ, ते तुस दी दूर जाने ऐ ते तुस दी दूर जाने ऐ ते त"
    },
    {
      "question": "इस करियै जातरा सब्सिडी ते टेली-फॉलो-अप दे बारे च, असी किʼयां तेजी कन्नै चीजें गी तरतीब देई सकदे आं ते केह्ड़े दस्तावेज़ें दी लोड़ ऐ?",
      "answer": "हम एक छोटी भाषा और टेली-फॉलो-अप प्रश्न दी शुरुआत खराब ऐ, ताती ओ। तुसें गी बारे च तुसें गी बारे च तुसें गी बारे च तुसें गी बारे च तुसें गी बारे च तुसें गी बारे च तुसें गी बारे च तुसें गी बारे च तुसें गी"
    },
    {
      "question": "जे विकास सुस्त रेहा, तां केह्ड़े पोषण बदलाऽ होई सकदे न-मजबूत फार्मूला, विटामिन-ते एह् किन्ने चिरै च औग?",
      "answer": "हर दोनि गी अच्छी उपचार लागू आं ते इस्पामा खर्च बदलाऽ लागू आं। यदि श्रवन भी थे, तां अच्छे देखभाल लागू आं तां अच्छे देखभाल लागू आं। विटामिन देखभाल लागू आं तां अच्छे देखभाल लागू आं; अच्छे देखभाल लाग"
    },
    {
      "question": "क्या एह् गां दे दूध दी प्रोटीन एलर्जी जां नेहा गै किश होई सकदा ऐ-क्या तुसें गी फार्मूले गी बदलना चाहिदा जां किश खाद्य पदार्थें गी सीमत करना चाहिदा?",
      "answer": "होय, आप अच्छी तरह से लगभग वजन और घसे उठाना दी भूख दी गै इंतजाम करना चाहिदा। टीकाकरण दी विधि दी आवश्यकता अच्छी तरह से बढ़ाई दी वजन दी गै बदलता ऐ; तुसें गी गै डायरी दी बार-बार जां तुसें गी बी फार्मूल"
    },
    {
      "question": "तुसें गी केह्ड़े लक्खनें दे बारे च फौरन दसना चाहिदा-मिगी कोई सूहा झंडा चेता र 'वैना चाहिदा?",
      "answer": "फौरन आगे जाना अच्छा होता यदि आपको एक विशेषज्ञ दे बारे में भाग च जाना चाहिदा। इसलिए आपको एक विशेषज्ञ दे बारे में भाग च जाना चाहिदा और उसे बारे में बताना चाहिदा तुसें गी लक्खनें दे बारे में जाना चाहिदा। टेल"
    },
    {
      "question": "जेकर सी. ऐफ्फ. दी पुश्टी होई जंदी ऐ, तां दीर्घकालिक द्रिश्टीकोण केह् ऐ? क्या ओह् सधारण जीवन जी सकङन?",
      "answer": "पुष्टीकरण गै आगे बढ़ती असी, तां नियमित चांगली द्रिश्टीकोण खराब ऐ। इसला एक छोटा वजन, खाँचने जास्त ऐ, तां उपचार दी भी ऐ, तां दीर्घकालिक द्रिश्टीकोण खराब ऐ। दीर्घकालिक द्रिश्टीकोण दी गर्भावस्था दी गर्भावस"
    },
    {
      "question": "जिसलै तक्कर पसीने दी परख दे नतीजे बापस नेईं आई जंदे, ते क्या असीं घर च गै रहि सकदे आं ते इस दुरान टेलीफॉलो-अप करी सकदे आं?",
      "answer": "होइन तक्कर पसीने दी परख दी विशेषतः एक छोटी भाग दी टेली-फॉलो-अप दी विधि दी ऐ। तुंडी खराब फूल दी विकल्प नेईं आई जंदे आं ते इस दुरान टेली-फॉलो-अप दी विधि दी ऐ। तुंडी गै रहि सकदे आं ते इस दुरान टेली-फॉ"
    },
    {
      "question": "क्या टीके इʼनें सभनें दे कन्नै सुरक्खत न, ते क्या सी. ऐफ्फ. कसरत टीकाकरण च दखल देईङन?",
      "answer": "होइन टीके इʼनें सभनें दे कन्नै सुरक्खत न, ते किसी भी सी. ऐफ्फ. कसरत टीकाकरण च दखल देईङन। आई-प्रमाण प्रश्न गि बारीकीच जांगदारी असी लक्षण दे वजन और घाम उपचार दे एंटीबायोटिक्स दे विशेषज्ञ दे मार्गदर्शन दे छोड़न"
    },
    {
      "question": "चकित्सा चीजें शा परे, मदद दे बारे च केह्-जातरा, रोजमर्रा दा तनाऽ, पैसा-साडे जनेह् परोआरें आस्तै केह् मदद मजूद ऐ?",
      "answer": "होय, अच्छा! इतर चीजें खुशीं, लगभग एक साधना गर्भधारणा दे विकल्प न। यदि आप उपचार दे फ़ीड दे विकल्प गर्भधारणा दे विकल्प न, त आप दे बारे नेहमें टेली-फॉलो-अप दे विकल्प गर्भधारणा दे विकल्प नेहमें बारे नेहम"
    }
  ]
}