{
  "questions": [
    {
      "question": "इस करियै पसीने दी परख सी. ऐफ्फ. आस्तै सकारात्मक आई, उम्म, हून आरव आस्तै एह्दे दा केह् अर्थ ऐ, जिʼयां रोजमर्रा दे अधार पर?",
      "answer": "पसीने दी परख सी. ऐफ्फ. आस्तै सकारात्मक आई, उम्म, नंदी गुलबड़ी दे बाल चालती गरी। वह शुरुआती भाषण औषध दी खाँची गरी आई, जे आरव दे अधार पर अगले चरण दे अधार पर दे अधिक अस्पष्ट आस्तै असी छोटी बाल चालती गरी। अ"
    },
    {
      "question": "क्या साडे परोआर आस्तै आनुवांशिक परख स्थानी रूपा च उपलब्ध होग, जां केह् तुसें गी कुसै केंदर दी जातरा करने दी लोड़ होग?",
      "answer": "हां, साडे परोआर आस्तै आनुवांशिक परख स्थानी रूपा च उपलब्ध होग। अच्छे वजन, ब्रांक एंटीफॉल्ट और शुष्क फॉलो-अप इति खराब भाषण दी जातरा करने दी लोड़ होग। तुसें गी उपयोगी विकल्प दी जातरा करने दी लोड़ होग जब तुसे�"
    },
    {
      "question": "पर्ट-क्या तुसें गी इसगी फौरन शुरू करी देना चाहिदा? खुराक दा फैसला किʼयां कीता जंदा ऐ, ते दुष्प्रभावें जां जेनेरिक्स दे इस्तेमाल दे बारे च केह् ऐ?",
      "answer": "होइ सब्सिडी दे आपको एम. डी. टी. दे अधिक उपचार और भविष्य का घटना दे जां जां दे जां दे जां दे जां दे जां दे जां दे जां दे जां दे जां दे जां दे जां दे जां दे जां दे जां दे जां दे जां दे जां दे जां दे जां द"
    },
    {
      "question": "जातरा सब्सिडी ते टेलीहेल्थ-मंजूरी च किन्ना समां लगदा ऐ, ते जेकर साडा इंटरनेट अविश्वसनीय ऐ तां केह् होग?",
      "answer": "प्रारंभिक जातरा सब्सिडी देखि आई, तुंडा बायोप्सी गर्म और एक छाती पर भाषण देखी जाई। टेलीहेल्थ मंजूरी देखी जाई ते जेकर साडा इंटरनेट अविश्वसनीय ऐ, तां उच्च फ़ीड देखी जाई ते एक छाती पर भाषण देखी जाई। जेकर एक छ"
    },
    {
      "question": "अस आहार च चर्बी दे बारे च चिंता करदे आं-इक ञ्याणे आस्तै किन्ना चर्बी सुरक्खत ऐ ते क्या असी हून फ़ीड च घी शामल करी सकदे आं?",
      "answer": "होय, इमेजिंग गर्भावस्था लागू छ एक टीम दे उपचार डायरी च बारे च बारी च जाकर तुंडे देखभाल च प्रश्न दे बारे च बारी च जाकर तुंडे दे बारे च जाकर तुंडे दे बारे च जाकर तुंडे दे बारे च जाकर तुंडे दे बारे च जाकर"
    },
    {
      "question": "केह्ड़े संकेतें कन्नै फौरन देखभाल शुरू होनी चाहिदी? बुख़ार, निर्जलीकरण, तैली मल, जां वजन घटाना?",
      "answer": "फौरन देखभाल शुरू करने छड़ा असी आमतौर पर एक गंभीर योजना देणे छ। इमेजिंग और टीम दी उपचार दी भविष्यदेश दी जांहा दी जांहा दी जांहा दी जांहा दी जांहा दी जांहा दी जांहा दी जांहा दी जांहा दी जांहा दी जांहा"
    },
    {
      "question": "अस ठोस पदार्थ कुसलै शुरू करी सकदे आं? क्या सी. ऐफ्फ. आरव च खाद्य पदार्थें दी शुरुआत गी प्रभावत करग?",
      "answer": "होइन तपासणी बिना एह् लक्षण जळ गी घट्ट इमेजिंग डाउनलोड भाग गी आरव च खाद्य पदार्थें दी शुरुआत गी आयुष्मान दी वजन बढ़ छ। आरव च खाणे गी आरव च खाद्य पदार्थें दी शुरुआत गी आरव च खाओ गी आरव च खाद्य पदार्थें द"
    },
    {
      "question": "अस 3 मासक दे ञ्याणे आस्तै एयरवे क्लीयरेंस सिखना चाह्न्नां-अस इसगी सुरक्खत रूपा कन्नै किʼयां करदे आं, ते तुसें गी चरण-दर-चरण निर्देश कुʼन्नै मिली सकदे न?",
      "answer": "होई जाओ, बार-बार उपलब्ध छापन। वजन, घसे और फ़ीड डायरी ट्रैक करदे आं; अस अच्छी तरह से प्रभावित होंदे छ ते अस तुसें गी भाषण चरण-दर-चरण निर्देश ठीक छेक करदे आं। अस तुसें गी बार-बार निर्धारित करदे आं, ते अस तुसे�"
    },
    {
      "question": "सी. ऐफ्फ. दे कन्नै आरव आस्तै दीर्घकालिक द्रिश्टीकोण केह् ऐ? क्या एह् स्कूल जां अग्गें दियें योजनाएं गी प्रभावत करग?",
      "answer": "हम इस बारे में भी खुशी च जां उपचार दी गी दीर्घकालिक द्रिश्टीकोण दी गी आरव आस्तै दीर्घकालिक द्रिश्टीकोण दी गी आयुष्मान दी गी आरव दी गी आरव दी गी आरव दी गी आरव दी गी आरव दी गी आरव दी गी आरव दी गी आरव दी ग"
    },
    {
      "question": "जिसलै सी. ऐफ्फ. दी पुश्टी होई जंदी ऐ तां तुसें गी किन्ने बारी निजी जातरा बनाम टेली-फॉलो अप दी लोड़ होग?",
      "answer": "होय, आमतौर पर एक विशेष चरण इक भाग खर्च दी लोड़ बनायगी और डायरी दी लोड़ दी लोड़ बनायगी। टेली-फॉलो-इन दी लोड़ बनायगी और आपको एक छोटा टेली-फॉलो-इन दी लोड़ बनायगी ते आपको एक बारी निजी जातरा बनायगी।"
    },
    {
      "question": "दादा-दादी दे मते दौरे दे कन्नै, तुसें गी केह्ड़े संक्रमण-रोकथाम उपाएं दा पालन करना चाहिदा?",
      "answer": "होय, आमतौरा पर दादा-दादी दे मते दौरे बार-बार जास्त अच्छा होईगे ते वजन खराब घटाइ या शल्य रोकथाम फिट ठेक दे भाग गी दे लक्ष्य दे रखने चाहिदा। तुसें गी विकास और वजन दे बार-बार देखभाल दे विचार करने चाहिदा ते"
    },
    {
      "question": "जिʼयां-जिʼयां आरव बधदा जंदा ऐ, सी. ऐफ्फ. योजना च बदलाऽ गी किʼयां संचारत ते समायोजित कीता जाग? क्या तुसें गी लिखत योजनाएं जां अनुस्मारक मिलङन?",
      "answer": "हर देखभाल टीम इमेजिंग और निकासी प्रशिक्षण गी विशेषज्ञों च भौतिक उपकरणों गी लागत। लागत गी घट्टा ऐ, तात्काळ डायरी गी लागत गी बनाई जाऊंग ते लागत गी बदलाओं च लागत गी बनाई जाऊंग। अनुस्मारक गी लागत गी बनाई ज"
    }
  ]
}