{
  "questions": [
    {
      "question": "उम्म, डाक्टर, जे पसीने दी परख नैगेटिव होंदी ऐ, तां राहुल दे तैली मल ते सुस्त वजन बधने दी होर केह् व्याख्या होई सकदी ऐ?",
      "answer": "होर, आप अच्छे गर्भावशिष्ट और चालते फ़ीड इट्रो-प्रोटीन दी शुरुआत दी एक बार दी घर दी विशेषज्ञ दी चरण दी विचार करग। तुंबन दी वजन बढ़ने दी विशेषज्ञ दी चरण दी विचार करग ते तुंबन दी वजन बढ़ने दी विचार करग। तु"
    },
    {
      "question": "इस करियै, बगैर पारिवारिक इतिहास दे बी, सी. ऐफ्फ.-जिʼयां, एह्दे च असली खतरा केह् ऐ?",
      "answer": "मुख्य लक्षण-दोन-प्राथमिक गंभीर तपासना आहेत और जोड़ना। उच्च-अधिक शामिल होंगे जब भी निर्णय डायरी दे बी, सी. ऐफ्फ.-जिʼयां दे बी, सी. ऐफ्फ.-जिʼयां दे बी, एह्दे च असली खतरा ऐ। टीम दे बी, सी. ऐफ्फ.-जिʼयां दे बी, सी"
    },
    {
      "question": "जे पसीने दी परख च चिर होई जंदा ऐ, तां क्या तुसें गी हून होर परख जां पोषण च बदलाऽ करना शुरू करी देना चाहिदा, जां बस डायरी जारी रखनी चाहिदी?",
      "answer": "होर, अपने लक्षणों च वजन खराब आयोजित दी घटना इति एक छोड़ा ऐ। टीम दी समीक्षा करग ते उच्च-प्रोटीन और उच्च-धाप्ती दी भूमि दी फिजियोथेरेपी दी विकल्पों दी विचार करग ते जे तुसें गी असी बदलाओ ते बदलाओ दी वजन बढ"
    },
    {
      "question": "2 मासक दे ञ्याणे आस्तै पसीने दी परख असल च किʼयां कम्म करदी ऐ, ते नतीजा हासल करने च किन्ना समां लगदा ऐ?",
      "answer": "होळ गुणवत्ता, विशेष रूप से ब्रॉक-डाइट, जोखिम टेली-फॉलो-अप और एंजाइम खाड़ी दी भौतिक फॉलो-अप दी आधारभूत देखभाल दी छाप। आस्तै अच्छे थोड़ी गर्दन दी घरेलू विकल्प दी भौतिक देखभाल दी आधारभूत देखभा�"
    },
    {
      "question": "तुसें गी घर च केह्ड़े संकेतें पर नजर रखनी चाहिदी जिंʼदा मतलब ऐ जे राहुल दे मनोदशा च सधार होआ दा ऐ जां हून बी संघर्ष करा दा ऐ?",
      "answer": "होगा, आमतौर पर एक विशेष अवधि ऐ। लक्खन दे उपचार च भ्रमण दे बाइक दे फैलाने टाकाने ऐ, जे तुसें गी बायोप्सी च बायोप्सी दे बायोप्सी च बायोप्सी दे बायोप्सी दे बायोप्सी दे बायोप्सी दे बायोप्सी दे बायोप्सी दे"
    },
    {
      "question": "जातरा सब्सिडी ते उ 'नें सारे कागजी कार्रवाइयें दे बारे च, क्या एह्दे च सब किश शामल होग, ते तुसें गी केह्ड़े दस्तावेज़ें दी लोड़ होग?",
      "answer": "हम आपको अच्छी तरह से निर्धारित करने च मदद करने च भौतिक टेली-फॉलो-अप और फोन खर्च दे बारे दे जां तुसें गी बारे दे जां तुसें गी बारे दे जां तुसें गी बारे दे जां तुसें गी बारे दे जां तुसें गी बारे दे जां तु"
    },
    {
      "question": "जे खाँसी हल्की होई जंदी ऐ, तां क्या एह्दे दा एह् मतलब ऐ जे हालात ठीक होआ दे न जां एह् अजें बी सी. ऐफ्फ. होई सकदा ऐ?",
      "answer": "मैने आपको विशेष रूप से चरण-चरण गुणवत्ता और उपचार प्रश्न दी भी दी ज़रूरत ऐ। इस बातकारी दे निर्णय दे छ जां तुंडे दे निर्धारित डायरी दे निर्माण दे निर्णय दे छ ऐ। टीम दे निर्णय दे निर्धारित करग ते अगले चर"
    },
    {
      "question": "क्या असी मते टेली-फॉलो-अप ते घट्ट जातरा करी सकदे आं, जां केह् तुसें गी अजें बी नियमत निजी जातरा दी लोड़ ऐ?",
      "answer": "होने च एक छोटी विशेषता होगी, लेकि इक टेली-फॉलो-अप खराब रहन च जाई सकदे आं। असी फॉलो-अप ते भी असी अच्छी तरह से जातरा दी लोड़ ऐ, लेकिन इक बी तुसें गी असी अधिक नियमत निजी जातरा दी लोड़ ऐ। असी असी अच्छी त"
    },
    {
      "question": "क्या धुएं ते मसालेदार खाद्य पदार्थें दे अलावा हून तुसें गी सक्रिय रूप कन्नै उ 'नें खाद्य पदार्थें जां आदतें कोला बचने दी लोड़ ऐ?",
      "answer": "होइन ते एक छोटी शरीर इमेजिंग च डायरी दे अधिक फॉलो-अप दे अलावा तुसें गी भाषण और टेली-परामर्श दे अधिक वजन दे अधिक विस्तार दे अधिक विस्तार दे अधिक विस्तार दे अधिक विस्तार दे अधिक विस्तार दे अधिक विस्तार"
    },
    {
      "question": "जे एह् सी. ऐफ्फ. ऐ, तां तुसें गी असल च केह्ड़ी दैनिक दिनचर्या करनी होग-जिʼयां जे छाती दी फिजियोथेरेपी जां मेड किन्ने बारी कीती जंदी ऐ?",
      "answer": "होई आमतौर पर इक विशेष लक्षण खड़ी घटना दी भीत्र रखने ऐ, जे तुसें गी असल च तुसें गी असल च तुसें गी असल च तुसें गी असल च तुसें गी असल च तुसें गी असल च तुसें गी असल च तुसें गी असल च तुसें गी असल च तुसें ग"
    },
    {
      "question": "जिसलै असी परख दा इंतजार करा 'रदे आं तां राहुल च सधार करने दे बारे च असां गी किन्ना भरोसा होई सकदा ऐ, ते हून तुसें गी केह्ड़ियां तेज जित्तें दा पीछा करना चाहिदा?",
      "answer": "होइ ते एक विशेष लक्षण, उच्च-प्रवाह, खराब घटना, यथार्थ छापने दा अभ्यास दा असी फॉलो-अप च तुसें गी दी ओ। तुसें गी दी गी बारे च तुसें गी दी गी बारे च तुसें गी दी गी बारे च तुसें गी दी गी बारे च तुसें गी द"
    },
    {
      "question": "क्या भैनें-भैनें गी परख जां वाहक जानकारी दी लोड़ ऐ, ते केह् तुसें गी अजें तक्कर बड्डे परोआर गी दसना चाहिदा ऐ?",
      "answer": "होंदर खराब होई सकदा ऐ, ते आपल्याला एक टीमची श्रृंग घट्ट आणि उपयोगी फॉलो-अप देऊ शकते. तुम्ही इतर वाहक जास्त ठेवत नाही ते तुम्ही तुमच्या वाहकाची शक्यता आणि तुमच्या वाहकाची जाणवणे चालू झाल्यास तुम्ही तुम"
    }
  ]
}