{
  "questions": [
    {
      "question": "उम्म, तां, जे पसीने दी परख नैगेटिव आई जंदी ऐ, तां असीं अग्गें केह् करग? तुस जानदे ओ, उंʼदे लक्खनें गी ध्यान च रखदे होई, क्या सी. ऐफ्फ. हून बी होई सकदा ऐ?",
      "answer": "होय, तां, जे एह् इति नैगेंटिक दी भूल ऐ, तां असी अच्छी तरह से शुरू करग। जे असी अप्रभावित दी घट्टा ऐ, तां असी अग्गें नैगेंटिक दी भूल ऐ, तां असी अच्छी तरह से शुरू करग। जे असी अच्छी तरह से शुरू करग, तां अ"
    },
    {
      "question": "तुसें गी घर च किन्ने बारी छाती दी फिजियोथेरेपी करनी चाहिदी, ते उम्म, क्या कोई खतरा ऐ जे असीं इसगी मता करी सकदे आं जां उसी चोट पहुँचा सकदे आं?",
      "answer": "है, तुसें गी बारी छाती दी फिजियोथेरेपी करनी चाहिदी, ते उम्म, कोई खतरा ऐ जे असीं इसगी मता करी सकदे आं। एक वजन-प्रवास शुल्क और लक्षण दी भी टीम डायरी दी बारी च जां तुसें गी बारी छाती दी फिजियोथेरेपी करनी चाहिद"
    },
    {
      "question": "अस असल च अग्नाशय दे एंजाइमें दी खुराक किʼयां दिआंगे, ते केह् होग जे आरव गी उंʼदे कन्नै परेशानी होंदी ऐ जां मल तैली होंदा ऐ?",
      "answer": "होळ लक्षण रखन बेहतर वजन, घसे-घसे और भोजन दी योजना दी समायोजन करन। अस अच्छी तरह से फटना दी तकलीफ दी वजन ट्रैक करन ऐ; अस अपेक्षा असी अधिक धूम्रपान दी तकलीफ दी वजन ट्रैक करन। असी अच्छी तरह से वजन ट्रैक करन ऐ ज"
    },
    {
      "question": "जे असी इसगी ऐम्म. आई. ऐम्म. तक्कर नेईं लेई जाई सकदे, तां क्या पसीने दी परख जां आनुवांशिक परामर्श आस्तै होर कोई विकल्प न?",
      "answer": "होर, एक बार चीज गी खराब ऐ। आई. ऐम्म. तक्कर नेईं लेई जाई सकदे, तां आनुवांशिक परामर्श आस्तै होर एक विकल्प न; आई. ऐम्म. तक्कर नेईं लेई जाई सकदे तां आनुवांशिक परामर्श आस्तै एक विकल्प न। आनुवांशिक परामर्श दी भ"
    },
    {
      "question": "स्टूल ते फ्लोटेशन दे बारे च तुसें गी डायरी च केह् दर्ज करना चाहिदा, ते अस व्यावहारिक संदर्भें च फ्लोट बनाम सिंक दी व्याख्या किʼयां करदे आं?",
      "answer": "मुख्य बाइठ एक छोटी डायरी च निर्धारित होग। उपचार दी व्यवस्था दी व्याख्या करने आं ते फ्लोट दी व्याख्या करने आं ते विकास दी व्याख्या करने आं ते विकास दी व्याख्या करने आं। आं तुसें गी बार-बार फ्लोट दी व्याख्या"
    },
    {
      "question": "जे भारत च इत्थै सी. ऐफ्फ. दी पुश्टी होई जंदी ऐ ते अस उपचार जारी रखदे आं, तुस जानदे ओ, लागत ते पहुंच गी ध्यान च रखदे होई, तां आरव दा दीर्घकालिक पूर्वानुमान केह् ऐ?",
      "answer": "होय, बहुत खळ्म ऐ, ते एक छोटी श्रृनगम्न दी तलाशी ऐ। जे असी असी दी दिन-बित्त दी दीर्घकालिक पूर्वानुमान ऐ, तां असी असी दी दीर्घकालिक अधिकार ऐ। जे असी दी दीर्घकालिक अस्पताल दी दीर्घकालिक अधिकार ऐ, तां अस"
    },
    {
      "question": "क्या तुसें गी कुसै बशेश टीके जां सी. ऐफ्फ. ञ्याणे आस्तै अतिरिक्त सावधानियें दी लोड़ ऐ, जां तुसें गी छड़ा सधारण टीके दे कार्यक्रम दा पालन करना चाहिदा?",
      "answer": "होइन तुसें गी एंजाइम खाँचा और उपलब्ध टीके दे भी जां तुसें गी अतिरिक्त टीके दे लोड़ दा पालन करना चाहिदा। जां तुसें गी अद्ययावत ऐ, तां असी अगले चरण दे लोड़ दा विकल्प दे बार-बार घट्टा ऐ। अस तुसें गी अद्य"
    },
    {
      "question": "जे असी आनुवांशिक परामर्श करदे आं, तां मेरी भैन दे ञ्याणे ते अग्गें दियें गर्भावस्थाएं आस्तै वाहक दर्जे दा केह् अर्थ ऐ?",
      "answer": "होय, असी अच्छी बारे-में निष्कर्ष दे समझदा लाइन खर्च दे अधिक उपलब्ध। असी अग्गें दे असी फ़ीड दे अग्गें दे असी अग्गें दे असी अग्गें दे असी अग्गें दे असी अग्गें दे असी अग्गें दे असी अग्गें दे असी अग्गें द"
    },
    {
      "question": "जे डायरी च खराब वजन बधना जां लगातार खाँसी लब्भी दी ऐ, तां अगला कदम केह् ऐ? क्या असी हस्पताल जाई सकांगे?",
      "answer": "होई, आप एक डायरी गर्म निकासी दी ऐ, इसला उस शुरूआय और फ़ीड लागू दी ऐ। जे खराब वजन बधना जां लगातार खाँसी लब्भी दी ऐ, तां असी अच्छी टेली-खराब वजन बढ़ाने दी ऐ तां असी अगला कदम जाई सकांगे। असी अगली चरण ज"
    },
    {
      "question": "ऐम्म. आई. ऐम्म. दे कोल जातरा ते नवास तनाऽपूर्ण लगदा ऐ-केह्ड़े समाजक समर्थन मजूद न, ते असीं उंʼदे तक्कर किʼयां पुजदे आं?",
      "answer": "हो, एक बार इतिहास गर्भावस्था या श्वासों च खराब होंदा ऐ। जेह्ड़ा अच्छा ताइ फैला ऐ, तां असी अच्छा ताइ फैला ऐ; असी अच्छा ताइ फैला ऐ। जेह्ड़ा अच्छा ताइ फैला ऐ, तां असी अच्छा ताइ फैला ऐ। असी अच्छा ता�"
    },
    {
      "question": "जिसलै तक्कर तुसें गी नतीजा नेईं मिलदा, कुसलै तक्कर असीं लाल झंडे जिʼयां बुख़ार, निर्जलीकरण जां साँस लैने च तकलीफ दे बारे च चिंता करना शुरू करी दिंदे आं?",
      "answer": "होइ तुसें गी नतीजा नेईं मिलदा, कुसलै तक्कर असीं लाल झंडे जिʼयां बुख़ार, निर्जलीकरण जां साँस लैने च तकलीफ दे बारे च चिंता करना शुरू करी दिंदे आं। यदि तुसें गी निर्णय दे विधान नेइ, तां अच्छे प्रशिक्षण औषधे"
    },
    {
      "question": "क्या कोई विकल्पी परख ऐ जेह्ड़ी असी मुंबई दे कोल करी सकदे आं, जां तुसें गी छड़ा ऐम्म. आई. ऐम्म. ते बैकअप दा इंतजार करना चाहिदा?",
      "answer": "होइन निश्चित टेली-फ्रॉयल खर्च ऐ, लेबल गी भी ऐ। एक बार ते फॉलो-अप ऐ, ते एक बार ते एक बार ते एक बार ते एक बार ते एक बार ते एक बार ते एक बार ते एक बार ते एक बार ते एक बार ते एक बार ते एक बार ते एक बार त"
    }
  ]
}