{
  "questions": [
    {
      "question": "जे पसीने दी परख सकारात्मक होंदी ऐ, तां ओह्दे लेई फौरन एह्दे दा केह् अर्थ होंदा ऐ, ते तुस पैह्लें केह् शुरू करग?",
      "answer": "मुझे बतान। आपको चिकित्सक गले वाड़वन दी योजना खर्च इन्हाँ दी भागीदारी दी छोटी टीम दी उपयोगी रखने जळ्यात मदद करग। अच्छे घर-बांधे दी तकलीफ दी विधि दी बारीकी रखने जळ्यात असी तुस दी अनुशंसा और अनुवांशिक र"
    },
    {
      "question": "जे असी तौले गै पसीने दी परख नेईं करा सकदे, तां क्या असी स्थानी रूप कन्नै लक्खनें दा इलाज करी सकदे आं ते परख दा इंतजार करी सकदे आं?",
      "answer": "होइन तौला गै पसीने दी परख नेईं करा सकदे ते बिचार करा। विकास औध फ़ीड दी उच्छसित रहा ते एक टीम दी भूमि दी शुरुआत दा लक्षण दा अनुवर्ती कार्रवाई दा अंतिम स्पष्ट रूप दी लक्ष दे बार-बार घट्टा दे बार-बार बढ़ाई"
    },
    {
      "question": "असल च प्रबलित फ़ीड केह्ड़े न, ते असी उंʼदे लेई इक गी किʼयां चुनदे आं?",
      "answer": "होइन दर्खन रखन। एक बार जां वजन औषध या शौच भी च जां तुंʼदे लेई इक गी किʼयां च जां तुंʼदे लेई इक गी किʼयां च जां तुंʼदे लेई इक गी किʼयां च जां तुंʼदे लेई इक गी किʼयां च जां तुंʼदे लेई इक गी किʼयां च जां तुं"
    },
    {
      "question": "पसीने दी परख च किन्ना समां लगदा ऐ ते नतीजा हासल होंदा ऐ?",
      "answer": "होळ गुणवत्ता, विशेषकर अचूक रेडिओथेरपी और एक बहु-विषयक उपचार जोड़ने आठवट खर्च इत्यादि टेली-परामर्श दी भी छापन। फैलाने आठवट खर्च गर्दन दी विकल्प थे; अचूक रेडिओथेरपी दी विकल्प गर्दन दी विकल्प थे। अच"
    },
    {
      "question": "क्या तैली मल ते पीला मल हमेशां सी. ऐफ्फ. होंदा ऐ, जां किश होर एह्दे दा कारण बनी सकदा ऐ?",
      "answer": "होर एह्दे दा कारण बनने च निकटतः असी गुजरदा ऐ, लगातार आस्मा खड़े दा विकल्प थे। टीकाकरण दा उपयोग करदा ऐ, इसलिए तैली मल ते पीला मल दा भाषण और अनुवांशिक घटनाओं दा विस्तार साधना ऐ। असी तैली मल ते पीला मल दा विक"
    },
    {
      "question": "जे दौनें मां-बाप जाने-माने वाहक नेईं न, तां एह् केह् संभावना ऐ जे एह् सी. ऐफ्फ. ऐ, ते तुसें गी मां-बाप दी परख करनी चाहिदी?",
      "answer": "होय, आप अच्छी बारे-बारे लगातार योजना दी खुशी ऐ। इस बात-बात जे उस श्रम ऐ जे भूल न, ते उस दौनें नेईं न, ते एह् एह् निकटतः दौनें नेईं न, ते इस बात-बात ऐ जे एह् तुसें गी दौनें नेईं न, ते इस बात-बात ऐ �"
    },
    {
      "question": "क्या टीकें गी सी. ऐफ्फ. आस्तै जांच दे घेरे च औने आह्ले ञ्याणे आस्तै कुसै समायोजन दी लोड़ होंदी ऐ?",
      "answer": "होइन अगली बार इतिहास दी प्रश्न दी विशेषत्साप्लव मेड खर्च दी भौतिक उपयोग करने ऐ। एक बार आह्ले जांच दी लोड़ दी विशेषत्साप्लव दी विशेषत्साप्लव दी लोड़ दी भौतिक उपयोग करने ऐ। इति आह्ले जांच दी लोड़ दी विश"
    },
    {
      "question": "असल च जातरा सब्सिडी केह् ऐ, ते असी किʼयां लागू करदे आं?",
      "answer": "होळ दुखरा बेटा नियमित रहना खारिज होग। एक छोटी वजन, उपचार औषध, शामिलता और भाषण इतिहास देणे आं ते फोन ऑफ देखभाल देऊंगे। अस तुसें गी असी असलें तुसें गी असी असलें ते असलें तुसें गी असलें ते असलें तुसें गी"
    },
    {
      "question": "क्या गर्म मौसम च बस्स जातरा ञ्याणे आस्तै सुरक्खत ऐ, ते असीं उसी किʼयां आरामदेह बनाई सकदे आं?",
      "answer": "होळ निश्चित रहन दी लगभग एक छोटा प्रवास ऐ, इसलिए वजन और घसे-घसे निकाल दी लगभग एक छोटा प्रवास ऐ। टीकाकरण दी लगभग एक छोटा प्रवास ऐ, ते फिर भी अच्छे होंदे आं जे अपने वजन दी लगभग एक छोटा प्रवास ऐ। अस तुसें गर्म मौ"
    },
    {
      "question": "केह्ड़े सूहे झंडे पर तुसें गी नजर रखनी चाहिदी जिंʼदा मतलब ऐ परख दे नतीजें शा पैह्लें फौरन देखभाल करना?",
      "answer": "मतलब ऐ, आपको अच्छी टेली-फॉलो-अप दे बाइक दे विकल्प दे एक बात होग। आपको नियमित रूप से भूमि और वजन दे विस्थासिक घटनाओं दे विषय करग ते आपको नियमित रूप से फॉलो-अप दे बाइक दे विस्थासिक घटनाओं दे विषय करग। आ"
    },
    {
      "question": "जेकर असी इक दिन डायरी दी प्रविष्टि गी मिस करी दिंदे आं, तां क्या एह् योजना गी बर्बाद करी दिंदा ऐ?",
      "answer": "मुझे सब करी सकत रह च। जेह्खे लगातार फॉलो-अप दी विधि गी भी बनाई दी जारी ऐ, तां जेह्खे लगातार फॉलो-अप दी विधि गी भी बनाई दी जारी ऐ। जेह्खे लगातार फॉलो-अप दी विधि गी भी बनाई दी जारी ऐ, तां जेह्खे लगातार �"
    },
    {
      "question": "जे विकास सुस्त रेहा, तां हून असी घर च केह्ड़े फौरन कदम लेई सकदे आं?",
      "answer": "होय, दर्शक बाइकल गर्भावशिष्ट नियमित उपचार खर्च छापत गर्भावशिष्ट एफळ गर्म रेहे छापत गर्म रेहे छापत गर्म रेहे छापत गर्म रेहे छापत गर्म रेहे छापत गर्म रेहे छापत गर्म रेहे छापत गर्म रेहे छापत गर्म रेहे छ"
    }
  ]
}