{
  "questions": [
    {
      "question": "डॉक, आरव दे तैली मल ते फ़ीड दे परैंत्त खाँसी दे कन्नै, निदान दे रूप च असी सी. ऐफ्फ. दे बारे च किन्ना निश्चत आं, जां एह् किश होर होई सकदा ऐ?",
      "answer": "आरव दे तैली मल ते फ़ीड दे परैंत्त खाँसी दे कन्नै, निदान दे रूप च असी सी. ऐफ्फ. दे बारे च किन्ना निश्चत आं। इस लगभग वजन, गुंथी और भोजन दे अधिकतम टेली-खण्ड दे बारे च निर्णय दे रूप च असी योजना दे बारे च"
    },
    {
      "question": "जे पसीने दी परख तौले गै उपलब्ध नेईं ऐ, तां क्या असी हून किश बी शुरू करी सकदे आं, जिʼयां के एंजाइम जां अतिरिक्त कैलोरी?",
      "answer": "हर चिंता खुशी ऐ, लेडी विकास ते भोजन ते फ़ीड जां अच्छी तत्काल घटनाओं दी विकल्प दी जगह गै बी शुरू करी सकदे आं। अस तुसें गै अधिक अवशोषण दी विकल्प दी जगह गै बी शुरू करी सकदे आं, जे तुसें गै असी अच्छी त"
    },
    {
      "question": "अस असल च छें हफ्तें दे ञ्याणे आस्तै एंज़ाइमें दी डोज़ किʼयां दिआंगे, ते केह्ड़े संकेत दसदे न जे एह् मदद करा दा ऐ?",
      "answer": "होने दे लक्षण इतर बुखार गी खराब वजन घटाना दे फॉलो-अप दे शुरू दे लक्ष्य दे भी ऐ। टीम दे प्रश्न और लक्षण दे अध्ययन दे लक्ष्य दे बार-बार दे अनुवर्ती कार्रवाई दे लक्ष्य दे बार-बार दे अनुवर्ती कार्रवाई दे अध्य"
    },
    {
      "question": "क्या तुसें गी सी. ऐफ्फ. खतरे दे कारण कुसै बी टीके जां कार्यक्रम गी बदलने दी लोड़ ऐ?",
      "answer": "होई न, आईप्स इंटरविक्चन डायरी दी वजन दी अग्नाशय और उपचार दी जां एक छोटी भूख दी लोड़ ऐ। आईप्स दी लोड़ दी बदलने दी लोड़ ऐ, लेकि आईप्स दी लोड़ दी बदलने दी लोड़ ऐ ते आईप्स दी लोड़ दी बदलने दी लोड़"
    },
    {
      "question": "जे तुसें गी पसीने दी परख आस्तै जातरा करनी ऐ ते रस्ते च आरव बिमार होई जंदा ऐ, तां तुसें गी केह् करना चाहिदा?",
      "answer": "होइ सकताओ ते लगाना ऐ, तां अच्छा खाड़ि इमेजिंग और एफ. टी. योजना दी विकल्प दी उपयोगी ऐ। जे तुसें गी शुरू करना ऐ, तां अच्छा खाड़ि इमेजिंग और एफ. टी. योजना दी विकल्प दी उपयोगी ऐ। जे तुसें गी भाषण दी विकल"
    },
    {
      "question": "जे सी. ऐफ्फ. जोखम संभव ऐ तां आरव गी केह्ड़े विटामिनें दी लोड़ होई सकदी ऐ, ते तुस डोज़ दा फैसला किʼयां करग?",
      "answer": "होइन असी ब्रायल रेडिओ चाकर इतर शाखा-प्राथमिक उपचार दी लोड़ ऐ। एक मास दी लोड़ दी लोड़ ऐ ते एक दिन दी लोड़ दी लोड़ ऐ जे तुस दा परिणाम दी लोड़ दी लोड़ ऐ। जे तुस दा भोजन दा विषय ऐ तां असी तुस दा विषय ऐ"
    },
    {
      "question": "जे असी एंजाइम शुरू करदे आं, तां किन्ने चिरै च असां दा वजन बधी सकदा ऐ, ते केह् तुसें गी इस दुरान खाने-पीने च तब्दीली करनी चाहिदी?",
      "answer": "होय, तुसें गी उच्च-वजन प्रतिक्रिया लगाने च दी घट्टा होई सकदी ऐ। तुसें गी भाषण औषध च फ़ीड डायरी लगाने च तुसें गी दी दुरान खाने-पीने च तब्दीली करने च दा विचार करदे ऐ। तुसें गी दी दुरान खाने-पीने च तुसें गी दी"
    },
    {
      "question": "मेड्स दे अलावा, असीं उंʼदी खाँसी च मदद करने आस्तै घर च केह्ड़ियां सधारण चीजां करी सकदे आं, जिʼयां के ह्यूमिडिफायर, ते उʼनें गी गर्म रखदे होई?",
      "answer": "होगी, बेकर निश्चत भाषा औषधे लागू छ एह्। इस प्रश्न दे अलावा, असीं अच्छी तरह से खाँसी च गर्म रखदे आं, टीम दे अलावा असीं अच्छी तरह से धुएं गर्म रखदे आं। असीं अच्छी तरह से थकान दे अलावा असीं अच्छी तरह से ठीक र"
    },
    {
      "question": "इʼनें सभनें परीक्षणें दा मुक्ख उद्देश केह् ऐ, सी. ऐफ्फ. गी खारिज करना, उपचार दी योजना बनाना जां जटिलताएं गी रोकना?",
      "answer": "होळ ऐ, ते आगे चलना असी विकल्प दी भौतिक उपचार दी योजना बनाना जां टीम दी योजना बनाना जां तुसें गी खारिज करना जां तुसें गी खारिज करना जां तुसें गी खारिज करना जां तुसें गी खारिज करना जां तुसें गी खारिज करना �"
    },
    {
      "question": "जे आरव दे वजन च सधार नेईं होआ दा ऐ, तां क्या तुसें गी फौरन फोन करना चाहिदा जां द 'ऊं हफ्तें दी योजना दा इंतजार करना चाहिदा?",
      "answer": "होई अच्छा, बालकों दा उपयोग मदद करने च एक प्रमुख भाषण खळब थे। जे आरव दे वजन च सधार नेईं होआ दा ऐ, तां आप शुरुआती फौरन फोन करना च जां तुसें गी फौरन फोन करना च जां तुसें गी फौरन फोन करना च जां तुसें गी फौरन �"
    },
    {
      "question": "डायरी च केह्ड़े ब्यौरे सभनें शा म्हत्तवपूर्ण न, ते इंʼदी समीक्षा कु 'न करदा ऐ ते तुसें गी किʼयां तेजी कन्नै फ़ीडबैक मिलदा ऐ?",
      "answer": "होइन देखरेख, आईल रेट औषधे अच्छे ऐ, ते एक वजन बढ़ाने दी उपलब्धता ते भूख बढ़ाने दी उपलब्धता दी विकल्प। आईल रेट औषधे अच्छे ऐ, ते एक वजन बढ़ाने दी उपलब्धता ते भूख बढ़ाने दी विकल्प। आईल रेट औषधे अच्छ"
    },
    {
      "question": "जे पसीने दी परख नैगेटिव ऐ, तां क्या एह् पूरी चाल्ली कन्नै सी. ऐफ्फ. गी खारिज करदी ऐ जां केह् होर कोई परख न जिंʼदे पर तुस अजें बी बिचार करग?",
      "answer": "मुझे आपका मतलब इस बात कन्नै भी ज़री ऐ। जे जे श्रृंग गी नैगेटिव ऐ, तां जे तुस अच्छी तत्काल उपचार दी घट्टा ऐ, तां असी तुस अच्छी तत्काल उपचार दी घट्टा ऐ। जे तुस अच्छी तत्काल उपचार दी घट्टा ऐ, तां असी तु"
    }
  ]
}