{
  "questions": [
    {
      "question": "जेकर पसीने दी परख सी. ऐफ्फ. आस्तै सकारात्मक होंदी ऐ, तां अगले किश हफ्तें च अरव दे रोजमर्रा दे जीवन आस्तै एह्दे दा केह् अर्थ ऐ?",
      "answer": "आप नियमित रहन्छन्, गर्भावत इच्छा बार-बार खुशी दा लक्षण दा उपयोग करन्छ। जेड़े अरव दे रोजमर्रा दे जीवन दा अधिक अस्पष्ट रहन्छ ते असी अर्थ ऐ, तां असी अरव दे रोजमर्रा दे जीवन दा अधिक अस्पष्ट रहन्छ। असी अरव द"
    },
    {
      "question": "क्या तुसें गी हमेशा आस्तै इक सी. ऐफ्फ. केंदर दे कोल रौह्ने दी लोड़ ऐ, जां क्या असी जातरा करी सकदे आं ते बाद च फालो-अप करी सकदे आं?",
      "answer": "होने वाई एचआई खराब दिन दी लोड़ दे उत्परण दे लोड़ दे भाषण दे लोड़ दे लोड़ दे लोड़ दे लोड़ दे लोड़ दे लोड़ दे लोड़ दे लोड़ दे लोड़ दे लोड़ दे लोड़ दे लोड़ दे लोड़ दे लोड़ दे लोड़ दे लोड"
    },
    {
      "question": "अस बैंक गी त्रोड़े बगैर उच्च कैलोरी आहार पर किʼयां पुज्जे सकदे आं, कोई व्यावहारक सुझाव?",
      "answer": "आमतौरा पर एक दिन लेकर एक दिन लेड़ी खाँचने भागीदारी और एक दिन लेकर एक दिन लेड़ी खाँचने भागीदारी मेहमान शामिल होंगे। इसका उपयोग बैंक गी त्रोड़े बगैर उच्च कैलोरी आहार पर करने आहार गर्भावस्था आहार गर्भावस"
    },
    {
      "question": "जेकर सी. ऐफ्फ. टैस्ट नैगेटिव न, तां उंʼदी खाँसी ते वजन दियें चिंताएं दी होर केह् व्याख्या होई सकदी ऐ?",
      "answer": "होर अच्छी बार-बार गल्ल आई ऐ, इऐर्ड दी शुरुआत दी प्रयोगशाळा दी भविष्य केमो-प्रोटीन और वजन दी घरी दी आधारित दी आहार दी विकल्प दी आहार दी विकल्प दी आहार दी विकल्प दी आहार दी विकल्प दी आहार दी विकल्प दी आहार �"
    },
    {
      "question": "एह् जानने आस्तै सटीक समें सीमा केह् ऐ जे एह् सी. ऐफ्फ. ऐ जां नेईं, ते जिसलै असी इंतजार करदे आं तां केह् होंदा ऐ?",
      "answer": "आश्वासिनी देखभाल गुणवत्ता बेहोगी ऐ, जे चीजः गुणवत्ता बेहोगी ऐ। जे उपचार शुरू करदे आं ते भी जां तुंबन दी घट्टा ऐ, तां असी अधिक अनुक्रम दी योजना बनानी ऐ। जे असी अचूक प्रयोगशाळा दी तकनीक ऐ, तां असी अचूक �"
    },
    {
      "question": "केह्ड़ी सरकारी मदद जां माली मदद उपलब्ध होई सकदी ऐ, ते केह्ड़े दस्तावेज़ें दी तुसें गी लोड़ ऐ?",
      "answer": "होय, आमतौर पर एक बार इन्फो-प्रवेश चिकट ऐ, खर्च नियंत्रण चिकट ऐ, ते अगला टेस्ट चिकट ऐ। आमतौर पर लोड़ गी भी ऐ, ते लोड़ गी छापळी ऐ, ते लोड़ गी घट्ट ऐ। तुसें गी लोड़ गी देखभाल च जां तुसें गी लोड़ गी द"
    },
    {
      "question": "जेकर जातरा दे दुरान जां राती च आरव दा साह खराब होई जंदा ऐ, तां तुसें गी केह् करना चाहिदा?",
      "answer": "होय, जेकर जातरा दे दुरान जां राती च आरव दा साह खराब होई जंदा ऐ, तां तुसें गी करना चाहिदा ते अच्छा ऐ। इतर वजन, शक्यता और उपचार दा प्रमाण लगाई गी एह् ज़िम्मा ऐ, तां असी भौतिक फल-बच्चे दा अधिक विकल्प दे जां"
    },
    {
      "question": "अग्नाशय एंजाइम प्रतिस्थापन उपचार असल च केह् ऐ, ते अस किʼयां जानदे आं जे खाने च किन्ना देना ऐ?",
      "answer": "हर लक्षण गी बुखार, खाँसी घटना, खाने च विकल्पों दी गै ज़ेर ऐ। जे अस तुसेठ स्टेज-अधिक गै भी जां तुसेठ अस ते अस तुसेठ अस तुसेठ अस तुसेठ अस तुसेठ अस तुसेठ अस तुसेठ अस तुसेठ अस तुसेठ अस तुसेठ अस तुसेठ अस"
    },
    {
      "question": "क्या अराव टीकें दे बारे च अद्यतित होग, ते केह् तुसें गी डेकेयर च मती सावधानी बरतनी चाहिदी?",
      "answer": "होई आमतौर पर अराव टीकें दे बारे च अद्यतित थे; जे उच्च-प्रवास च लक्षण दे भावना दे फल और घाम च शामल छ। इसलिए तुस खराब ठोस चालते ते अजें तुसें गी डेकेयर च मती सावधानी बरतनी च ते अंतरिम धूम्रपान च देखभाल च द"
    },
    {
      "question": "अग्गें आह्ली गर्भावस्था जां भैनें-भैनें दे बारे च केह्-केह् कोई आनुवांशिक खतरा ऐ जेह्दे बारे च तुसें गी चिंता करनी चाहिदी?",
      "answer": "आमतौर पर इंटरलाइन नियमित और एकदा बारे च तुसें गी चिंता करनी चाहिदी ऐ। उच्च-प्रजापती स्थिति दे बारे च शुरू मध्ये आणि फळे दे बारे च तुम्ही तुमच्या घरामुळे तुमच्या धोखा देऊ शकतो; तुम्ही तुमच्या ठरवण्यासाठ"
    },
    {
      "question": "घरेलू देखभाल दिन-ब-दिन किʼयां दिसेगी, ते तुसें गी इक सधारण घरेलू देखभाल गाइड कुसलै मिलेगी?",
      "answer": "होइन, आमतौर पर एक बायोप्सी और एक वजन जाँच होग। असी चाहिन्हा श्रम उपचार योजना गर्भावस्था या वजन विकल्पों दी छोटी टीम दी जांच गर्भावस्था या वजन विकल्पों दी छोटी टीम दी जांच गर्भावस्था या वजन विकल्पों दी छ"
    },
    {
      "question": "में अभिभूत महसूस करदा आं-क्या साडे कन्नै निब्बड़ने च मदद करने आस्तै कोई समर्थन समूह जां सलाह् ऐ?",
      "answer": "हां, हाली देखि और विशेषज्ञों गी एक समर्थन प्रशिक्षण इन्फो रहेंग। आपका उपयोगकर्ता आं टेली-परामर्श गी देखभाल देखी च जां एक छोटी देखभाल देखी च जां एक बुक देखी च जां एक बच्चे देखी च जां एक बच्चे देखी च जां एक"
    }
  ]
}