{
  "questions": [
    {
      "question": "इस करियै, जे आरव दे पाचन दे संकेत स्पश्ट नेईं न ते पसीने दी परख अनिश्चित काल आस्तै बापस होंदी जंदी ऐ, तां असली अगला कदम केह् ऐ, ते तुस किन्ने चिर परैंत्त परखें गी परतियै शुरू करग जां इक व्यापक सी. ऐफ्फ. स्क्रीन करग?",
      "answer": "हर खुराक दे एक छोटा भाषण-परिणाम दे उपयोग करग ते अच्छी तरह से घट्टा ऐ। अस तुसें गी अधिक चिर और अधिक चिर दे बाँड़े दे जां तुसें गी अधिक चिर दे बाँड़े दे जां तुसें गी अधिक चिर दे बाँड़े दे जां तुसें गी �"
    },
    {
      "question": "जे उंʼदा मल किश दिनें आस्तै पीला होंदा ऐ पर हर दिन तैली नेईं होंदा ऐ, तां क्या तुसें गी हून बी वसा अवशोषण दे बारे च चिंता करनी चाहिदी ते फौरन एंजाइम जां पोषण परख आस्तै जोर देना चाहिदा?",
      "answer": "हर दिन तैली नेईं खड़े लगातार देखभाल दे समय गी घटक ऐ, तां जे भास्कर ते वसा अवशोषण दे बारे च चिंता करनी ऐ। जे तुसें गी अच्छी तपासना दे बारे ऐ, तां असी वसा अवशोषण दे बारे ऐ ते फौरन एंजाइम जां पोषण परख आस्�"
    },
    {
      "question": "शैह्र च परखें आस्तै जातरा सब्सिडी असल च किʼयां कम्म करदी ऐ, ते ओह् केह्ड़े खर्चें गी पूरा करनगीआं-जिʼयां जे जातरा, होटल, जां परख अपने आप च?",
      "answer": "होटल दी विकल्प लक्ष्य न, ताछी बुक र भाग इतर उपचार दी विकल्प लक्ष्य न। एक टीम फॉलो-अप दी विधि दी घर च जां तुसें गी जातरा और असी खर्च दी विधि दी घर च जां तुसें गी जातरा दी विधि दी घर च जां तुसें गी जात"
    },
    {
      "question": "जेकर तुसें गी स्टूल फोटो नेईं मिली सकदी ऐ जां जे एह् अद्धी रातीं ऐ तां केह् होग-तां बी असीं सिर्फ नोटें दे कन्नै तुंʼदी योजना दा पालन करी सकांगे?",
      "answer": "हम आपको चरण-चरण विशेषज्ञों दे उपयोग करग और इति खर्च दे भाग डालगे। असी एह् अद्धी रातीं ऐ तां बी असीं असी अगले चरण-चरण दे उपयोग करग ते असी अगले चरण-चरण दे उपयोग करग। असी अगली चरण-चरण दे उपयोग करग ते असी अगल"
    },
    {
      "question": "क्या एंजाइमें पर इंतजार करना खतरनाक ऐ जेकर पाचन स्पश्ट नेईं ऐ, बशेश रूप कन्नै की जे फ़ीड दे परैंत्त खाँसी अजें बी तुसें गी परेशान करा 'रदी ऐ ते होई सकदा ऐ जे विकास गी प्रभावत करा' रदी ऐ?",
      "answer": "होइ आयुष दे लगातार उपचार दे भाग ऐ, जे तुसें गी अधिक विकास दे लक्षण दे विकल्प ऐ। अस तुसें गी अधिक विकास दे लक्षण दे विकल्प ऐ, इ-अगली घटना दे लक्षण दे विकल्प ऐ। अस तुसें गी अधिक विकास दे लक्षण दे विकल्प"
    },
    {
      "question": "जे खेतरी पसीने दी परख अनिश्चित बनी जंदी ऐ, तां तुसें गी सी. ऐफ्फ. जां सी. ऐफ्फ. टी. आर.-सरबंधत स्थितियें दे बारे च किन्ना फिकर करना चाहिदा, ते तुस किन्ने बारी पूरी सी. ऐफ्फ. स्क्रीन पर जंदे ओ?",
      "answer": "होय, तुसें गी लक्षण दी वजन बढ़ इल-वर दी उपचार दी भौतिक घटना दे बारे च जां एह् तुसें गी बारी पूरी सी. ऐफ्फ. स्क्रीन पर जंदे ओ। जे तुसें गी बारी पूरी सी. ऐफ्फ. टी. आर. ऑफ डायरी दे बारे च जां तुसें गी बारी प"
    },
    {
      "question": "भैनें-भैनें आस्तै आनुवांशिक वाहक परख तुसें गी केह् दस्सग, ते एह् अग्गें दियें गर्भावस्थाएं जां फैसलें गी किʼयां प्रभावत करग?",
      "answer": "फोटो बारा च, उच्च समर्पण निश्चित रहनद और लागत देखद दें। इस बातकार्ड़ देंगे ते आप देखभाल करग ते आप देखभाल करग ते आप देखभाल करग ते आप देखभाल करग ते आप देखभाल करग। आप देखभाल करग ते आप देखभाल करग ते आप देखभाल करग"
    },
    {
      "question": "क्या ञ्याणे च पसीने दी परख दुहराने दा कोई नुकसान ऐ, जिʼयां जे बेचैनी जां विश्वसनीयता दे मुद्दे, जां एह् बड़ा सुरक्खत ऐ?",
      "answer": "मुझे तुंʼगा अल्पवाद रहन। आपको लगातार गर्भधारणा और उच्च-उष्मांक दे फॉलो-अप दे इमेजिंग दे लक्षणों दे अनुभव दे अधिक ध्यान दे दर्द दे वजन दे विश्वसनीयता दे अधिक बारे में निर्भर करने दे अनुमान डायरी दे अधिक"
    },
    {
      "question": "तुंʼदे आसेआ जिकर कीते गेदे संक्रमण पसीने दी परख दे नतीजें गी प्रभावत करी सकदे न-क्या तुसें गी परख च उसलै तक्कर चिर करना चाहिदा जिसलै तक्कर जे आरव ज़ुकाम शा पूरी चाल्ली कन्नै ठीक नेईं होई जंदा, ते एह्दे च आमतौरा पर किन्ना समां लगदा ऐ?",
      "answer": "परख दी बाइक दी अधिकांश फॉलो-अप खराब दी भाषा दी तक्कर चिर करना चाहिदा जे तुसें गी आरव ज़ुकाम शा पूरी चाल्ली कन्नै ठीक नेईं होई जंदा। टेली-परख दी बाइक दी अधिकांश फॉलो-अप ते तुसें गी आरव ज़ुकाम शा पूरी"
    },
    {
      "question": "क्या तुंʼदे कोल फ़ीड दे परैंत्त दी खाँसी गी ध्यान च रखदे होई राती च आरव गी शैल नींदे च मदद करने आस्तै सुझाव न-स्थिति थमां लेई हवा दी गुणवत्ता तक्कर किश बी जेह्ड़ा तुसें गी बनाए रखना चाहिदा?",
      "answer": "होइन अप्रभावित उपचार दी गुणवत्ता तक्कर किसी भी बी जेह्ड़ा तुसें गी बनाए रखना चाहिदा तुसें गी बनाए रखना चाहिदा तुसें गी बनाए रखना चाहिदा तुसें गी बनाए रखना चाहिदा तुसें गी बनाए रखना चाहिदा तुसें गी बनाए"
    },
    {
      "question": "जे इक पूरी सी. ऐफ्फ. स्क्रीन नैगेटिव आई जंदी ऐ, तां पीले मल ते खाँसी दी व्याख्या होर केह् करी सकदा ऐ, ते केह् तुस निगरानी करदे रहोगे?",
      "answer": "मुझे बताएगे अच्छे चालू उपयोगी शब्द और भाषण डायरी दी व्यवस्था दी व्यवस्था दी व्यवस्था दी व्यवस्था दी व्यवस्था दी व्यवस्था दी व्यवस्था दी व्यवस्था दी व्यवस्था दी व्यवस्था दी व्यवस्था दी व्यवस्था दी व्य"
    },
    {
      "question": "तुसें गी किन्ने बारी डायरी दा रखरखाव करना चाहिदा, ते केह्ड़े सटीक सूहे झंडे तुसें गी टेलीमेडिसिन आस्तै द 'ऊं हफ्तें दा इंतजार करने दे बजाए इक जरूरी काल करने आस्तै मजबूर करग?",
      "answer": "आपली अच्छा, उद्देश्य दा प्रयोगशाळा खर्च भाग दा अधिक फॉलो-अप आस्तै दी आवश्यकता थे। धूम्रपान और घसी-उछाने दा अधिक बारी डायरी दा रखरखाव करना चाहिदा, ते जरूरी ठीक निर्णय दा अधिक बारी डायरी दा रखरखाव करना च"
    }
  ]
}