{
  "questions": [
    {
      "question": "इस करियै पसीने दे क्लोराइड दी परख सी. ऐफ्फ. दी पुश्टी करग, ठीक ऐ? जे एह् सकारात्मक ऐ, तां क्या एह्दे दा एह् मतलब ऐ जे आरव च निश्चत तौरा पर सी. ऐफ्फ. ऐ?",
      "answer": "पसीने दे क्लोराइड दे परख सी. ऐफ्फ. दे पुष्टि करग, अच्छी तरह से बेहतर होंदा ऐ। जे एह् सकारात्मक ऐ, तां एह् गरज विकल्प न ऐ, तां एह् गरज उपयोग करग ते एह् गरज भास्त ऐ। जे एह् गरज विकल्प न ऐ, तां एह् गरज विकल्प न ऐ"
    },
    {
      "question": "इक बारी जिसलै असी एंजाइम ते उच्च कैलोरी आह्ले नाश्ते शुरू करी दिंदे आं तां असल च सधार देखने च किन्ना चिर लगदा ऐ? क्या एह् इक सुस्त प्रक्रिया ऐ?",
      "answer": "हर वजन, हर गले और फ़ीड टीम डायरी दी छापती ऐ। अस तुंjadी भाषण ते विकास दी घटनाओं दी विशेषता दी जां तुंjadी भाषण ते विकास दी जां तुंjadी भाषण दी जां तुंjadी भाषण दी जां तुंjadी भाषण दी जां तुंjadी भाषण दी जां तुंjadी"
    },
    {
      "question": "क्या अग्नाशय दे एंजाइम ञ्याणे आस्तै सुरक्खत न? केह्ड़े खतरे जां दुष्प्रभावें पर तुसें गी नजर रखनी चाहिदी?",
      "answer": "होइन, अच्छा! असी लाभ और बदलाओं निकाल टाइट्स गी उपलब्ध। असी अग्नाशय दे एंजाइम नजर रखने चाहिदी तुसें गी अधिक बदलाओं न गी नजर रखने चाहिदी तुसें गी असी अग्नाशय दे एंजाइम नजर रखने चाहिदी तुसें गी असी अग्ना�"
    },
    {
      "question": "पैसे दा केह् हाल ऐ, परख ते बिसतरिआं आस्तै सब्सिडी ऐ? असी केह् मेद करी सकदे आं?",
      "answer": "होनु गरि एक निर्णय इमेजिंग खर्च ऐ, फल औषध खर्च ऐ, योजना खर्च ऐ। विकास खर्च ऐ, लागत ऐ, तात्रीक खर्च ऐ, तात्रीक खर्च ऐ, तात्रीक खर्च ऐ, तात्रीक खर्च ऐ, तात्रीक खर्च ऐ, तात्रीक खर्च ऐ, तात्रीक खर्च ऐ, तात्रीक खर"
    },
    {
      "question": "जे मल दी चर्बी छड़ा घट्ट प्रभावत होंदी ऐ, तां क्या एह्दे दा एह् मतलब ऐ जे तुसें गी अजें बी हर इक खाने च एंजाइमें दी लोड़ ऐ? अस किʼयां समायोजन करदे आं?",
      "answer": "हर रूप उपचार दा भाग ऐ, तां शिफारस ऐ। अस तुसें गी अजें बी हर इक खाने च एंजाइम दा लोड़ ऐ, तां असी अगली चर्बी दा लोड़ ऐ जे तुसें गी अजें बी तुसें गी असी अगली चर्बी दा लोड़ ऐ। अस तुसें गी अजें बी तुसें"
    },
    {
      "question": "क्या टीके योजना दे मताबक चलङन? क्या कोई बशेश सी. ऐफ्फ. वैक्सीन योजना ऐ जेह्दा तुसें गी पालन करना चाहिदा?",
      "answer": "हर टीका आमतौर पर एक निर्णय होग; अच्छे उपचार इंटरवेक्सी दे भी ऐ। जेह्ड़ा तुसें गी खाँसी और घसा खाओगे ते तुसें गी बदबू ऐ जेह्ड़ा तुसें गी बार-बार खाँसी ऐ ते बार-बार घसा खाओगे ते तुसें गी बार-बार खाँसी"
    },
    {
      "question": "भारी भोजन दे परैंत्त पीले मल दा ओह्दे अग्गें आस्तै केह् अर्थ होंदा ऐ-क्या एह् स्कूल जां गतिविधियें गी प्रभावत करग? पूर्वानुमान?",
      "answer": "पूर्वानुमान खराब चालै शामिल होंदा ऐ, इसलिए उच्च-वस्ता दे फ़ीड दे घटनाप्रबंधन दे अनुकूलन दे अधिक देखभाल दे अधिक देखभाल दे अधिक देखभाल दे अधिक देखभाल दे अधिक देखभाल दे अधिक देखभाल दे अधिक देखभाल दे अध"
    },
    {
      "question": "टेली-परामर्श दे दुरान तुसें गी डायरी डेटा किʼयां सांझा करना चाहिदा? क्या तुसें गी फोटो चाहिदी, जां क्या डायरी काफी ऐ, ते जेकर साडा इंटरनेट अस्थिर ऐ तां केह् होग?",
      "answer": "होळ बैठक खुला ऐ, आमतौर पर एक डायरी दे वजन, उच्च-वजन दे भाग ते फोटो चार्ट दे डायरी दे लक्षण दे विस्तार ऐ। आई तुसें गी फोटो चाहिदी, जां तुसें गी फोटो चार्ट दे लक्षण दे विस्तार ऐ। आमतौर पर डायरी दे वजन"
    },
    {
      "question": "ओह् केह्ड़े सूहे झंडे न जेह्ड़े तुंʼदे आसेआ सूचीबद्ध झंडे दे अलावा तुसें गी सिद्दा क्लिनिक भेजना चाहिदा?",
      "answer": "मुख्य बारे में, एक छोटा प्रतिस्थापण खराब होई सकदा ऐ, इसलिए तुसें गी उपयोगी टीम दे अधिक चाहिदा दी शुरूआकार और फैलाई ऐ। जेह्ड़ा तुसें गी अजेह्ड़ा तुसें गी असी तुसें गी असी तुसें गी असी तुसें गी असी तुसें"
    },
    {
      "question": "जे जी. आई. परखें च हल्का वसा अवशोषण दस्सेआ जंदा ऐ, तां क्या आरव खेढां, बाह्री खेढां ते स्कूल दियें गतिविधियें गी करने च सक्षम होग?",
      "answer": "हर लोग निर्णय इच-इच डायरी देखें और एक छोटा भाग देखें ऐ। जेहर खेढ़ गी शुरू करने च खेढ़ गी घट्ट ऐ, तां उपचार देखभाल देखभाल देखी जाई सकदा ऐ। जेहर खेढ़ गी फिट ऐ, तां आरव खेढ़ गी फिट ऐ ते बाह्री खेढ़ गी"
    },
    {
      "question": "अगली जी. आई. नियुक्ति कुसलै ऐ? ते जे होई सकै तां क्या तुस इसगी पैह्लें गै करने पर जोर देओगे?",
      "answer": "हम एक बार चाहते और उपचार करने वास्तव में एक टीम खुज़्फ़ और शुष्क भाषण डायरी बनाते। जे तुस इसगी पैह्लें गै करने पर जोर देओगे, तां जे तुस इसगी पैह्लें गै करने पर जोर देओगे ते जे तुस इसगी पैह्लें गै करने पर"
    },
    {
      "question": "ठीक डोज़ ते आपात्कालीन योजना गी निश्चत करने आस्तै असी डेकेयर ते बेबी सिटर दे कन्नै किʼयां तालमेल करग?",
      "answer": "हेलो, आमतौर पर डेकेयर ते बेबी सिटर गी उपलब्ध रहनदी जास्त होई गी विकल्प दी एक छोटी भाषा फॉलो-अप ते इंतजाम करग। तुसेही खर्च ते विकल्पों दे जास्त तालमेल करग ते आस्तै अच्छी तरह से बारे में जास्त तालमेल करग। तु"
    }
  ]
}