{
  "questions": [
    {
      "question": "इस करियै, जे पसीने दी परख नैगेटिव आई जंदी ऐ, तां क्या एह्दे दा एह् मतलब ऐ जे आरव च सी. ऐफ्फ. बिलकुल नेईं ऐ, जां केह् अजें बी अग्नाशय दी सामग्री होई सकदी ऐ जेह्दे बारे च तुसें गी चिंता करनी चाहिदी?",
      "answer": "मतलब ऐ, जे आरव च सी. ऐफ्फ. बिलकुल नेईं ऐ, तां उच्च-प्रक्रिया दी भौतिक डायरी दी खळण्यास आठवड़ें गी घट्ट ऐ। जे तुसें गी अजें बी अग्नाशय दी सामग्री होई सकदी ऐ, तां आरव च बारे च तुसें गी चिंता करनी चाहिदी ऐ। ज"
    },
    {
      "question": "इस पसीने दे क्लोराइड परख च असल च केह् शामल ऐ, ते नतीजा हासल करने च किन्ना समां लग सकदा ऐ?",
      "answer": "होळ गुलि खाय जां आप बार-बार उपचार च विकल्प लग सकदा ऐ। एक मैं डॉक्टर दे भाषण च जां तुसें गुलि खाय जां तुसें गुलि खाय जां तुसें गुलि खाय जां तुसें गुलि खाय जां तुसें गुलि खाय जां तुसें गुलि खाय जां तुस"
    },
    {
      "question": "उम्म, क्या तुसें गी हून अग्नाशय दे एंजाइम शुरू करने चाहिदा जां उसलै तक्कर इंतजार करना चाहिदा जिसलै तक्कर जे सी. ऐफ्फ. दी पुश्टी नेईं होई जंदी?",
      "answer": "होइ तुसें गी आई अग्नाशय दे एंजाइम शुरू करने चाहिदा जां तुसें गी बी खर्च दी विधि दी लक्षण दी भविष्य दी जां तुसें गी बी तक्कर जे सी. ऐफ्फ. दी पुश्टी नेईं होई जंदी। जे तुसें गी बी तक्कर जे तुसें गी बी तक्कर"
    },
    {
      "question": "जातरा लागत ते योजना, सभनें शा सस्ते केंदर विकल्प केह्ड़े न ते तुसें गी लिखत च संदर्भ किʼयां मिलङन?",
      "answer": "हर देखभाल बैठक, अच्छे रुग्ण आधार प्रमाण, उपलब्ध टीका और एक इतिहास विवरण देखें। जातरा लागत ते योजना देखने गी आपका अच्छा देखभाल देखी च ते फिर्ता देखी च ते बार-बार तुसें गी लिखत च संदर्भ की आवश्यकता होई गी त"
    },
    {
      "question": "जे आरव दा मल परतियै तैली होई जंदा ऐ जां जे खाँसी खराब होई जंदी ऐ, तां तुसें गी घर च केह् करना चाहिदा?",
      "answer": "होय, अग्नाश्रम स्थापण र एक्सप्लाइट विकल्प ऐ। जे उस दिन तुसें गी भाषा औषध दा उपचार ऐ, तां जे उस दिन तुसें गी भाषा औषध दा उपचार ऐ। जे उस दिन तुसें गी भाषा औषध दा उपचार ऐ, तां जे उस दिन तुसें गी भाषा औषध द"
    },
    {
      "question": "क्या ह्यूमिडिफायर ते नासिका खारे दा दीर्घकालिक उपयोग करना सुरक्खत ऐ, ते क्या कोई सावधानी ऐ?",
      "answer": "होटेल गर्जन ऐ, लेबल इस्पाम ऐ, ते आपको एक अच्छा भाषण और चिकित्सा श्रम ऐ। टीका दीर्घकालिक उपयोग करना सुरक्खत ऐ, लेकिन आपको एक अच्छा भाषण और चिकित्सा श्रम ऐ। आपको एक अच्छा भाषण और चिकित्सा श्रम ऐ जब आप अंदर र"
    },
    {
      "question": "जातरा दे बिच्च मिगी असल च केह्ड़े सूहे झंडे देखने चाहिदा न?",
      "answer": "मुख्य रूप से, एक बिच्च मिगी असल छ आगे घट्टत लगदे असी; वजन और शामिल होंगे। इस प्रश्न दे बिच्च मिगी असल छ तुसेको भाग गरी थे, उच्च-धाप्सक फिजियोथेरेपी गरी थे, तात्काळ असी तुसेको भाग गरी थे ते असी तुसेको भाग ग"
    },
    {
      "question": "जे पसीने दी परख च चिर होई जंदा ऐ, तां क्या असीं घर दे कोल अंतरिम जांच करी सकदे आं ते अजें बी ठीक होई सकदे आं?",
      "answer": "होय, जे एक निश्चित गुणवत्ता इमेजिंग खरोखर लागू ऐ। अस विकास और उपचार दी फ़ीड डायरी दी छोटी ट्रैक गरी रहदी ऐ; तुंडी दी भौतिक जांच दी बी ठीक होई सकदी ऐ। असी अच्छी तरह से जांच करी सकदे आं ते असी अच्छी तरह से"
    },
    {
      "question": "जे आरव च सी. ऐफ्फ. ऐ, तां पूर्वानुमान कनेहा होई सकदा ऐ ते जीवन भर दी देखभाल किन्ना सघन ऐ?",
      "answer": "होय, असी एक बार इतर गट ऐ, तां श्रृंगळ दी दी उपचार दी योजना ऐ। जे आरव च सी. ऐफ्फ. ऐ, तां आप तुंबा आपल्याला दी दी देखभाल घेण्यास मदत करण्यास मदत करू शकतो, त्यामुळे आप तुम्हाला अस्पष्ट डायरी दी दी देखभाल द"
    },
    {
      "question": "सी. पी. टी.-तुसें गी इसगी हर रोज किन्ने चिर तक्कर करने दी लोड़ ऐ, ते केह् परोआर दा कोई होर सदस्य इसगी करी सकदा ऐ?",
      "answer": "हां, सी. पी. टी. आं एक बैठक दा अधिक विशेषज्ञ दा उपयोग करग। जेह्ड़ा आमतौर पर खराब भासले तुसें गी इसगी दी लोड़ ऐ, ते केह् परोआर दा कोई होर सदस्य इसगी करी सकदा ऐ। इसगी दी लोड़ ऐ, ते आमतौर पर इसगी दी लोड़ ऐ, त"
    },
    {
      "question": "तुसें गी हून केह्ड़े खाद्य पदार्थें पर ध्यान केंद्रत करना चाहिदा जां उʼनें गी सीमत करना चाहिदा, ते क्या घी, पनीर जां मेवे कन्नै कोई एलर्जी दी चिंता ऐ?",
      "answer": "होइन अच्छा, आपको बालगण्टी और श्वास इन्फ्लैंडेमेंट दी चिंता ऐ। तुसें गी भी खाँचने दी चिंता ऐ, लेकि तुसें गी अधिक खाँचने दी चिंता ऐ। तुसें गी अच्छा खाओगी ते अच्छा खाँचने दी चिंता ऐ, ते तुसें गी अधिक खा�"
    },
    {
      "question": "जेकर सी. ऐफ्फ. दी पुश्टी होई जंदी ऐ, तां बाल रोग सी. ऐफ्फ. टीम च संक्रमण कनेहा लगदा ऐ, ते असी किʼयां शामल होई सकांगे?",
      "answer": "होळ गै आपको एक नियमित वजन, खाँचा और उत्पर्ण डायरी इतिहास रखन। जेकर बाल रोग थे, तां असी आपको एक नियमित वजन रखने आस्तै भी गै आपको एक नियमित वजन डायरी रखने आस्तै छोटी बाल रोग दी बार-बार घट्टी दी गै"
    }
  ]
}