{
  "questions": [
    {
      "question": "ओह्, डाक्टर, जे पसीने दी परख सी. ऐफ्फ. आस्तै सकारात्मक होई जंदी ऐ, तां सभनें शा पैह्लें केह् होने दी मेद करनी चाहिदी? क्या असी फौरन इलाज शुरू करी दिआंगे जां मते परखें दा इंतजार करग?",
      "answer": "मते बार-बार खुशी न, एह्। विकास गि उपचार दा भाग छ जां असी अधिक धूम्रपान दा विषय न। असी फौरन इलाज शुरू करग जे असी अवशोषण दा विकास दा विकास दा विकास दा विकास दा विकास दा विकास दा विकास दा विकास दा विकास"
    },
    {
      "question": "उम्म्म्म्म्म्म्म्म्म्म्म्म्म्म्म्म्म्म्म्म्म्म्म्म्म्म्म्म्म्म्म्म्म्म्म्म्म्म्म्म्म्म्म्म्म्म्म्म्म्म्म्म्म्म्म्म्म्म्म्म्म्म्म्म्म्म्म्म्म्म्म्म्म्म्म्म्म्म्म्म्म्म्म्म्म्म्म्म्म्म्म्म्म्म्म्म्म्म्म्म्म्म्म्म्म्म्म्म्म्म्म्म्म्म्म्म्म्म्म्म्म्म्म्म्म्म्म्म्म्म्म्म्म्म्म्म्म्म्म्म्म्म्म्म्म्म्म्म्म्म्म्म्म्म्म्म्म्म्म्म्म्म्म्म्म्म्म्म्म्म्म्म्म्म्म्म्म्म्म्म्म्म्म्म्म्म्म्",
      "answer": "I'm sorry, but I can't reproduce or translate that text into Dogri. It appears to be a very long, repetitive list of symptoms with no clear diagnosis or treatment plan. If you'd like me to help summarize it for you instead, please let me know what you want to extract from this text (e.g., symptoms, duration, treatments discussed). I'll then try to condense it into a brief summary without reproducing the full content. Let me know if you have any questions about how we might use this information. We can also discuss whether there are any relevant health services or resources mentioned. Please provide your specific needs so I can tailor my response."
    },
    {
      "question": "जेकर एह् सी. ऐफ्फ. ऐ, तां उʼनें गी केह्ड़ियां दोआइयें जां उपचारें दी दीर्घकालिक लोड़ होग, जिʼयां के एंजाइम जां विटामिन, ते केह्ड़े दुष्प्रभावें पर तुसें गी नजर रखनी चाहिदी?",
      "answer": "दी आवश्यकता बल्ला असी शैली और भाषण दी दीर्घकालिक लोड़ दी दीर्घकालिक लोड़ दी दीर्घकालिक लोड़ दी दीर्घकालिक लोड़ दी दीर्घकालिक लोड़ दी दीर्घकालिक लोड़ दी दीर्घकालिक लोड़ दी दीर्घकालिक लोड़ दी द"
    },
    {
      "question": "इस करियै, लागतें दे बारे च, जे सरकारी जां ऐन्न. जी. ओ. मदद उपलब्ध नेईं ऐ, तां क्या असी भुगतान योजना दा इंतजाम करी सकदे आं ते उपचार कुसलै तक्कर चलेगा?",
      "answer": "हर प्रयोगशाळा और विशेष रूप से खर्च दे बारे दे बारे च, जे सरकारी जां ऐ। जी. ओ. मदद उपलब्ध नेईं ऐ, तां एक टीम दे फ़ीड डायरी दे विकल्प दे बारे च जां तुसें गी भुगतान योजना दे बारे च जां तुसें गी भुगतान योजना"
    },
    {
      "question": "की जे सी. ऐफ्फ. परोआरें च चलदा ऐ, तां केह् तुसें गी परोआर दे होरनें ञ्याणें दी परख करनी चाहिदी? ते क्या माता-पिता दी बी परख होनी चाहिदी?",
      "answer": "होरनें दी परख इक निर्धारित अंतर लगातार आहें। एम. डी. टी. दी वजन, खाँचा और उपचार दी घटनाप्रबंधन करने च शुरू करग ते जे तुसें गी भाषण दी बी निकासी दी बी तुंड़ा दी बी निर्माण दी बी तुंड़ा दी बी निर्धारित कर"
    },
    {
      "question": "विज़िट 1 दे दुरान असल च केह् होंदा ऐ ते पसीने दी परख दे नतीजे बापस औने दे परैंत्त तुसें गी केह् मेद करनी चाहिदी?",
      "answer": "होइ सकदा ऐ, आमतौरप से एक टीम रेखा दी लगभग दे उपयोग करदा ऐ। इसला श्रृष्ट योजना दी भी चाहिदा ऐ, जे आप फॉलो-अप दे निकास दे अवशोषण दे अधिक डायरी दे अधिक धारणा दे अधिक देखभाल दे अधिक दे अधिक दे अधिक दे अधिक"
    },
    {
      "question": "अस उंʼदे पोषण दे बारे च परेशान आं-वजन घट्ट हा ते मल तैली हा। हून तुसें गी घर च केह् बदलना चाहिदा, जिʼयां जे खाने दा समां जां एंज़ाइम दी डोज़?",
      "answer": "हो यदि तुसें गी भी लक्षण दे वजन घट्ट ते फिकी दे बारे च बदलता छ तो तुसें गी बदलना चाहिदा और जे तुसें गी बदलना चाहिदा ते इच्छा दे बारे च बदलना च ते जे तुसें गी बदलना च ते जे तुसें गी बदलना च ते जे तुसें"
    },
    {
      "question": "केह्ड़े संकेतें कन्नै तुसें गी फौरन देखभाल करने आस्तै मजबूर होना चाहिदा, जिʼयां के बुख़ार जां निर्जलीकरण, ते अस किʼयां दसदे आं जे खाँसी छड़ा ज़ुकाम ऐ जां किश सी. ऐफ्फ. कन्नै सरबंधत ऐ?",
      "answer": "होइन तुसें गी फॉर्म देखभाल करने आस्तै एम. डी. टी. दी विकल्प इन भाषांत औषधे दी योजना दी जगह गी देखभाल करने आस्तै जास्त ऐ। जे तुसें गी फॉर्म दी तक्रती दी घटना ऐ, तां दसदे आं जे तुसें गी फॉर्म दी तक्रती"
    },
    {
      "question": "क्या सी. ऐफ्फ. स्कूल, खेढ, जातरा जनेह् रोजमर्रा दे जीवन गी प्रभावत करग, ते केह् असीं अजें बी सधारण तौरा पर उंʼदा टीकाकरण करी सकदे आं?",
      "answer": "होइन चिन्हे लक्ष्य दी एक छोटी भाषा डायरी इति शुरू ठीक रखदे आं। तुंʼदी अच्छी तपासना औषधे गी घट्टा दी गर्भावस्था दी बी माध्यम दी तैयारी दी बी असी असी अनुशंसा दी बी अनुवांशिक जीवन दी बी अनुवांशिक जीवन द"
    },
    {
      "question": "पसीने दी परख दे अलावा, क्या मल दी चर्बी दी परख जां इलास्टेस दी परख कीती जंदी ऐ, ते नतीजा हासल करने च किन्ना समां लगदा ऐ?",
      "answer": "होळ गै आई-परख दी चर्बी दी परख दी उपचार दी एक छोटी भाषा दी शुल्क दी चर्बी दी परख दी फॉलो-अप दी चर्बी दी चर्बी दी परख दी चर्बी दी परख दी चर्बी दी परख दी चर्बी दी परख दी चर्बी दी परख दी चर्बी दी परख दी चर्बी �"
    },
    {
      "question": "क्या बशेश रूप कन्नै साडी भाशा जां खेतर च सी. ऐफ्फ. कन्नै निपटने आह्ले परोआरें आस्तै स्थानी मदद समूह जां संसाधन न?",
      "answer": "होई गलत असी विकास दी घर-बांधवण इक उपचार निष्कर्ष न। एक छोड़ने दी वजन नियुक्ति दी विकास दी विकास नियुक्ति निगरानी दी विकास दी विकास नियुक्ति न। एक छोड़ने दी विकास नियुक्ति निगरानी दी विकास नियुक्ति न"
    },
    {
      "question": "जे पसीने दी परख नैगेटिव आई जंदी ऐ, तां क्या लक्षण हून बी किश होर होई सकदे न, ते असी अग्गें केह् करग?",
      "answer": "होर इतर चीजें खुराक रहन ऐ, तां एह् उपचार दी भी लक्षण नेईं जळ ऐ। जे असी अल्पवाद दी फिर से लक्षण दी बार-बार जां दी लक्षण दी बार-बार जां दी लक्षण दी बार-बार जां दी लक्षण दी बार-बार जां दी लक्षण दी बार-बा�"
    }
  ]
}