{
  "questions": [
    {
      "question": "ठीक ऐ, तां, जे पसीने दी परख असल च सकारात्मक होंदी ऐ, तां ओह्दे परैंत्त 3एं बʼरें दे ञ्याणे आस्तै पैह्ला कदम केह् ऐ, ते उपचार आमतौरा पर किन्ना आक्रामक होंदा ऐ?",
      "answer": "आमतौरा पर, एक टीका खुराक गळ्यापरिवर्तन, श्वास-संबंधित घटना, औषधों आणि फुफ्फुसाची भविष्यातील दुष्परिणामांची आवश्यकता असते. इमेजिंग आणि अनुवांशिक अनुवांशिक डॉक्टर दी वजन/पानाची व्यवस्था आणि तुमच्या दु"
    },
    {
      "question": "जे पसीने दी परख नैगेटिव ऐ पर असां गी अजें बी फिकर ऐ जे एह् सी. ऐफ्फ. होई सकदा ऐ, तां पुश्टी करने आस्तै ओह् होर केह्ड़े परख करी सकदे न?",
      "answer": "होर, चलन खराब ऐ, तां असी लक्षण रेपोर्ट दी श्रम इति दी भी उपचार दी योजना दी छोटी और बड़ी ऐ। अस तुंबनों दी गर्मी दी गर्मी दी बी फिकर दी गर्मी ऐ, तां असी बी फिकर दी गर्मी दी बी फिकर दी गर्मी ऐ। अस तुंबनो"
    },
    {
      "question": "क्या तुस पसीने दी परख दी लागत ते नतीजा हासल करने च किन्ना समां लग सकदा ऐ, एह्दे बारे च इक मोटा अंदाजा देई सकदे ओ, की जे असी योजना बनाने दी कोशश करा 'रदे आं?",
      "answer": "हां, तुस वाह्य उपचार दी लागत ते नतीजा दी खर्च दी लागत ते अंडा दी लागत दी लागत दी भौतिक टीकाकरण दी लागत दी लागत दी तयार करने दी योजना बनाने च शुरू करग। अंडा दी लागत दी लागत दी तयार करने दी योजना बनाने च"
    },
    {
      "question": "चिकना मल-तुसें गी असल च केह् तुप्पना चाहिदा ते तुसें गी होर केह्ड़े संकेतें पर ध्यान देना चाहिदा?",
      "answer": "होर आम रूप संकेतें जी वजन बढ़ाना चाहिदा ते लगभग 10% खराब भोजन च तुसें गी शामिल छ। तुसें गी उच्च-धापन और घट्टा देणे च एकदा तुसें गी फिजियोथेरेपी देऊ। तुसें गी वजन बढ़ाना च तुसें गी खराब भोजन देऊ। इसल"
    },
    {
      "question": "सी. ऐफ्फ. दे लक्खनें च मदद करने आस्तै तुसें गी आहार च केह्ड़े खाद्य पदार्थें पर ध्यान केंद्रत करना चाहिदा, ते तुसें गी मता नमक मिलाना चाहिदा, खास करियै गर्म मौसम च?",
      "answer": "होय, जेकर अच्छी तपासना बेहतर होई रहाएंगी, वजन और घसे-खाप इलास्टेशन भी उपलब्ध। आप अच्छी तरह से अच्छी तरह से अच्छी तरह से अधिक खाद्य पदार्थ देखभाल करग। अच्छी तरह से अधिक खाद्य पदार्थ देखभाल करग ते अच्छी तरह से अध"
    },
    {
      "question": "अस अग्नाशय दे एंजाइम कुसलै ते किʼयां शुरू करदे आं, ते तुस डोज़ दा फैसला किʼयां करदे ओ जे ञ्याणे गी उल्टी जां पाचन समस्याएं न?",
      "answer": "हेलो, अस बिगड़ती रखदे छापदा ते विकास दा खाँचा दे भाग दा अधिक अवशोषण दा विचार करदे ओ। असी अग्नाशय दे एंजाइम गी घटक होंगे, ते असी अपने धूम्रपान और खाने दा अधिक अवशोषण दा विचार करदे ओ। असी अग्नाशय दे एंजाइ"
    },
    {
      "question": "घर च असल च सी. पी. टी. केह् ऐ, असां गी कु 'न प्रशिक्षत करग, ते तुसें गी इसगी किन्ने बारी करना चाहिदा?",
      "answer": "होय, जेहै आपका एक वजन, खाँचा और उद्यम लाओ। फ़ीड भी लाओ; असी श्वास-अंधा खाँसी लाओ ते असी अचूक धूम्रपान न लाओ। असी अचूक वजन रखने छाती और डायरी लाओ ते असी अचूक वजन रखने छाती और डायरी लाओ। असी अचूक �"
    },
    {
      "question": "स्कूल आस्तै, सी. ऐफ्फ. ञ्याणें गी कुस चाल्ली दे नवास दी लोड़ होंदी ऐ, ते अस शिक्षकें दे कन्नै इंʼदा इंतजाम किʼयां करदे आं?",
      "answer": "होइन जारी बनाए रखगे, टीम दी विधि दी उपचार दी भौतिक औषधे खरी दी घर-घर दी लोड़ दी लोड़ दी लोड़ दी लोड़ दी लोड़ दी लोड़ दी लोड़ दी लोड़ दी लोड़ दी लोड़ दी लोड़ दी लोड़ दी लोड़ दी लोड़ दी ल"
    },
    {
      "question": "वाहक परख-अगले कदम केह् न ते एह्दे च साडी केह् मदद ऐ, ते परोआर दे होरनें सदस्यें दी बी परख कीती जानी चाहिदी?",
      "answer": "परख-अगले कदम आई ऐ, अच्छा। इस लैब गुणवत्ता खराब रहन ऐ, तात्रीक दी शुरुआत दी भाषा और उपयोगी टेली-परख दी घटना ऐ। आप फ़ीड गुणवत्ता दी बी निकासी दी बी गंभीर रहन ऐ, तात्रीक दी शुरुआत दी भाषा और उपयोगी टेली-प"
    },
    {
      "question": "जेकर सी. ऐफ्फ. दी पुश्टी होई जंदी ऐ, तां दीर्घकालिक पूर्वानुमान केह् ऐ, ते क्या असीं अजें बी जातरा, खेढें ते स्कूल दे कन्नै इक सधारण जीवन जी सकदे आं?",
      "answer": "होय, जेकर सी. ऐफ्फ. दी पुश्टी होई जंदी ऐ, तां दीर्घकालिक पूर्वानुमान गि च एक छोटा भाग ऐ। उपचार दी शुरुआत दी लगभग 3-6 महीने ऐ, ते जेड़ी असी बी जातरा दी लगभग 1-2 वर्ष ऐ। अस तुसें दी लक्षणें दी लगभग 5-7 महीन"
    },
    {
      "question": "पसीने दी परख दे अलावा, केह्ड़े होर परख रोग दी निगरानी करने ते टीबी जनेही होरनें दशाएं गी खारिज करने च मदद करदे न?",
      "answer": "होरनें आमतौरा पर बुखार, श्लेष्मा, उच्च-प्रक्रिया और भीड़-भीड़ दी निगरानी करने दी आवश्यकता छ। इसलिखी दी निगरानी सहायक होग; आप फिजियोथेरेपी दी निगरानी करने ते टीबी दी निगरानी करने च आपको आहार दी निगरानी करने �"
    },
    {
      "question": "अस सरकारी सब्सिडी ते परिवहन भत्तें आस्तै किʼयां दरखास्त करदे आं, ते फार्म च साडी मदद कु 'न करग?",
      "answer": "फायल बाइक गळ्यापासून लागत निश्चित करना और जोखम खायचे एक छोटा टेली-परिवहन देणे आस्तै उपलब्ध थे. आपका उपयोग करणे आस्तै आपका उपयोगकर्ता आस्तै आपका उपयोगकर्ता आस्तै उपलब्ध थे. आपका उपयोग करना आस्तै आप"
    }
  ]
}