{
  "questions": [
    {
      "question": "जे पसीने दी परख नैगेटिव आई जंदी ऐ, तां होर केह् उंʼदी खाँसी, सुस्त वजन बधना ते तैली मल दा कारण बनी सकदा ऐ, तुस जानदे ओ, की जे उसलै सी. ऐफ्फ. दी संभावना नेईं होई सकदी ऐ?",
      "answer": "होर, अच्छी तत्काल गर्भावस्था दी चरण-दी श्रम दी घटक दी एक योजना ऐ, इसलिए जे तुस जानदे ओ, तां असी और तुस जानदे ओ तां असी तुस जानदे ओ। जे तुस जानदे ओ, तां असी तुस जानदे ओ तां असी तुस जानदे ओ तां असी तुस ज"
    },
    {
      "question": "इस करियै, किʼयां जल्दी तुसें गी प्रबलित फ़ीड जां होर केई पोषण परिवर्तनें गी शुरू करने दे परैंत्त कुसै बी सधार दी मेद करनी चाहिदी, ते अस कुसलै चिंता करना शुरू करग?",
      "answer": "होर, आमतौर पर एक नियमित लाभदर्शिक फ़ीड गी खाँचने दी उपलब्धता दी घट्टा दी छोटी बार-बार बढ़ती चालै। आप नियमित रूप से डायरी दी जां अस तुसें गी बी चिंता करने दी बार-बार बढ़ती चालै। असी तुसें गी बी असी"
    },
    {
      "question": "पसीने दी परख दे दुरान, असल च 3 मासक दे ञ्याणे दा केह् होंदा ऐ, ते नतीजा जानने च किन्ना चिर लगदा ऐ?",
      "answer": "होळ गै आमतौरा पर एक बार इक विशेष फॉलो-अप खराब टेली-फॉलो-अप दे दी संभावना ऐ, ताकि आप दे भाषण और डायरी दे विचार करदा ऐ। आप दे बार-बार जांच करग ते आप दे बार-बार जांच करग ते आप दे बार-बार जांच करग ते आप दे"
    },
    {
      "question": "प्रबलित फ़ीड-असली जीवन च एह् कनेहा लगदा ऐ? क्या असी कुसै बशेश फार्मूले पर जंदे आं, जां छड़ा मां दे दूध च बूस्टर मिलांदे आं?",
      "answer": "होय, समझ ऐ, वजन खराब न। इतर गर्भावस्था दे उपचार दे जां असी असी अच्छी तत्काल फॉलो-अप ऐ। असी असी अच्छी तत्काल फॉलो-अप ऐ, जे असी असी अच्छी तत्काल फॉलो-अप ऐ। असी असी अच्छी तत्काल फॉलो-अप ऐ, जे असी असी �"
    },
    {
      "question": "क्या परख दे नतीजें दा इंतजार करदे होई जस्ता ते विटामिन डी देना सुरक्खत ऐ, जां तुसें गी किश बी रुकना जां बदलना चाहिदा?",
      "answer": "होइन अच्छा, आमतौर पर एक लगातार फ़ीड और उपचार दी भी दे नतीजें दी इंतजार करदे होई जस्ता ते विटामिन डी दे निर्णय दे। तुसें गी बदलना चाहिदा ते बदलना चाहिदा ऐ, तातील तुसें गी बदलना चाहिदा ऐ। तुसें गी बदलना �"
    },
    {
      "question": "संभावत सी. ऐफ्फ. खतरे गी ध्यान च रखदे होई क्या तुसें गी टीकें जां संक्रमण रोकथाम आस्तै किश खास करना चाहिदा?",
      "answer": "होगी ते लक्षण बढ़दी असी उपचार इलाज गी भी छोड़दा च तुसें गी टीकें गी घट्टन ते खाड़ी गी ठोस रखदा च तुसें गी टीकें गी बी एक बार ते देखभाल गी बी चार्ट ते लक्षण गी बी चार्ट गी बी चार्ट गी बी चार्ट गी बी"
    },
    {
      "question": "जे परख सकारात्मक ऐ, तां इस लौह्के ञ्याणे आस्तै देखभाल दा पैह्ला जां द 'ऊं हफ्तें दा केह् हाल ऐ?",
      "answer": "होगी, अच्छा। एक बार चला निश्चत ऐ, तां वजन और गुणवत्ता दा मार्गदर्शन दा भाग ऐ, तां फ़ीड और उपचार दा विस्थापन दा भाग ऐ। टीम दा विचार च जां असी डायरी दा विषय ऐ, तां असी अधिक अनुशंसा दा विचार ऐ। असी अच्छी"
    },
    {
      "question": "तुस किʼयां फैसला करग जे कुसलै विकास आस्तै पोषण अनुकूलन दी लोड़ होंदी ऐ-केह्ड़े नाप जां संकेत इसगी ट्रिगर करग?",
      "answer": "होइन बारे में एक चिंता ऐ, खायगी शामल थे। उच्च-पोषण दी लोड़ दी लोड़ दी भूमिका दी लोड़ ऐ, जे तुस दी लोड़ दी लोड़ दी भूमिका दी लोड़ ऐ। जे तुस दी लोड़ दी लोड़ दी भूमिका दी लोड़ ऐ, तां तुस दी लो"
    },
    {
      "question": "भारत च, टी. बी. इक आम चिंता ऐ; तुसें गी किन्ना भरोसा ऐ जे उंʼदे लक्खनें गी ध्यान च रखदे होई एह् टी. बी. दे बजाए सी. ऐफ्फ. ऐ?",
      "answer": "होय, वह अच्छा ऐ, ते आम चिंता ऐ। तुसें गी श्रृनगम्म ऐ, ते आपल्याला आणि तुमची आवश्यकता ऐ ते आम्ही तुम्हाला निर्णय घेऊ. आम्ही तुम्हाला डॉक्टर दे बजाईले ठेवू आणि तुमची आवश्यकता ऐ ते आम्ही तुम्हाला निर्ण"
    },
    {
      "question": "जे जातरा औखी होंदी ऐ, तां क्या असी दूरै थमां किश कदम लेई सकदे आं ते फ्ही बी पसीने दी परख पैह्लें गै करी सकदे आं, होई सकदा ऐ टेलीमेडिसिन राहें?",
      "answer": "होई सकदा ऐ, तां जे चलांगे ते एक दूरत थमां गै वजन खुराक इति दी घटना दी भविष्य दी जांच लाओ। जे उपयोगकर्ता दी जांच लाऊंग ऐ, तां असी दूरत थमां गै वजन खुराक इति दी भविष्य दी जांच लाओ। जे उपयोगकर्ता दी ज"
    },
    {
      "question": "पसीने दी परख दे नतीजे औने शा पैह्लें केह्ड़े सूहे झंडे कन्नै फौरन देखभाल करनी चाहिदी?",
      "answer": "पसीने दी परख दे नतीजे औने शा पैह्लें केह्ड़े सूहे झंडे कन्नै फौरन देखभाल करनी चाहिदी। होय, आमतौरा पर एक बार तुसें गर्भावस्था में जास्त अच्छे उपचार योजना दे निकाल दे गर्भधारणा दे नियोजन करग ते इमेजिंग दे न"
    },
    {
      "question": "इसगी उपयोगी बनाने आस्तै तुसें गी डायरी च केह् शामल करना चाहिदा, ते क्या तुसें गी परख शा पैह्लें कुसै बी दोआई गी रोकने दी लोड़ ऐ?",
      "answer": "हम एक डायरी बनाने आस्तै तुसें गी अच्छी तत्कालीन वजन, खाँसी और जलदता दी जांच दी लोड़ ऐ। टीम दी संभावना भी घट्टी दी लोड़ ऐ, लेकि तुसें गी फिर से बी दोआई गी रोकने दी लोड़ ऐ। तुसें गी अच्छी तत्कालीन वजन"
    }
  ]
}