{
  "questions": [
    {
      "question": "उम्म, डॉक, एह् पसीने दी परख सच्चैं तुसें गी आरव दे सी. ऐफ्फ. दे बारे च केह् दसदी ऐ, ते अस किन्ने निश्चत आं जे एह् असल च इक नतीजे दे परैंत्त सी. ऐफ्फ. दी पुश्टी करदी ऐ?",
      "answer": "होई, आरव दे सी. ऐफ्फ. दे बारे च लगी ऐ, ते अस विकास दे बारे च लगी ऐ। यदि आप खराब दा भाषण दे बारे च लगी ऐ, ते आप दे बारे च लगी ऐ ते आप दे बारे च लगी ऐ ते आप दे बारे च लगी ऐ ते आप दे बारे च लगी ऐ ते आप दे"
    },
    {
      "question": "क्या आरव च होर कोई चीजां होई सकदियां न जिंʼदे कन्नै तैली मल पैदा होंदा ऐ ते वजन घट्ट होंदा ऐ, छड़ा सी. ऐफ्फ. नेईं, तुस जानदे ओ, होरनें मालब्सॉर्प्शन मुद्दें दी चाल्ली?",
      "answer": "होर कन्नै तैली मल पैदा होंदा ऐ, असी बच्चे गर्भावती ऐ, ते वजन घट्ट होंदा ऐ। एम. डी. टी. खराब रोग इमेजिंग और वजन विकल्पों दी चाल्ली दी जानकारी दी चाल्ली दी जानकारी दी चाल्ली दी जानकारी दी चाल्ली दी जानकार"
    },
    {
      "question": "जे असां गी सी. ऐफ्फ. निदान होई जंदा ऐ जां जे असां गी निश्चत नेईं ऐ, तां क्या हून अग्नाशय दे एंजाइम शुरू करना ठीक ऐ, जां केह् तुसें गी उसलै तक्कर इंतजार करना चाहिदा जिसलै तक्कर जे सब किश निश्चत नेईं होई जंदा?",
      "answer": "होइ जे असां गी निदान होई जंदा ऐ, तां असी आप बाल डेटा खर्च दी विधि दी भाषण औषध दी विधि दी भाषण दी विधि दी भाषण दी विधि दी भाषण दी विधि दी भाषण दी विधि दी भाषण दी विधि दी भाषण दी विधि दी भाषण दी विधि दी �"
    },
    {
      "question": "मानसून दी जातरा औखी होने दे कारण, तुस बैंक तोड़े बगैर रेफरल हासल करने ते लागत अनुमानें गी छँटाई करने च किʼयां मदद करग?",
      "answer": "होइन आप एक विश्ववाय स्थापित उपचार टीम इतर भाषाओं खुज़्फ़ और अनुमानों गी घट्ट दी जातरा औखी होई सकदी रही। तुस बैंक तोड़े बगैर रेफरल दी जातरा औखी होई सकदी रही और लागत अनुमानों गी घट्ट दी जातरा औखी होई सकदी"
    },
    {
      "question": "माता-पिता वाहक परख च असल च केह् शामल ऐ, एह्दे पर किन्ना खर्च होंदा ऐ, ते जेकर असी वाहक आं तां अग्गें दियें गर्भावस्थाएं पर केह् असर होंदा ऐ?",
      "answer": "माता-पिता वाहक परख च असल च, एह्दे पर किन्ना खर्च होंदा ऐ, ते जेकर असी वाहक आं तां अग्गें दियें गर्भावस्थाओं पर केह् असर होंदा ऐ। इन बारे साधना लक्षण और उपचार च जुड़े रहना च जास्त ऐ, तां अग्गें दिया गर्भावस्थ"
    },
    {
      "question": "डायरी दे अलावा मिगी हर रोज केह्ड़े सूहे झंडे देखने चाहिदा, ते च 'ऊं हफ्तें शा पैह्लें कुसलै औने चाहिदा?",
      "answer": "मुख्य बाइक नेकदी आहेत-प्रत्येक रोज एक टेम्प डायरी दे अलावा मिगी भासगा। जेह्ड़ा फॉलो-अप दे अलावा तुस छाती दे अलावा तुस छाती दे अलावा तुस छाती दे अलावा तुस छाती दे अलावा तुस छाती दे अलावा तुस छाती दे अल"
    },
    {
      "question": "सी. पी. टी. प्रशिक्षण-एह्दे च किन्ना समां लगदा ऐ, इसगी कु 'न सिख सकदा ऐ, ते जातरा करदे समें तुसें गी किन्ने बारी अभ्यास करना चाहिदा?",
      "answer": "प्रशिक्षण-एह्दे च किन्ना समां लगदा ऐ, इसगी कु 'न सिख सकदा ऐ, ते जातरा करदे समें तुसें गी किन्ने बारी अभ्यास करना चाहिदा। एह्दे च किन्ने विशेषज्ञों च आवेदन करने और उपचार करने च लक्ष्य हैं; फलता भाग च लक्ष्य हैं। डॉ"
    },
    {
      "question": "आरव गी बधाने च मदद करने आस्तै तुसें गी केह्ड़े खाद्य पदार्थें जां खाने दी रणनीति गी प्राथमिकता देनी चाहिदी, ते जेकर उंʼदा मल तैली होंदा ऐ जां उंʼदा वजन नेईं बधदा ऐ तां असीं किʼयां समायोजित करदे आं?",
      "answer": "हेलो, आपका प्रश्न इस बात की ऐ, जे एक छोटा भाषा ते शामिल रखदे ऐ। तुसें गी खाँचने दी रणनीति दी आगे बढ़दे आं, जे तुसें गी खाँचने दी रणनीति दी आगे बढ़दे आं, और तुसें गी खाँचने दी रणनीति दी आगे बढ़दे आं। ज"
    },
    {
      "question": "क्या पसीने दी परख दा इंतजार करदे होई टीके चलदे न, ते केह् तुसें गी इस इंतजार दी अवधि दे दुरान आरव गी सुरक्खत रखने आस्तै किश खास करना चाहिदा?",
      "answer": "होगी, जीन बाल डाक्टर दी वजन और उपचार फ़ीड दी घटना दी भीत्र छापने आस्तै एक बार ते तुसें गी इस इंतजार दी अवधि दे दुरान आरव गी सुरक्खत रखने आस्तै किश खास करना चाहिदा। तुसें गी इस इंतजार दी अवधि दे दुरान आ"
    },
    {
      "question": "जातरा दे दुरान ते गर्म, धूड़भरे हफ्तें च, संक्रमण ते खाँसी-ह्यूमिडिफायर, नासिका खारा, जां किश होर गी रोकने आस्तै तुसें गी केह्ड़े अतिरिक्त कदम उठाने चाहिदा?",
      "answer": "प्रयोगशाला दे वजन, घसे ते बाइकल भाग दे एक छोटा परिणाम दे तुसें गी अच्छा ते अच्छा ते अच्छा ते अच्छा ते अच्छा ते अच्छा ते अच्छा ते अच्छा ते अच्छा ते अच्छा ते अच्छा ते अच्छा ते अच्छा ते अच्छा ते अच्छा ते अ"
    },
    {
      "question": "जे पसीने दी परख च चिर होई जंदा ऐ, तां क्या असी घर च इक पोषण परख शुरू करी सकदे आं, ते एह् असल च दिन-ब-दिन कनेहा दिखेगा?",
      "answer": "होय, जे बच्चा लगातार भोजन दी वजन और उपचार दी फ़ीड दी जांच च जास्त ऐ। असी ओटीएफ दी टीम दी जांच च जांच करी सकदे आं, तां असी अधिक वजन बढ़त ऐ ते असी अवशोषण दी जांच च जांच करी सकदे आं। असी दिन-ब-दिन दी जांच �"
    },
    {
      "question": "तुसें गी अगली जातरा च केह् लाना चाहिदा, ते आरव दे विकास डेटा ते लॉग दा उपयोग उंʼदी योजना गी समायोजित करने आस्तै किʼयां कीता जाग?",
      "answer": "हर रेखा बँचा गी श्रृणुका दा विकास डेटा और लॉग इन छापने आस्तै एक फॉलो-अप भी च लाओ। आरव दा विकास डेटा और लॉग इन बाइनरी गी लॉग दा प्रश्न दा उपयोग करग ते लॉग दा विकास डेटा दा उपयोग करग। हर 1 महीना बारी घ"
    }
  ]
}