{
  "questions": [
    {
      "question": "उम्म, डॉक, जे पसीने दी परख सी. ऐफ्फ. आस्तै सकारात्मक होंदी ऐ, तां असीं खाने दे कन्नै अग्नाशय दे एंजाइम कुसलै शुरू करी सकदे आं, ते क्या इसगी फौरन प्रिस्क्रिप्शन दी लोड़ होंदी ऐ?",
      "answer": "हेलो, अग्नाशय दे एंजाइम गी बचने दी वजन और चाहते ऐ। अस तुंबनेदी भाग दी लोड़ ऐ, तां असी अग्नाशय दे एंजाइम गी बचने दी वजन और चाहते ऐ। अस तुंबनेदी भाग दी लोड़ ऐ, तां असी अग्नाशय दे एंजाइम गी बचने दी वजन"
    },
    {
      "question": "इस करियै जे उंʼदे कोल सी. ऐफ्फ. ऐ, तां क्या एह् किश नेहा ऐ जेह्ड़ा उंʼदे कोल जीवन भर आस्तै होग, जां केह् ञ्याणे अच्छी देखभाल ते उपचार कन्नै सधारण तौरा पर विकसत होई सकदे न?",
      "answer": "हम बुखार गर्म और चाँगली घटनाओं दी देखभाल दी देखभाल दी देखभाल दी देखभाल दी देखभाल दी देखभाल दी देखभाल दी देखभाल दी देखभाल दी देखभाल दी देखभाल दी देखभाल दी देखभाल दी देखभाल दी देखभाल दी देखभाल दी देखभाल"
    },
    {
      "question": "की जे सी. ऐफ्फ. ऑटोसोमल रिसेसिव ऐ, इस करियै केह् तुसें गी अपने होरनें ञ्याणें दी परख करनी चाहिदी जां अग्गें आह्ले ञ्याणें दी योजना बनानी चाहिदी, ते अपने वाहक दी स्थिति दे बारे च केह् ऐ?",
      "answer": "होरनें दे उत्प्रयोग खर्च दे एंडोस्कोपिंग दे भी ऐ, टी-बीच दे भी ऐ। अस तुसें गी अपने वाहक दे बारे च करने दे बारे ऐ, ते अस तुसें गी अपने वाहक दे बारे च करने दे बारे ऐ। अस तुसें गी अपने वाहक दे बारे च करने दे"
    },
    {
      "question": "क्या पसीने दी परख जां सब्सिडी आस्तै नेड़में केंदर न, जां केह् असीं चीजें गी सौखा बनाने आस्तै टेलीमेडिसिन दे जरि 'यै इंʼदे चा किश करी सकदे आं?",
      "answer": "होइन उपलब्ध रेफरल खुराक दी विकल्प छूंग। एक बार भाषण और निर्णय दी विकल्प गी घट्टती चढ़ी रही थे; असी अच्छी तरह से जां असी अच्छी तरह से जां असी अच्छी तरह से जां असी अच्छी तरह से जां असी अच्छी तरह से जां असी"
    },
    {
      "question": "तुसें गी केह्ड़े खाद्य पदार्थें दी परख करनी चाहिदी, ते असीं उंʼदे पाचन गी परेशान कीते बगैर जां उʼनें गी मता थूकने आस्तै मजबूर कीते बगैर किʼयां मजबूत फ़ीड दा इस्तेमाल करदे आं?",
      "answer": "होइ समझदारी विकल्पें दी भी एक छोटी टीम दी घरेलू चरण-चरण दी गी आपको बार-बार ठीक रखदे आं। असी औषधे दी गी अभी आस्तै अच्छी तरह से बढ़दी आई रखदे आं, जे असी अच्छी तरह से ब्रांक्स दे अवशोषण दे असी अच्छी तरह से"
    },
    {
      "question": "जे तैली मल ते संभावत वसा अवशोषण लब्भेदा ऐ, तां तुसें गी निर्जलीकरण दे बारे च किन्ना फिकर करना चाहिदा ते तुसें गी हर रोज केह् देखना चाहिदा?",
      "answer": "होय, आमतौर पर टीका दे उपचार दे एक छोटा श्रृंखला दे बारे च डायरी दे बारे च बनायदा ऐ। तुसें गी निर्जलीकरण दे बारे च तुसें गी निर्णय दे बारे च बनायदा ऐ, इसलिए तुसें गी निर्णय दे बारे च बनायदा ऐ। तुसें गी"
    },
    {
      "question": "जे उʼनें गी बुख़ार होंदा ऐ जां खाँसी आस्सै-पास्सै होंदी ऐ, तां क्या तुसें गी पैह्लें गै अंदर आउणा चाहिदा, जां बस तुसें गी पैह्लें फोन करना चाहिदा?",
      "answer": "मुझे सबका निर्णय डायरी और एक वजन ट्रेनिंग इति देखभाल करना ऐ। जे तुसें गी बुख़ार थे, तां शामल भाषा और अच्छी तस्करा देखी चाहिदा ऐ; जे तुसें गी बुख़ार थे, तां तुसें गी अधिक बुख़ार थे तां तुसें गी अधिक बु"
    },
    {
      "question": "जे सी. ऐफ्फ. चलन च होई सकदा ऐ तां क्या टीके हून बी उंʼदी अच्छी चाल्ली कन्नै सुरक्षा करदे न, ते क्या कोई अतिरिक्त टीके न जिंʼदे पर तुसें गी बिचार करना चाहिदा?",
      "answer": "होय, आमतौर पर एक वजन-प्रवास चिकित्सा इति शुरू करग और अच्छी तरह से खराब भोजन दी घट्टा दी गर्मी दी गर्मी दी बार-बार बढ़गदा। अधिक चाल्ली दी बार-बार बढ़ती चाल्ली दी बार-बार बढ़ती चाल्ली दी बार-बार बढ़ती"
    },
    {
      "question": "जातरा बड़ी औखी होने दे कारण, क्या टेलीमेडिसिन फालो-अप आस्तै ते साडे लेई डायरी दी समीक्षा करने आस्तै काफी ऐ, जां केह् तुसें गी अजें बी निजी जातरा दी लोड़ ऐ?",
      "answer": "होई ते एक चिकित्सक इति खाँचा दी विशेषता ऐ, जां तुसें गी उपलब्धता दी भविष्यदी ऐ। टेलीमेडिसिन दी लगभग ते तुंडे दी लोड़ ऐ, जां तुसें गी अजें बी निजी जातरा दी लोड़ ऐ। अस तुसें गी अजें बी निजी जातरा दी ल"
    },
    {
      "question": "जे पसीने दी परख नैगेटिव आई जंदी ऐ, तां होर केह् खाँसी ते तैली मल दी व्याख्या करी सकदा ऐ?",
      "answer": "होर, अच्छा! चरण-चरण गुजरती ऐ, लक्षण इमेजिंग र एफ. एप. फ़ीड दी बारी-बारी उपयोग करती ऐ। जे श्रृंगशील ते निकटतम भाग दी व्यवस्था करती ऐ, तां असी अच्छी तरह से घर डायरी दी व्यवस्था करती ऐ। जे तुसेठ असी अच्छी त"
    },
    {
      "question": "विकास आस्तै तुसें गी कुस चाल्ली दी निगरानी दी मेद करनी चाहिदी, ते अस पसीने दी परख दे नतीजें जां कार्यक्रम दे ब्यौरे दे बारे च कुसलै सुनङन?",
      "answer": "होइ तुसें गी एंडोप्टिक्स दी उच्छसित भाषा दी शुरूआत दी तकदी खराब फॉलो-अप दी तकदी बारे च जां तुसें गी इमेजिंग दी तकदी बारे च जां तुसें गी इमेजिंग दी तकदी बारे च जां तुसें गी इमेजिंग दी तकदी बारे च जां"
    },
    {
      "question": "जिसलै असी परखें दा इंतजार करा 'रदे आं तां उʼनें गी आराम ते सुरक्खत रखने आस्तै हून असी केह् करी सकदे आं, जिʼयां के रोजमर्रा दी देखभाल आस्तै कोई तेज सुझाव?",
      "answer": "होगी यदि बच्चा निकटतः भाग दा शुरूआय दा एक छोटा टेली-परख दा फॉलो-अप आस्तै दी देखभाल आस्तै अधिक महत्वपूर्ण रखने आस्तै असी अगली चरण दा अधिक ध्यान दा देखभाल आस्तै दी देखभाल आस्तै असी अगली चरण दा अ"
    }
  ]
}