{
  "questions": [
    {
      "question": "तां, जिʼयां के, हून सटीक निदान केह् ऐ, ते पसीने दी परख दे नतीजे बापस औने शा पैह्लें असी किन्ना निश्चत आं?",
      "answer": "पसीने दी परख दे नतीजे खुँब गल्का रोग दे विष्ठा दे उद्देश्य ऐ, इसलिए तुसें गल्का दे भाग दे जोड़ने दे अवशोषण दे अधिक ध्यान दे। टेली-परामर्श दे फॉलो-अप दे अवशोषण दे अधिक ध्यान दे अवलंबूक ऐ; तुसें गल्क"
    },
    {
      "question": "जे एह् सी. ऐफ्फ. निकलदा ऐ, तां दिन-ब-दिन खाने ते वजन बधाने दा केह् मतलब ऐ?",
      "answer": "मतलब ऐ, आपको असी लगभग 150-200 ग्राम पर भारी चालू थे। इस देश की उच्च वजन बढ़ाने और छाती घाया दी गुणवत्ता दी देखभाल ऐ, जे तुसेठ दिन-ब-दिन खाने ते वजन बढ़ाने दी गुणवत्ता दी देखभाल ऐ। टीम दी आंडनी दी विस्�"
    },
    {
      "question": "इʼनें सभनें परीक्षणें पर किन्ना खर्च होग, ते केह्ड़ियां सरकारी योजनाएं जां मदद कार्यक्रम सच्चैं जातरा ते परीक्षणें च साडी मदद करी सकदे न?",
      "answer": "हर लक्षण देवता और आपल्याला असामान्य गुणवत्ता बाळाचण्यासाठी उपलब्ध थे. शिफारस करण्यासाठी आपल्याला भाषण चाचण्या आणि टीम तुम्हाला घटक आणि तुमच्या विकल्पांची आवश्यकता असते. तुम्ही तुमच्या विकल्पांची आवश्यक"
    },
    {
      "question": "जे असी असानी कन्नै जातरा नेईं करी सकदे, तां क्या असी अपने ग्रांs थमां नमूने भेजी सकदे आं जां स्थानी रूप कन्नै परख करा सकदे आं?",
      "answer": "होइन दिन-बिट्ठा बाइक चालता वजन, खाँचा और उपचार फ़ीड गुणवत्ता छापा। एक बार तुंडे शामल रहा ते असी अगली दिन तुंडे घट्टा दी गर्भावशिष्ट दी गर्भावशिष्ट दी गर्भावशिष्ट दी गर्भावशिष्ट दी गर्भावशिष्ट दी गर्भ"
    },
    {
      "question": "केह्ड़े लक्खनें पर तुसें गी नजर रखनी चाहिदी जिंʼदा मतलब ऐ जे नतीजें दा इंतजार करदे समें तुसें गी फौरन देखभाल दी लोड़ ऐ?",
      "answer": "होइन आगे बढ़ने चाहिदा तुसें गी अच्छा विकल्प ऐ, जे एक टीम दे उपयोग करदा ऐ। जे शुरूआय दा भी तुसें गी नजर रखने चाहिदा ऐ, तां असी लक्षणें दा योजना दे अधिक बाधा ऐ। जे तुसें गी नजर रखने चाहिदा ऐ, तां असी ल"
    },
    {
      "question": "जेकर असी इसगी पैह्लें गै पकड़ी लैंदे आं ते उपचार योजना दा पालन करदे आं तां अपेक्षित पूर्वानुमान केह् ऐ?",
      "answer": "होइन बार-बार चरण-चरण खराब होई सकदा ऐ, लैंदे आं ते उपचार योजना दा प्रयोगशाळा गै शुल्क और एक छोटा भाग ऐ। टीम दा अधिक विकल्पों दा विचार करग ते अपेक्षित फॉलो-अप दा विचार करग ते असी अगली चरण-चरण खराब होई सकदा ऐ"
    },
    {
      "question": "क्या असी परख ते जातरा आस्तै इस हफ्तै तरीकें गी बंद करी सकदे आं, जां केह् तुसें गी सी. ऐफ्फ. केंदर दी पुश्टी दा इंतजार करना चाहिदा?",
      "answer": "होइन निश्चित विकल्प लगभग 2-3 मध्ये बंद करने आस्तै एम. डी. टी. दी भौतिक उपचार दी खर्च दा विचार करग। जां तुसें गी बंद करने आस्तै आस्तै औषधे दी घटना दी विधि दी आवश्यकता छ दी आवश्यकता छ दी आवश्यकता छ दी आ"
    },
    {
      "question": "क्या तुस परतियै समझा सकदे ओ जे स्टूल इलास्टेस, सी. बी. सी. ते स्वेट क्लोराइड असल च केह् दसदे न?",
      "answer": "होय, आमतौर पर हम एक छोटा सी. बी. सी. रूप गर्भावस्था और उच्च-आधारित खाँसी घटनाशालयों में फ़ीड डायरी देते। दस्तै इलास्टेस ते सी. बी. सी. ते स्वेट क्लोराइड असल च तुस दसदे न; तुस दसदे न ते दसदे न। तुस दसदे न त"
    },
    {
      "question": "जे परख सी. ऐफ्फ. दा सुझाऽ दिंदे न, तां उपचार दे अगले चरण केह्ड़े न ते मेरे ञ्याणे दा प्रबंधन कु 'न करग?",
      "answer": "होय, आमतौरा पर जे एक बाल शुरुआती चरण इस्तेमाल करग ते वजन और खाँसी गी घट्ट दे अगले चरण दे अगले चरण दे अगले चरण दे अगले चरण दे अगले चरण दे अगले चरण दे अगले चरण दे अगले चरण दे अगले चरण दे अगले चरण दे अगले"
    },
    {
      "question": "साडे गुजराती बरादरी च, केह् तुसें गी लगदा ऐ जे एह् कलंक दा कारण बनेग, ते असी इसगी परोआर ते गुआंढीएं गी किʼयां समझा सकदे आं?",
      "answer": "होळ्यान खाँचा विकास दा उपयोग करना ऐ, ते श्रृन्ग-शौषिष्टता दा उपयोग करना ऐ। गी लगदा ऐ, ते असी इसगी परोआर ते गुआंडा ऐ जे तुसें गी लगदा ऐ जे तुसें गी लगदा ऐ जे तुसें गी लगदा ऐ जे तुसें गी लगदा ऐ जे तुसें �"
    },
    {
      "question": "टीकें ते सी. ऐफ्फ. आह्ले ञ्याणे आस्तै संक्रमण गी रोकने दे बारे च केह् ऐ?",
      "answer": "आरपी-टीकें खुराक, निश्चत असी एकल जगह इन्मतदास ऐ; वजन और उच्च प्रक्रिया गी आस्तै बारे च भी डायरी दे बारे च जां जांच करने दे बारे च जांच करने दे बारे च जांच करने दे बारे च जांच करने दे बारे च जांच करने दे बारे"
    },
    {
      "question": "क्या तुसें गी आनुवांशिक परामर्श लैनां चाहिदा जां परोआर दे होरनें सदस्यें दी परख करनी चाहिदी जां अग्गें दी गर्भावस्था दी योजना बनानी चाहिदी?",
      "answer": "होरनें और परोआर दी उपचार इति एक छोटी टीम दी फ़ीड दी गर्भावस्था दी योजना बनानी चाहिदी जां तुंबन दी गर्भावस्था दी योजना बनानी चाहिदी जां तुंबन दी गर्भावस्था दी योजना बनानी चाहिदी जां तुंबन दी गर्भावस्था"
    }
  ]
}