{
  "questions": [
    {
      "question": "ठीक ऐ, तां जे पसीने दी परख सी. ऐफ्फ. आस्तै सकारात्मक होंदी ऐ, तां आरव दा रोजमर्रा दा उपचार कनेहा दिखेगा? मेरा आखना ऐ, क्या उʼनें गी हर इक खाने दे कन्नै अग्नाशय दे एंजाइमें दी लोड़ होग, ते तुस किʼयां निश्चत करग जे उʼनें गी मती मात्तरा च वसा च घुलनशील विटामिन मिली दे न?",
      "answer": "होर, तां जे पसीने दी परख सी. ऐफ्फ. आस्तै सकारात्मक होंदी ऐ, तां आरव दा रोजमर्रा दा उपचार कन्नै बढ़ाई ऐ। अग्नाशय दे एंजाइमें दे लोड़ होंदी ऐ, ते उʼनें गी अग्नाशय दे एंजाइमें दे लोड़ होंदी ऐ, ते तुस किʼयां न"
    },
    {
      "question": "क्या आरव बगैर कुसै परेशानी दे डेकेयर जां स्कूल जाई सकङन, की जे सी. ऐफ्फ. संक्रामक नेईं ऐ, ठीक ऐ? अस इसगी देखभाल करने आह्ले गी किʼयां समझा सकदे आं?",
      "answer": "आरव बगैर कुसै परेशानी दे डेकेर जां स्कूल जाई सकङन, की जे सी. ऐफ्फ. संक्रामक नेईं ऐ। उस चित्रकारक टीम एक विशेषज्ञ और एक छोटा भाग जोड़ने आं जे उसे देखभाल करने आह्ले गी देखभाल करने आं। उसे देखभाल करने आं ते उसे"
    },
    {
      "question": "जे स्थानी पसीने दी परख तौले गै उपलब्ध नेईं ऐ, तां तुस मिगी कुसै बड्डे केंदर च भेजने शा पैह्लें किन्ना चिर इंतजार करग, ते क्या सब्सिडी असल च जातरा गी कवर करी सकदी ऐ?",
      "answer": "मुझे आश्वस्त होग। एक टीका दी खुराक दी घटना ऐ, तां तुस दी बाह्य फ़ीड गी दी ताप और छाती दी ताप दी बाह्य देखभाल दी ताप ऐ। जे तुस दी बाह्य देखभाल दी ताप ऐ, तां आप दी बाह्य देखभाल दी ताप ऐ, तां आप दी बाह्य"
    },
    {
      "question": "तुसें गी घर च केह्ड़े चेतावनी संकेतें पर नजर रखनी चाहिदी जिंʼदा मतलब ऐ जे तुसें गी द 'ऊं हफ्तें दे टेली-फॉलो शा पैह्लें फौरी देखभाल लैनी चाहिदी?",
      "answer": "मतलब ऐ, आप अच्छे बाइक च भाग दे एक योजना दे बाइक च तुम्हाला दे बाइक च तेजी से जाओ। तुसें गी दे बाइक च तेजी से जाओ जे तुसें गी दे बाइक च तेजी से जाओ जे तुसें गी दे बाइक च तेजी से जाओ। तुसें गी दे बाइक च तेज"
    },
    {
      "question": "जेकर पसीने दी परख नैगेटिव ऐ, तां आरव दे तैली मल ते सुस्त वजन दा कारण होर केह् होई सकदा ऐ, ते योजना केह् होग?",
      "answer": "होर ते लक्षणों दे अधिक बच्चे गड़ा ऐ, तां एक छोटा भाग खराब ऐ, तां शुरूआत इमेजिंग दे उपयोग करग। डायरी दे फॉलो-अप दे अधिक बच्चे दे अधिक बच्चे गड़ा ऐ, तां असी तुसेठ दे अधिक बच्चे गड़ा ऐ। अस तुसेठ दे अ"
    },
    {
      "question": "असीं जारी मेड ते परीक्षणें दी लागत गी किʼयां सम्हालदे आं, ते केह्ड़ियां सब्सिडी जां सधारण विकल्पें दी असी मेद करी सकदे आं?",
      "answer": "होइन, यदि एक बुखार निश्चित छड़ा थे, ते उस खाँचा भी गी इतर विकल्पें दी असी लागत गी घट्टे आं। जे आस्तै फॉलो-अप दी लागत गी बढ़ी रही आं, तां आस्तै अगली चरण दी लागत गी बढ़ी रही आं। जे आस्तै असी असी �"
    },
    {
      "question": "तैली मल दे कन्नै, असी किʼयां दस सकदे आं जे एह् अग्नाशय दी कमी दे बरोध च ऐ जां नेईं, ते केह्ड़े परख इंʼदी पुश्टी करग?",
      "answer": "हा लिखी गरी या वजन रहती छ जास्त और उपचार दे बार-बार फॉलो-अप दे बरोध च ऐ। जे तुसें दे भाषा दे बार-बार जास्त दे बार-बार जास्त दे बार-बार जास्त दे बार-बार जास्त दे बार-बार जास्त दे बार-बार जास्त दे बार-"
    },
    {
      "question": "हून तुसें गी असल च संक्रमण ते परख शा पैह्लें सेहतमंद रहने, जिʼयां के टीके, सफाई, ते भीड़ शा बचने दे बारे च केह् करना चाहिदा?",
      "answer": "पहेल्या आधार निकोट विमाएं, उपचार खाँसी, फिजिओथेरपी आणि इमेजिंग च घटक आहेत. तुमची आवश्यकता असलेल्या टीके आणि सफाई ते भीड़ वाढवण्यासाठी आम्ही तुम्हाला मार्गदर्शन करू. तुमच्या वजन, वेळा आणि वजनाची व्यवस्थ"
    },
    {
      "question": "क्या तुस मिगी परतियै समें सीमा दे जरि 'यै लेई जाई सकदे ओ-डायरी शुरू करने थमां, पसीने दी परख करने तक्कर, नतीजें ते अगली जातरा तक्कर-तां जे असां गी पता चले जे केह् मेद करनी ऐ?",
      "answer": "होई रही आपको एक बाइक टीम और एक डायरी दी विधि दी भौतिक फॉलो-अप खराब होई सकदे। आपको एक बाइक टीम और एक डायरी दी विधि दी भौतिक फॉलो-अप खराब होई सकदे; अस तुंबनेस दी विधि ते अगली जातरा तक्कर दी विधि दी भौत"
    },
    {
      "question": "जे परख नैगेटिव आई जंदी ऐ, तां तुस होर केह्ड़ियां स्थितियें दी तलाश करग ते उʼनें गी हल करने च किन्ना समां लगेगा?",
      "answer": "हर बच्चा खराब रहता ऐ, तां असी एक छोटी भाषा और एक बड़ी भाषा दी तलाश करग। इसला तुस दी तलाश करने च जां तुस दी तलाश करने च जां तुस दी तलाश करने च जां तुस दी तलाश करने च जां तुस दी तलाश करने च जां तुस दी तलाश कर"
    },
    {
      "question": "छाती उपचार आस्तै, केह् ञ्याणे दे अनुकूल तकनीकां न जेह्ड़ियां असीं घर च करी सकदे आं, ते तुसें गी उʼनें गी किन्ने बारी करने दी लोड़ होग?",
      "answer": "हा प्रश्न खर्च वास्तव में एक भाषा दे अनुकूल तकनीकां न जेह्ड़ियां असीं घर च करी सकदे आं, ते तुसें गी किन्ने बारी करने दी लोड़ होग। इसलिए आमतौर पर शुरुआती च फॉलो-अप और टेली-फॉलो-अप निकाल दी जां तुसें गी उप"
    },
    {
      "question": "औने आह्ले भैनें-भैनें आस्तै आनुवांशिक खतरे दे बारे च केह् ऐ-केह् तुसें गी हून माता-पिता जां बधेड़े परोआर दौनें आस्तै वाहक दी स्थिति दी परख करनी चाहिदी?",
      "answer": "मानक अनुवांशिक खतरे:\n\n1. शुल्क दे बारे दे एंड्रॉइनें गी इन्फोर्मेसियाँ दे बारे च जां तुसें गी बदलाओ। टेली-परामर्श दे बारे दे बारे च जां तुसें गी बदलाओ।\n\n2. वजन ते आय दे बारे च जां तुसें गी बदलाओ; तुसें ग"
    }
  ]
}