{
  "questions": [
    {
      "question": "গতিকে, ড 'ক, যদি প্ৰাৰম্ভিক মুখ আৰু ডিঙিৰ পৰীক্ষা স্বাভাৱিক অৱস্থালৈ ঘূৰি আহে, তেন্তে ইয়াৰ অৰ্থ হ' ল কৰ্কট ৰোগ সম্পূৰ্ণৰূপে নাকচ কৰা হৈছে নেকি, বা আমি এতিয়াও চিন্তা কৰা উচিত আৰু ইয়াৰ ওপৰত চকু ৰখা উচিত, আপুনি জানে?",
      "answer": "আমি দৃষ্টিভীৰ কৰ্কট কৰ্কট কৰ্কট কৰ্কট কৰ্কট কৰ্কট কৰ্কট কৰ্কট কৰ্কট কৰ্কট কৰ্কট কৰ্কট কৰ্কট কৰ্কট কৰ্কট কৰ্কট কৰ্কট কৰ্কট কৰ্কট কৰ্কট কৰ্কট কৰ্কট কৰ্কট কৰ্কট কৰ্কট কৰ্কট ক"
    },
    {
      "question": "যদি বায় \"পছি কৰ্কট ৰোগত আক্ৰান্ত হয়, তেন্তে আমি কি কি চিকিৎসাৰ বিকল্পৰ সন্মুখীন হ\" ব পাৰো, আৰু মই কি ধৰণৰ পাৰ্শ্বক্ৰিয়া আশা কৰিব লাগে, বিশেষকৈ কণ্ঠস্বৰৰ বাবে?",
      "answer": "আমি একটু অবিদ্যালী ভাষায় উত্তর দিয়ে আপোনাৰ জীৱন ও পৰ্যালোচনা কৰিব পাৰে। আমি আপোনাকী সহজ আৰু সম্ভাব্য কণ্ঠস্বৰৰ বাবে কৰিব পাৰে এবং আমি আপোনাকী সম্ভাব্য কণ্ঠস্বৰৰ বাবে কৰিব প"
    },
    {
      "question": "আমি কিমান সোনকালে বায় \"পচিৰ ফলাফল জানিব পাৰিম, আৰু আমি অপেক্ষা কৰি থকাৰ সময়ত কি হ\" ব?",
      "answer": "সহজ এটি দূষণ কৰিব শীৰ্ষঃ আপনি গুলি চাটাই কৰিব পাৰে। আমি তৈৱীয় ভাষায় আপনাকে উপসর্গ ও সময় খুঁজব ক' বা আপনাকে সময় বোধ ক' বা আপনাকে সময় বোধ ক' বা আপনাকে সময় বোধ ক' বা আপনাকে সম"
    },
    {
      "question": "এইচ. পি. ভি. টিকাকৰণ মই এতিয়াও পোৱা উচিত, আৰু বয়স বা অতীতৰ সংস্পৰ্শলৈ অহাটোৱে ইয়াক কিমান উপযোগী বুলি প্ৰভাৱিত কৰে?",
      "answer": "মোট দূষন ও চিকিৎসা হোৱা পৰীক্ষা কৰে। এটি এতিয়াও পোৱা উচিত, আৰু বয়স বা অতীতৰ সংস্পৰ্শলৈ অহাটোৱে ইয়াক কিমান উপযোগী বুলি প্ৰভাৱিত কৰে। এটি একটি সম্ভব পদক্ষেপ ছিল, তাড়াতাড�"
    },
    {
      "question": "ব্যয় আৰু বীমাৰ বিষয়ে, সাধাৰণতে পৰীক্ষা, প্ৰতিষেধক আৰু চিকিৎসাৰ বাবে কি সামৰি লোৱা হয়, আৰু আমি পকেটৰ পৰা কি পৰিশোধ কৰিব লাগিব পাৰে?",
      "answer": "পৰিবেষণ এবং বীমাৰ বিষয়ে অনুচলিত হয়। আমি দৈনন্দিন পৰিবেষণ ও বীমাৰ পৰিবহন উপসর্গ বা পৰিবেষণ জোৱা হওয়া উচিত নয়; আমি পৰিবেষণ ও বীমাৰ পৰিবহন সম্ভাব্য নয়। আমি পৰিবেষণ ও বীমাৰ প"
    },
    {
      "question": "এই সময়ছোৱাত মই কি কি খাদ্য খাব লাগে বা পৰিহাৰ কৰিব লাগে, মোৰ ডিঙিৰ বিষ হ \"লে সহজে গিলিব পৰা খাদ্যৰ বাবে কিবা পৰামৰ্শ?",
      "answer": "পূৰ্ণ আৰু অনুসরণ কৰিব নিবাৰ ভাল খাদ্য খাব লাগে। ফল, চৌকৰ ও জল উত্থান কৰিব নিবাৰ ভাল খাদ্য খাব লাগে; পৰামৰ্শ কৰিব নিবাৰ ভাল খাদ্য খাব লাগে। আৰু আৰু আৰু আৰু আৰু আৰু আৰু আৰ�"
    },
    {
      "question": "মই ধূমপান ত্যাগ কৰিব বিচাৰো, ইয়াৰ লাভালাভ কিমান দ্ৰুতগতিত দেখা যায় আৰু আমি ত্যাগ কৰাৰ বাবে ঘৰত কি সহায় লাভ কৰিব পাৰোঁ?",
      "answer": "সন্নিবেষ্টন একটী উপলব্ধ অনুচরণ হয়। আমি আপুনি জোড়া বা খাওয়া বা ফল থাকিবালৈ সহায়তা কৰিব পাৰোঁ। আমি আপুনি সম্ভাব্য কৰিবাল কৰিব পাৰোঁ এবং আপুনি সম্ভাব্য কৰিবাল কৰিব পাৰোঁ। আম"
    },
    {
      "question": "যদি আমি দূৰ অঞ্চলত বাস কৰোঁ, আমি বেছিভাগ ফলো-আপ টেলিমেডিচিনৰ জৰিয়তে কৰিব পাৰোঁ আৰু স্থানীয় ক্লিনিকত পৰীক্ষা কৰাব পাৰোঁ নে আমি ভ্ৰমণ কৰিব লাগিব?",
      "answer": "সহজ হইবে এটি তাড়াতাড়ি আমার উন্নত পরিকল্পনা ও পৰিকল্পনা কৰিব পাৰোঁ। আমি আপোনাকে সহায়তা কৰিব পাৰি এবং আপনাকে সম্ভবত পৰিকল্পনা ও পৰিকল্পনা কৰিব পাৰি। আমি আপনাকে সম্ভবত পৰিকল্পনা ও পৰ"
    },
    {
      "question": "বায় \"পছিৰ সৈতে জড়িত বিপদাশংকা বা বিষ কি, আৰু আৰোগ্য হ\" বলৈ কিমান সময় লাগে?",
      "answer": "সহজ এটি ছিল। তাই আপনি অবশ্যই ভাটান দিন থেকে চলী করুন এবং আপনাকে সময় লাগে না। আপনাকে সময় লাগে না কিনা তাড়াতাড়ি আপনাকে সময় লাগে না কিনা তাড়াতাড়ি আপনাকে সময় লাগে না কিনা তাড়াতাড়ি আ"
    },
    {
      "question": "এইচ. পি. ভি./কৰ্কট ৰোগৰ আশংকাৰ বাবে পৰিয়ালৰ সদস্যসকলৰ পৰীক্ষা বা প্ৰতিষেধকৰ প্ৰয়োজন আছে নেকি, নে সকলোৱে অপেক্ষা কৰি চাব লাগে?",
      "answer": "হাইভার্ট হাতে দুষ মৌখিক পৰিয়ালৰ সদস্যসকলৰ পৰীক্ষা বা প্ৰতিষেধকৰ প্ৰয়োজন আছে। এইচ. পি. ভি./কৰ্কট এমন উৎসব ছাড়া নয়; এটি একটি পরিবারৰ জীবনকৃত পৰিকল্পনা নয়। এটি একটি পৰিকল্পনা নয"
    },
    {
      "question": "যদি ই সোনকালে আৰু দেৰিকৈ ধৰা পৰে তেন্তে ইয়াৰ পূৰ্বানুমান কি, আৰু ই অধিক বেয়া হৈ গৈ আছে নে নাই আমি কেনেকৈ জানিব পাৰিম?",
      "answer": "পাৰি এটা সহজ ছাড়া ভাল। আমি আপোনাকে সহায়তা করব ও আপোনাকে সমস্ত পুষ্টি কী হৈ নে নাই নিশ্চিত কৰিব পাৰি। আমি আপোনাকে সহায়তা কৰিবলা আপোনাকে সম্ভাব্য কৰিবলা আমি আগুণ কৰিব পাৰি। আপোনাকে"
    },
    {
      "question": "অসমীয়া ভাষাত সকলো ফলাফলৰ লিখিত সামগ্ৰী আৰু প্ৰতিলিপি থাকিবনে, আৰু তেওঁলোকে আমাক ঘৰলৈ লৈ যাবলৈ কেতিয়া সাজু হ 'ব?",
      "answer": "হ্যাঁ, এটি অসমীয়া ভাষাট সকলো ফলাফলৰ লিখিত সামগ্ৰী আৰু প্ৰতিলিপি থাকিবনে, আমাদের নিশ্চিত করা হ'বে। আপনি গুণ্ড ও উষ্ঠার পুষ্টি আৰু পুষ্টি বৃদ্ধি বোধ কৰিব প্ৰয়োজনীয় ছাড়া আছেন ত"
    }
  ]
}