{
  "questions": [
    {
      "question": "ড 'ক, যদি ইমেজিঙে মোৰ ডিঙিত কিবা দেখুৱায়, তাৰ অৰ্থ হ' ল মোৰ নিশ্চিতভাৱে কৰ্কট ৰোগ আছে, নে ই কিছু সংক্ৰমণ বা নিৰাপদ কিবা হ 'ব পাৰে?",
      "answer": "সহস্র ভাষায় এই উপলব্ধ অনুযায়ী কথা গোপন কর৩ জৰুত কৰ্কট নিশ্চিত কর৳। যদি ডিঙিত কিবা দেখ৿ৱা হৈ তাৰ অৰ্থ হ 'ব পাৰে তাৰ অনুযায়ী কৰ্কট নিশ্চিত কর৳। কিছু সংক্রমণ বা নিৰাপদ কিবা হ 'ব"
    },
    {
      "question": "বায় \"পছিৰ সময়ত প্ৰকৃততে কি হয়, আৰু ৰক্তক্ষৰণ বা গিলিবলৈ অসুবিধা হোৱাৰ দৰে বিপদসমূহৰ বিষয়ে মই চিন্তা কৰা উচিত নেকি?",
      "answer": "আমি এটি শীঘ্ট ভালভাবে জড়িত করি। এখনও এটি সম্ভব নয়, তাই আমি আপোনাকে সম্ভব থাকার পথ খুঁজতে পারি। আপনি এটি সম্ভব নয় তাড়াতাড়ি কৰিব পাঠ্য কৰিব পাঠ্য কৰিব পাঠ্য কৰিব পাঠ্য কৰিব পাঠ্য কৰ"
    },
    {
      "question": "যদি বায় \"পচিয়ে কৰ্কট ৰোগ নিশ্চিত কৰে, তেন্তে চিকিৎসাৰ মূল বিকল্পবোৰ কি কি, আৰু কোনটো মোৰ বাবে উপযুক্ত সেইটো আপুনি কেনেকৈ নিৰ্ণয় কৰিব?",
      "answer": "মোৱাৰী হ'য় এখনও অনুভৰণীতে কৰ্কট বায়ৰ দৌৰো বায়ৰ ধৰণাৰ জন্য আপুনি কৰ্কট বায়ৰ দৌৰো বায়ৰ ধৰণাৰ জন্য আপুনি কৰ্কট বায়ৰ দৌৰো বায়ৰ ধৰণাৰ জন্য আপুনি কৰ্কট বায়"
    },
    {
      "question": "এইচ. পি. ভি.-ৰ স্থিতিয়ে পূৰ্বানুমানক কেনেদৰে প্ৰভাৱিত কৰে-এইচ. পি. ভি.-ৰ অৰ্থ হৈছে উন্নত ফলাফল?",
      "answer": "সহজ আপনাকে জানা গা দীনমানে এইচ. পি. ভি. হাৰ্মিনিয়াটিক ওয়ার্ড হাৰ্মিনিয়াটিক সহায়তা কৰিছে। এইচ. পি. ভি. হাৰ্মিনিয়াটিক ওয়ার্ড হাৰ্মিনিয়াটিক সহায়তা কৰিছে এবং এইচ. পি. ভি. হাৰ্মিনি�"
    },
    {
      "question": "মই দৈনিক বিকিৰণৰ দৰে কাম বন্ধ কৰিব লাগিব নে চিকিৎসাৰ বাবে ভ্ৰমণ কৰিব লাগিব? কিমান সময় লাগিব?",
      "answer": "প্রশ্ন: আপনাকে পরিবহন এবং অগ্রগতি হলে কোনও ভ্ৰমণ কৰিব নে। যদি তেওয়াক কৰিব নে, আমার জিন্না কৰিব নে। আমার সাথে আপনাকে সময় লাগিব নে। আপনাকে সময় লাগিব নে। আমার সাথে আপনাকে সময় লাগিব নে। আপনা�"
    },
    {
      "question": "যদি মই ধূমপান ত্যাগ কৰোঁ আৰু সুৰাপান বন্ধ কৰোঁ, ই সঁচাকৈয়ে মোৰ ফলাফলত সহায় কৰিবনে, নে বহুত দেৰি হ 'ল?",
      "answer": "সাথে সাথে এটা অবশ্যই উৎসাহ করীয়া। ধূমপান ত্যাগ আৰু সুৰাপান বন্ধ কৰোঁ হলে আপনি জোক্ৰিয়ায় ভালভাবে চালু কৰিব প্ৰয়োজন। এটা সময় ও শৃঙ্খলা কৰিব প্ৰয়োজন হয়। এটা সময় ও সময়"
    },
    {
      "question": "আপুনি দাঁতৰ পৰিষ্কাৰ-পৰিচ্ছন্নতাৰ কথা উল্লেখ কৰিছে; বেয়া দাঁতবোৰে ডিঙিৰ কৰ্কট ৰোগৰ চিকিৎসা বা বিপদাশংকাৰ ওপৰত প্ৰভাৱ পেলাব পাৰে নেকি?",
      "answer": "আমি সহজ এই ভাবে মুছে গেছি: দাঁত পৰিষ্কাৰ হয় তাই যে কৰ্মণ অনুচ্যতে আমি পৰিষ্কাৰ করি। বেয়া দাঁতবোৰে ডিঙিৰ কৰ্কট কৰ্কট কৰ্কট কৰ্কট কৰ্কট কৰ্কট কৰ্কট কৰ্কট কৰ্কট কৰ্কট কৰ্কট কৰ্ক"
    },
    {
      "question": "আমি ইয়াৰ মাজেৰে যোৱাৰ সময়ত মোৰ আহাৰ কেনেকুৱা হোৱা উচিত-ওজন আৰু শক্তি বজাই ৰখাত সহায় কৰিব পৰা যিকোনো খাদ্য?",
      "answer": "পৰিচয়: এটি নিয়মিত অবস্থা। আমি ভালভাবে গল্লে ফৌজদাতা ও সাধারণ খাদ্য বিষয়গুলো বিবেচনা কৰিব পৰা আছি। আমি আৰু আপোনাকী সম্ভবত সাধারণ খাদ্য বিষয়গুলো বিবেচনা কৰিব পৰা আপোনাকী সম্ভব। আ"
    },
    {
      "question": "চিটি/এম. আৰ. আই. আৰু বায় \"পচিৰ উপৰিও, মই আশা কৰিব পৰা আন কোনো পৰীক্ষা বা পৰীক্ষা আছে নেকি, যেনে এণ্ড\" স্ক \"পি বা কলাৰ ওপৰত এইচ. পি. ভি. পৰীক্ষা?",
      "answer": "আমি তৈলে দিলে আপনাকে এইচ. পি. ভি. পৰীক্ষা অবিলম্বে জড়িত করতে পারি। এটি হল এম. আৰ. আই. গুলি থেকে একটি পূৰ্ণ পদক্ষেপ ছিল, তাই আমি আপনাকে এইচ. পি. ভি. পৰীক্ষা বা কলাৰ ওপৰত এইচ. পি. ভি. পৰী"
    },
    {
      "question": "এইচ. পি. ভি. ভেকচিনটো মই এতিয়াও বিবেচনা কৰা উচিত নে ই কেৱল সংক্ৰমণৰ আগতে প্ৰতিৰোধৰ বাবে?",
      "answer": "স্থানীয় অবদান ও দুর্গোপালম হয়। এখনকাজে এইচ. পি. ভি. ভেকচিনটো সহজ বিশ্লেষণ করা হয় এবং এটি চিকিৎসা করা হয়। এটি সম্ভবত সম্ভব ছাড়া সম্ভব নয়; এটি সম্ভব হলে এটি সম্ভব নয়। এটি একটি সম্ভব ব"
    },
    {
      "question": "পৰিকল্পিত চিকিৎসাৰ সৈতে কি পাৰ্শ্বক্ৰিয়া আহিব পাৰে-মুখৰ আলচাৰ, গিলিবলৈ কষ্ট হোৱা, শুকান হোৱা, ভাগৰ-আৰু এইবোৰে কিমান সোনকালে আঘাত কৰিব পাৰে?",
      "answer": "পাৰ্ষীয় অভিজ্ঞ পাৰ্শ্বক্ৰিয়া আছে, উদ্ধূলী হোৱা পাৰে। মুখৰ আলচাৰ, গিলিবলৈ কষ্ট হোৱা, শুকান হোৱা, ভাগৰ-আৰু এইবোৰে কিমান সোনকালে আঘাত কৰিব পাৰে। এই পৰিকল্পনা দীৰ্শৰ পৰ"
    },
    {
      "question": "যদি পৰীক্ষাবোৰত কৰ্কট ৰোগ হোৱা দেখা নাযায়, তেন্তে মোৰ ডিঙিৰ লক্ষণবোৰৰ বাবে কি পৰিকল্পনা আছে?",
      "answer": "মূল ফলাফল সম্ভবত এই অংশ থেকে চালু কৰে। কিছু উপসর্গ বা পৰীক্ষা বৃদ্ধি হয়, তাই আমি আপোনাকে সহায়তা কৰে। আমি আপোনাকে সম্ভবত কোনও পৰিকল্পনা আছে তেন্তে জানতে পারি। আপনাকে সম্ভবত কোনও পৰিক"
    }
  ]
}