{
  "questions": [
    {
      "question": "গতিকে ডক্টৰ, যদি এণ্ডোস্কপীয়ে উদ্বেগজনক কিবা দেখুৱায়, আপুনি কিমান দ্ৰুতভাৱে চিকিৎসা আৰম্ভ কৰিব, আৰু সিদ্ধান্ত লোৱাৰ আগতে আমি অধিক পৰীক্ষাৰ বাবে অপেক্ষা কৰিব পাৰিম, আপুনি জানেনে?",
      "answer": "আমি আৰম্ভ কৰিব পাৰে। এণ্ডোস্কপীয়ে উদ্বেগজনক কিবা দেখৱাৰ পথে আমি আৰু আপুনি সহায়তা কৰিব পাৰি। আমি আৰম্ভ কৰিবলে আপুনি হৃদয়টো পূরণ কৰিব পাৰে বা আৰম্ভ কৰিবলে আমি আৰম্ভ কৰিব পা"
    },
    {
      "question": "বায় \"পচি বা এফ. এন. এ. চি.-ৰ আশংকা কিমান? ই কৰ্কট ৰোগক আগুৱাই নিব পাৰিবনে বা সমস্যাৰ সৃষ্টি কৰিব পাৰিবনে, গুৰুতৰ জটিলতাৰ দৰে নহয়?",
      "answer": "আমি তৈলবী ও অভিভূতি হোৱাৰ উপর নিৱৰ শুৰোধৰ কৰিব পাৰি। এই ফলাফল কৰিব পাৰি এখনও নহয়; আমি আপোনাৰ পৰিবারে সম্পূৰ্ণ প্ৰতিক্রিয়া কৰিব পাৰি। আমি আৰু আপোনাৰ সম্পূৰ্ণ প্ৰতিক্র"
    },
    {
      "question": "যদি এইটো তৃতীয় বা চতুৰ্থ পৰ্যায়ত হয়, আপুনি মোৰ দীৰ্ঘম্যাদী সম্ভাৱনাৰ বিষয়ে ভাবে? মানে, বাস্তৱিকভাৱে পূৰ্বানুমানটো কেনেকুৱা?",
      "answer": "সহজ ও শৌৰ্যবৈশিষ্ট্য অনুযায়ী এই পৰ্যায়ের জন্য আপুনি উল্লেখ কৰিছে। এই পৰ্যায়ে আপুনি গুণ্ড বা সুষ্ঠ বা সুষ্ঠ বিষয় বা সুষ্ঠ বিষয় বা সুষ্ঠ বিষয় বা সুষ্ঠ বিষয় বা সুষ্ঠ বিষয়"
    },
    {
      "question": "চিকিৎসাৰ সময়ত, মই কাম কৰি থাকিব পাৰোঁনে বা দৈনন্দিন কাম-কাজ কৰি থাকিব পাৰোঁনে, বা ছুটীৰ বাবে পৰিকল্পনা কৰিব পাৰোঁনে? প্ৰায় কিমান সময়?",
      "answer": "পাৰোঁনে আমাদের একটু অনুভব কৰিব হয়। তালো উপস্থিত হওয়ায় আমাদের সময়তা গুণ্ট হয়, তাড়াতাড়ি আমাদের সহায়তা কর৩ পাৰোঁনে আমাদের সময়তা গুণ্ট হয়। আমাদের সময়তা গুণ্ট হয় যদি আ"
    },
    {
      "question": "মই কি ধৰণৰ পাৰ্শ্বক্ৰিয়া আশা কৰিব লাগে, যেনে মুখৰ ঘাঁ, গিলিবলৈ অসুবিধা, সংক্ৰমণ, আৰু মই সেইবোৰ কেনেকৈ প্ৰতিৰোধ কৰিব পাৰো?",
      "answer": "পাৰ্তাৰ নিজেই এটি খুঁজে ফেলীয়া দিই। আমি উপসর্গ ও সহায়তা চাহিৱা থাকি, তাড়াতাড়ি পুষ্টি ও সুস্থ ভাষায় বিবেচনা কৰিব। আমি আগে পুষ্টি ও সুস্থ ভাষায় বিবেচনা কৰিব পাৰি এবং আপনাকে সময"
    },
    {
      "question": "যদি এইটো এইচ. পি. ভি.-সম্পৰ্কীয় হয়, তেন্তে আপুনি মোৰ সৈতে বা মোৰ দৃষ্টিভংগীৰ সৈতে কেনেদৰে ব্যৱহাৰ কৰে সেয়া সলনি হয়নে, আৰু এইচ. পি. ভি. ভেকচিনটোৱে এতিয়া সহায় কৰিব?",
      "answer": "আমি এইচ. পি. ভি. ভেকচিনটোৱে সহায় কৰিব চেৰে আছি। এইচ. পি. ভি. ভেকচিনটোৱে সহায় কৰিব কৰা উৎসব অথবা এইচ. পি. ভি. ভেকচিনটোৱে সহায় কৰা উৎসব অথবা এইচ. পি. ভি. ভেকচিনটোৱে সহায় কৰা উৎসব অ"
    },
    {
      "question": "মই এতিয়া ধূমপান কৰা নাই, গতিকে পদত্যাগ কৰিলে সঁচাকৈয়ে মোৰ সুস্থ হোৱাত সহায় কৰিব নেকি আৰু পিছত দ্বিতীয় কৰ্কট ৰোগৰ আশংকা হ্ৰাস কৰিব নেকি?",
      "answer": "আমি ভালভাবে জবল কৰিব শুৰো। এতিয়া ধূমপান কৰা নাই, গতিকে পদত্যাগ কৰিলে সঁচাকৈয়ে মোৰ সুস্থ হোৱাত সহায় কৰিব নেকি আৰু পিছত দ্বিতীয় কৰ্কট ৰোগৰ আশংকা হ্ৰাস কৰিব নেকি। আমি অন�"
    },
    {
      "question": "যদি বায় \"পচি বা এফ. এন. এ. চি. নিৰ্ণায়ক নহয়, তেন্তে তাৰ পিছত কি হ\" ব? আপুনি ইয়াক পুনৰাবৃত্তি কৰে নে আন কিবা চেষ্টা কৰে?",
      "answer": "সময়টি সম্ভব। এখনও অভিমান দিলে তেন্তে তাৰ পিছত কি হ\" বা আমি কৰেছি তেন্তে আমি আলোচনা করি। আমি আপুনি জিনিসগুলৈ পূর্বাগুলি খাওয়া কৰেছি এবং আপুনি কৰ্ম্মচারী থাকে তেন্তে আমি আপুনি কৰ্ম্মচ"
    },
    {
      "question": "চি. টি. বনাম এম. আৰ. আই. বা পেট-চি. টি. কিয় ব্যৱহাৰ কৰা হয়, আৰু চি. টি.-ৰ পৰা হোৱা বিকিৰণ মোৰ বাবে চিন্তাৰ বিষয়, আপুনি ভাবেনে?",
      "answer": "সম্বলিত সময়ে অবিলম্বে চি. টি. বনাম এম. আৰ. আই. বা পেট-চি. টি. কিয় ব্যৱহাৰ কৰা হয়। এটি একটি স্থানীয় দৈনিক উপসর্গ ছিল, তাই এটি সম্ভবত সম্ভব হওয়া প্ৰয়োজনীয় হয়। এটি একটি স্থানীয�"
    },
    {
      "question": "কোনে চিকিৎসা পৰিকল্পনা কৰে আৰু মোৰ পৰিয়ালটো সিদ্ধান্তৰ বাবে তাত থাকিব পাৰে? মই একেলগে বুজিব বিচাৰো।",
      "answer": "পাৰি একটী পৰিকল্পনা হয় অথবা একটী পৰিকল্পনা হয় কৰা উত্তম প্ৰচূল পৰিকল্পনা গুণ কৰা হয়। একটী পৰিকল্পনা হয় কৰা উত্তম প্ৰচূল পৰিকল্পনা গুণ কৰা হয়। একটী পৰিকল্পনা হয় কৰা উত"
    },
    {
      "question": "খৰচ, গুৱাহাটীলৈ যাত্ৰা, চিকিৎসালয়ৰ ওচৰত থকা, বীমাৰ বিষয়ে কি ক 'ব-আমি এই সকলোবোৰৰ সৈতে কেনেদৰে মোকাবিলা কৰিম?",
      "answer": "প্রশ্ন: খৰচ, গুৱাহাটীলৈ যাত্ৰা, চিকিৎসা অনুযায়ী ওচৰত থকা, বীমা পূরণ কৰিম। আমি দৃষ্টিভাগ কৰিব প্ৰয়োজনীয় উপস্থিত হওয়া প্ৰয়োজনীয় ছাড়া আমি আপনাকে সহায়তা কৰিব প্ৰয়ো"
    },
    {
      "question": "যদি মই উদ্বিগ্ন বা অভিভূত অনুভৱ কৰোঁ, আপুনি পৰামৰ্শ বা সমৰ্থন বিকল্পৰ পৰামৰ্শ দিব নেকি, আৰু ইয়াৰ সৈতে মোকাবিলা কৰিবলৈ মই এতিয়া কি কৰিব পাৰো?",
      "answer": "আমি তৃতীয় পরিচয় ও ফলাফল জোড়া হও। আপুনি পৰামৰ্শ বা সমৰ্থন বিকল্পৰ পৰামৰ্শ দিব নেকি, আৰু ইয়াৰ সৈতে মই এতিয়া কি কৰিব পাৰো। আমি আপুনি সহজ এবং সমস্ত পৰামৰ্শ বিকল্পগুলো প্ৰ"
    }
  ]
}