{
  "questions": [
    {
      "question": "যদি পৰীক্ষাবোৰ চতুৰ্থ পৰ্যায়লৈ ঘূৰি আহে, আপুনি জানে, ইয়াৰ অৰ্থ হ 'ল প্ৰকৃততে চিকিৎসাৰ কোনো সম্ভাৱনা নাই, বা আমি এতিয়াও দীৰ্ঘম্যাদী নিয়ন্ত্ৰণৰ আশা কৰিব পাৰোঁনে?",
      "answer": "আমি মৌখিক ও পৰীক্ষা বোৰ চতুৰ্থ পৰীক্ষা গুৰুতে আছি। এটি উপরোক্ত পৰীক্ষা বোৰ চতুৰ্থ পৰীক্ষা গুৰুতে আছে, তাড়াতাড়ি আমি আপুনি শুৰোভাব কৰিব পাৰি। এতিয়াও দীৰ্ঘম্যাদী নি�"
    },
    {
      "question": "আপুনি অস্ত্ৰোপচাৰ, ৰেডিয়েচন আৰু কেমোথেৰাপীৰ ক্ৰম আৰু ৰুক্ষ সময় ভাঙিব পাৰিবনে, যাৰ দৰে প্ৰথমে আহে আৰু প্ৰতিটো অংশ কিমান সময় ধৰি থাকে?",
      "answer": "আমি এটি উল্লেখ কৰিব পাৰি, তাহাৰ জন্য আপুনি আৰু আমুণৰ গোষ্ঠীত চিকিৎসা কৰিব পাৰি। আমি আৰু আপুনি সময় ও শৃঙ্খলাৰ সময় সময়ৰ সম্ভব কৰিব পাৰি। আমি আৰু আপুনি সময় সম্ভব কৰিব পাৰ"
    },
    {
      "question": "মোৰ কণ্ঠস্বৰ কিমান প্ৰভাৱিত হৈ থাকিব, আৰু স্পিচ থেৰাপীয়ে মোক মোৰ কথা কোৱাৰ ক্ষমতা পুনৰুদ্ধাৰ কৰাত কিমান সোনকালে সহায় কৰিব পাৰে?",
      "answer": "পূৰ্ণ কণ্ঠস্বৰ কিমান প্ৰভাৱিত হৈ থাকিব। এটি অবিশ্রান্ত হয় না; আমি দৃষ্টিভুজ কৰিবলে উত্তৰ কৰিব পাৰি। স্পিচ থেৰাপীয়ে মোক মোৰ কথা কৰিব পাৰে কিছু গোৱা হয় না, তাই আমি আৰু আপো"
    },
    {
      "question": "যদি মই এতিয়া এইচ. পি. ভি. ভেকচিনটো পাওঁ, ই মোৰ বৰ্তমানৰ কৰ্কট ৰোগত সহায় কৰিব নে ই কেৱল ভৱিষ্যতৰ সংক্ৰমণ প্ৰতিৰোধৰ বাবে?",
      "answer": "পৰিচয় আছেন যদি এতিয়া এইচ. পি. ভি. ভেকচিনটো পাওঁ। অবশ্যই এটি দীর্ঘস্থায়ী হয় এবং এটি উৎসাহিত করে না। এটি এখনও গুরুত্বপূর্ণ নয়, তাড়াতাড়ি এটি সম্ভবত সমাধান করতে পারে। আমাদের জন্য এট"
    },
    {
      "question": "যেতিয়া মোৰ মুখখন শুকান আৰু বিষ অনুভৱ হয় তেতিয়া মই কি কি খাদ্য খাব লাগে, আৰু চিকিৎসাৰ সময়ত ওজন হ্ৰাস হোৱাৰ পৰা কেনেকৈ ৰক্ষা কৰিব লাগে?",
      "answer": "পূৰ্ণ ভালো মুখখন এৰাৰ জন্য আৰু বিষ অনুভৱ হয়। আৰু আৰম্ভ কৰা উলটী কৰা আৰু আৰম্ভ কৰা উলটী কৰা আৰু আৰম্ভ কৰা উলটী কৰা আৰু আৰম্ভ কৰা উলটী কৰা আৰম্ভ কৰা আৰম্ভ কৰা উলট"
    },
    {
      "question": "আমি যিকোনো বিকিৰণ বা কেমো আৰম্ভ কৰাৰ আগতে, মই কি কি দাঁতৰ পদক্ষেপ ল 'ব লাগে? মোক এতিয়া ভৰণ বা নিষ্কাশনৰ প্ৰয়োজন নেকি?",
      "answer": "সহস্ত্র সময়ে অনুভূত হওয়ার জন্য আপনাকে আলোচনা কৰিব প্ৰয়োজন। আপনাকে কিছু পদক্ষেপ লাগব প্ৰথমে কী কি বা কি নিষ্কাশন কৰব তাই আমি আপনাকে সম্ভবত কিছু পদক্ষেপ লাগব প্ৰয়োজন কৰিব প্ৰয়ো"
    },
    {
      "question": "যদি মই ধূমপান বা মদ্যপান কৰি থাকোঁ, ই চিকিৎসাৰ কাম কম কৰিব নে অধিক পাৰ্শ্বক্ৰিয়াৰ সৃষ্টি কৰিব?",
      "answer": "হালনাহত ধূমপান এবং মদ্যপান দিনৰ আগে খাওয়ার জন্য তাড়াতাড়ি উল্লেখ কৰিব পাৰে। আমি ভাগীয়া সময় কৰিব পাৰে এবং আমি আপোনাকী সময় কৰিব পাৰে। আমি আপোনাকী সময় কৰিব পাৰে এবং আপোনাক"
    },
    {
      "question": "চৰকাৰী ৰাজসাহায্য লাভ কৰিবলৈ মই কি কি নথিপত্ৰৰ প্ৰয়োজন, আৰু মই সহায় পোৱাৰ আগতে এই প্ৰক্ৰিয়াটোত কিমান সময় লাগে?",
      "answer": "পূৰ্ণ ধৰণৰ অনুচতুর উপলব্ধ তথ্য দিনৰ পুষ্টি ও সময় খুঁজুন। আমি আপোনাকে সহায়তা কৰিবলৈ সম্ভাব্য কিছু প্ৰক্রিয়া শৃঙ্খলা কৰিব৷ আপোনাকে সহায়তা কৰিবলৈ সম্ভাব্য কিছু প্ৰক্রিয়া"
    },
    {
      "question": "মঞ্চস্থ কৰিবলৈ 1-2 সপ্তাহ কিয় লাগে-যদি মোৰ লক্ষণবোৰ অধিক বেয়া হৈ যায় বা মই পলম হোৱাৰ বিষয়ে চিন্তিত তেন্তে আমি ইয়াক ত্বৰান্বিত কৰিব পাৰোঁনে?",
      "answer": "আমি এটি দূৰত্ব ও উৎসাহ নিশ্চিত করছি। মঞ্চস্থ কৰিবলৈ আমি ভালভাবে জড়িত করছি এবং আমি আপোনাকে সহায়তা কৰিব পাৰি। আমি আপোনাকে সম্ভাব্য কৰিবোঁনে পৰিবেষণ ও পলম হোৱাৰ বিষয়ে চিন্তিত কৰিব"
    },
    {
      "question": "চিকিৎসাৰ আটাইতকৈ সাধাৰণ পাৰ্শ্বক্ৰিয়াবোৰ কি কি, আৰু যদি সেইবোৰ দেখা যায় তেন্তে সেইবোৰ নিয়ন্ত্ৰণ কৰিবলৈ মই ঘৰত কি কৰিব পাৰো?",
      "answer": "পাৰ্ষীহৰ এটি হয় না। আমি অনুচরণ ও উপস্থিত কৰিবলৈ গুলৈ সাধাৰণ পাৰ্শ্বকৰ কৰিবো। আমি ভালভাবী জীৱন ও সম্ভাব্য পাৰ্টৰ কৰিবো এবং আমি আগ৿ সম্ভাব্য পাৰ্টৰ কৰিবো। আমি আৰু আৰু আৰ"
    },
    {
      "question": "চিকিৎসা শেষ হোৱাৰ পিছত, মোক কিমানবাৰ চেকআপৰ প্ৰয়োজন হ \"ব, আৰু মই কি কি লক্ষণ লক্ষ্য কৰিব লাগিব যাৰ অৰ্থ হ\" ব পাৰে যে কৰ্কট ৰোগ ঘূৰি আহিছে?",
      "answer": "মোকাবেলা সম্ভব। এটি দীর্ঘদৈৱ উপস্থিত হোৱাৰ পৰা কৰ্কট খোও হয় না; আমি আৰু আপুনি জিন্ডৰ পৰিকল্পনা কৰিব পাৰি। আপুনি কৰ্কট খোও হয় না, তাই আমি আৰু আপুনি কৰ্কট খোও হয় না। আমি আ"
    },
    {
      "question": "মোৰ পৰিয়াল আৰু মোৰ বাবে আৱেগিক আৰু আৰ্থিক চাপ-পৰামৰ্শ, সমৰ্থন গোট, বা সামূহিক সম্পদত কোনে সহায় কৰিব পাৰে?",
      "answer": "সময়সূচি একটু অনুভব কৰে। আপনাকে নিজেই দীর্ঘমেয়াদী হওয়া উৎসাহ কৰে; তাড়াতাড়ি আপনাকে সম্ভব ছাড়া নয়। আপনাকে সম্পৃক্ত ধৰণ খালি হওয়া উৎসাহ কৰে এবং আপনাকে সম্পৃক্ত ধৰণ খালি হওয়া"
    }
  ]
}