{
  "questions": [
    {
      "question": "গতিকে, ড 'ক, যদি এইচ. পি. ভি. পৰীক্ষা পজিটিভ বা নেগেটিভ আহে, ই কেনেকৈ চিকিৎসা পৰিকল্পনা আৰু চিকিৎসাৰ সম্ভাৱনা সলনি কৰে?",
      "answer": "পজিটিভ হয়েছে তালবাদ অথবা নেগেটিভ হয়েছে তাহাৰ উপর মূল্যায়ন কৰিছে। এইচ. পি. ভি. পৰীক্ষা সম্ভব হওয়াৰ জন্য একটি পৰিকল্পনা আৰু চিকিৎসাৰ সম্ভাৱনা সলনি কৰে। এইচ. পি. ভি. পৰীক্ষা সম্ভব হ"
    },
    {
      "question": "যদি কেমোৰ পৰামৰ্শ দিয়া হয়, সাধাৰণ পাৰ্শ্বক্ৰিয়া কি আৰু মই ফাৰ্মত কাম কৰি থকাৰ সময়ত সেইবোৰ কেনেকৈ নিয়ন্ত্ৰণ কৰিব পাৰোঁ?",
      "answer": "পাৰ্টৰ এটা অস্বাভাবিক। কেমোৰ পৰামৰ্শ দিয়া হয় তাই আমি আৰু আপোনাৰ জন্য কৰিব পাৰে। আমি আৰু আপোনাৰ জন্য কৰিব পাৰে যদি আমি আৰু আপোনাৰ জন্য কৰিব পাৰে। আমি আৰু আপোনাৰ জন্য কৰ"
    },
    {
      "question": "গোটেই চিকিৎসাটো কিমান সময় লয় আৰু ই মোৰ দৈনন্দিন জীৱনত কেনেদৰে প্ৰভাৱ পেলাব, যেনে গৰু গাখীৰ খুওৱা আৰু খেতিৰ কাম?",
      "answer": "পূৰ্ণ হয়ে থাকলে একটু অনুচৰণ কৰে। আপনাকে ভাল হয়ে তাড়াতাড়ি শৃঙ্খলা করুন এবং আপনাকে সহায়তা করুন। আপনাকে সময় লয় এবং আপনাকে সময় লয় এখনও কথা বলুন। আপনাকে সময় লয় এবং আপনাকে"
    },
    {
      "question": "যদি এইটো তৃতীয় বা চতুৰ্থ পৰ্যায় হয়, আৰু এইচ. পি. ভি. পজিটিভিটিয়ে সহায় কৰে তেন্তে মোৰ আৰোগ্য হোৱাৰ প্ৰকৃত সম্ভাৱনা কিমান?",
      "answer": "সম্ভব। এইচ. পি. ভি. পজিটিভিটিয়ে সহায় কৰে তেন্তে মোৰ আৰোগ্য হোৱাৰ প্ৰকৃত সম্ভাৱনা হয়। এইচ. পি. ভি. পজিটিভিটিয়ে সহায় কৰে তেন্তে মোৰ আৰোগ্য হয় অথবা দূৰ্ঘ্যাল উপলব্ধ হয়। এই"
    },
    {
      "question": "চিকিৎসাৰ আগতে আৰু সময়ত দাঁতৰ যত্ন কিমান গুৰুত্বপূৰ্ণ আৰু মই দাঁতৰ যিকোনো কাম কৰিব পাৰোঁনে? ৰেডিঅ 'থেৰাপীৰ সময়ত কি কি বিপদ আছে?",
      "answer": "আৰু এটি হল আৰু তালকৰ সহায়তা করুন। আমি আৰু এটি সময়ত দাঁতৰ যত্ন কৰিব পাৰে এবং আমি আৰু এটি সময়ত দাঁতৰ যত্ন কৰিব পাৰে। আমি আৰু এটি সময়ত দাঁতৰ যত্ন কৰিব পাৰে এবং আমি আৰু এট"
    },
    {
      "question": "মই পুষ্টিৰ সহায় পামনে, আৰু চিকিৎসাৰ সময়ত মই কেনেকৈ কোমল খাদ্য পৰিচালনা কৰিম আৰু হাইড্ৰেট হৈ থাকিম?",
      "answer": "পুষ্টিৰ সহায় পামনে এমন বিষয়গুলো অনুযায়ী নিশ্চিত করূনো হয়। আপনো গুণ্ডবৃদ্ধি, ভাজক উপশম ও সৌন্দর্ঘ্ব ফল পৰিণত কৰিম; আপনো সুন্দর ছাদ ও সুন্দর পুষ্টি কৰিম। আপনো সুন্দর ছাদ ও স"
    },
    {
      "question": "খৰচ আৰু মোৰ কৃষিৰ উপাৰ্জনৰ প্ৰতি লক্ষ্য ৰাখি কি বিত্তীয় সাহায্য উপলব্ধ, আৰু মই কি কি নথিপত্ৰ সংগ্ৰহ কৰিব লাগে?",
      "answer": "Yes, এটি ভালভাবে চলমান। আপনি দৈনন্দিন অনুসরণ কৰিব পৰীক্ষা ও ফলাফল সংগ্ৰহ কৰিব পৰীক্ষা ও ফলাফল সংগ্ৰহ কৰিব লাগে। আপনি এটি সম্ভবত সাথে সাথে সম্ভব কৰিব পৰীক্ষা ও ফলাফল সংগ্ৰহ কৰিব লাগে। �"
    },
    {
      "question": "যদি মই এতিয়া ধূমপান ত্যাগ কৰোঁ, ই ফলাফল উন্নত কৰিব নে চিকিৎসাৰ বিপদাশংকা হ্ৰাস কৰিব?",
      "answer": "Yes, আপনাকে দীর্ঘজয় কৰিব প্ৰয়োগ কৰিব প্ৰয়োজন। এতিয়া ধূমপান ত্যাগ কৰিব প্ৰয়োজন হয়, অথবা এতিয়া ধূমপান থাকলে আপনাকে কৰ্মণ ও প্ৰশ্ন কৰিব প্ৰয়োজন। এতিয়া ধূমপান ত্যাগ কৰিব"
    },
    {
      "question": "যেতিয়া এমডিটি-য়ে সেইবোৰ, বিশেষকৈ টিএনএম ষ্টেজিং ব্যাখ্যা কৰে তেতিয়া মই পৰীক্ষাৰ ফলাফলবোৰ কেনেকৈ বুজি পাম?",
      "answer": "পৰীক্ষা হয় আৰু অনুসরণ কৰিছে নিজে দৃষ্টিভোৰ কৰিছে। এমডিটি বিশেষকৈ টিএনএম ষ্টেজিং ব্যাখ্যা কৰে তেতিয়া মই পৰীক্ষা কৰিছে নিজে দৃষ্টিভোৱা কৰিছে। এটি উৎসাহিত কৰিব প্ৰয়োগ কৰিব প্"
    },
    {
      "question": "যদি এম. ডি. টি.-য়ে একেলগে কেমো আৰু ৰেডিয়েচনৰ পৰিকল্পনা কৰে, ই একে সময়তে হ 'ব নেকি, আৰু মোৰ আহাৰ আৰু স্পিচ থেৰাপীৰ বাবে ইয়াৰ অৰ্থ কি হ' ব?",
      "answer": "সময়ত্‍কে এম. ডি. টি. দিনৰ উপর ভিত্তিৰ পৰিকল্পনা কৰে যা একটু বৃদ্ধি বা গুণ্ঠিত হইয়া পৰিকল্পনা কৰে। এম. ডি. টি. দিনৰ অংশ হইয়াছে যা একটু বৃদ্ধি বা গুণ্ঠিত হইয়া পৰিকল্পনা কৰে। এম."
    },
    {
      "question": "মোৰ পৰিয়ালে এমডিটি সভাত উপস্থিত হৈ প্ৰশ্ন সুধিব পাৰিবনে, আৰু আমি আমাৰ স্থানীয় ভাষাত তথ্য লাভ কৰিব পাৰোঁনে?",
      "answer": "আমি আৰু দূতদের জন্য সহজ ও শুৰক গুণতাৰ অনুসারী সহায়তা কৰিব পাৰি। আমি আৰু আমাদের সহায়তা কৰিব পাৰি এবাৰ সময় আৰু সময়টি সুৰ্ব্বীপ ছোট হৈছে। আমি আৰু আমাদের সহায়তা কৰিব পা"
    },
    {
      "question": "চিকিৎসাৰ পিছত, মোক কিমানবাৰ ফলো-আপৰ প্ৰয়োজন হ 'ব আৰু সোনকালে পুনৰাবৃত্তি পাবলৈ আমি কি লক্ষণবোৰ লক্ষ্য কৰিব লাগিব?",
      "answer": "পূৰ্ণ চিকিৎসাৰ পিছত, মোকা কিমানবাৰ ফলো-আপৰ প্ৰয়োজন হ 'ব। এটি অনুভৱ কৰিব পৰীক্ষা ও পুষ্টি দৌৰো উপলব্ধ হ'ব, তাই আমি ভাল জোড়াৰ পুষ্টি ও পুষ্টি দৌৰো উপলব্ধ হ'ব। এই পুষ্টি ও প�"
    }
  ]
}