{
  "questions": [
    {
      "question": "উম ডাক্তৰ, আপুনি ৰঙা পতাকা উল্লেখ কৰিছিল যিবোৰে বায় \"পচিৰ বাবে জোৰ দিব। ঠিক কি ৰঙা পতাকা হিচাপে গণনা কৰা হয়, আৰু যদি মই এতিয়া সেইবোৰৰ যিকোনো এটা লক্ষ্য কৰোঁ, বায়\" পচি কিমান সোনকালে হ \"ব?",
      "answer": "আমি ভালভাবে শীঘ্ৰ অগ্ৰহান থাকছি এবং আমি আপুনির সাধারণ পদক্ষেপে সহায়তা ক'াৰ্ব কৰিব প্ৰস্তুতি কৰিব প্ৰাথমিক কিমা কৰিব প্ৰাথমিক কিমা কৰিব প্ৰাথমিক কিমা কৰিব প্ৰাথমিক কিমা কৰিব প্ৰাথ"
    },
    {
      "question": "যদি 7-10 দিনৰ ভিতৰত ইমেজিং স্বাভাৱিক অৱস্থালৈ ঘূৰি আহে, তেন্তে তাৰ পিছত কি হ 'ব? মই এতিয়াও মোৰ জীৱনশৈলী সলনি কৰিব লাগিব নেকি বা ফলো-আপৰ বাবে আহিব লাগিব নেকি?",
      "answer": "মুখোমোৰ পৰিচয় ও উপসর্গ শৃঙ্খলা কৰিব নে। এতিয়া আছে তেন্তে আমি আগামী প্ৰচালন কৰিব নে। আমি আপোনাকে সম্ভাব্য কৰিব নে। আমি আপোনাকে সম্ভাব্য কৰিব নে। আমি আপোনাকে সম্ভাব্য কৰিব নে। আমি আপ"
    },
    {
      "question": "ধোঁৱাবিহীন ধঁপাত, কিছু এলকহল, আৰু এইচ. পি. ভি. ভেকচিন নথকাৰ দৰে মোৰ বিপদাশংকাৰ কাৰকবোৰৰ প্ৰতি লক্ষ্য ৰাখি, মই কৰ্কট ৰোগৰ বিষয়ে কিমান চিন্তিত হোৱা উচিত, আৰু ইয়াক নাকচ কৰিবলৈ আপুনি ঠিক কি পৰীক্ষা কৰিব?",
      "answer": "মোৰ সমস্ত অনুযায়ী এখনও কৰ্কট কৰিবোৰ জৰুৱৰ প্ৰতিকৰ্থে আপুনি কৰ্কট কৰিবোৰ গোৱা হয়। এইচ. পি. ভি. ভেকচিন নথিটা সম্ভব হয়, তাড়াতাড়ি কৰিবোৰ কিছু এলকহল ও ধোঁৱাৰ ধঁপাত ক"
    },
    {
      "question": "যদি বায় \"পচিৰ প্ৰয়োজন হয়, কিমান সময় লাগে, ই বেদনাদায়ক, আৰু মোক এনেস্থেছিয়াৰ প্ৰয়োজন নেকি?",
      "answer": "আপনাকে অতিক্ষেষ ও তাড়াতাড়ি জল চাটালো এবং শীঘ্রই ভালভাবে উঠালো এটি করুন। এখনও সহজ ছাড়া একটি স্থানীয় পৃথক বা স্থানীয় পুষ্টি সহ একটি স্থানীয় পুষ্টি সহ একটি স্থানীয় পুষ্টি সহ �"
    },
    {
      "question": "খৰচৰ বিষয়ে কি ক \"ব? ইমেজিং আৰু সম্ভাৱ্য বায়পচি বীমা বা ৰাজসাহায্যৰ দ্বাৰা সামৰি লোৱা হ \"ব নেকি, আৰু কাগজ-পত্ৰৰ কামত কিমান সময় লাগে?",
      "answer": "আমি এই পরিচয়গুলো অনুযায়ী উপস্থিত হয়।\n\n1) খৰচ বিষয়ৰ সম্ভাব্য শৃঙ্খলা: এখনও এটি সম্ভব। এটি সম্ভব হওয়ায় আমি সহজ ও সহজ বিবেচনা করি। এটি সম্ভব হওয়ায় আমি সম্ভব বিবেচনা করি।\n\n2) ইমেজিং ব"
    },
    {
      "question": "আপুনি ইয়াৰ বিপৰীতে আল্ট্ৰাছাউণ্ড আৰু চিটিৰ মাজৰ পাৰ্থক্যটো ব্যাখ্যা কৰিব পাৰিবনে, আৰু আপুনি মোৰ গোচৰৰ বাবে কোনটো বাছনি কৰিব?",
      "answer": "আমি সহজ এবাৰ অনুসরণ কৰিব পাৰি। আমি তৃতৈৱা ভাষাৰ নিদৰ্শক লিঙ্গুদৰ পূৰ্ণতা ও পৰীক্ষা কৰিব পাৰি, তাহাৰ মধ্যে আমি আৰু আপুনি কৰিবো। আমি আৰু আপুনি কৰিবো তাহাৰ মধ্যে আমি আৰু আপ"
    },
    {
      "question": "বায় \"পচিৰ কোনো বিকল্প আছে নেকি, যেনে অধিক ইমেজিং বা তেজৰ পৰীক্ষা, বা বায়\" পচি হৈছে নিশ্চিত কৰাৰ সৰ্বশ্ৰেষ্ঠ উপায়?",
      "answer": "সহস্র মুখীয় এবং দীর্ঘ ভাল ইমেজিং বা তেজৰ পৰীক্ষা থাকতে পারে। আপনাকে গুণ্ট পদক্ষেপ ও প্রয়োজনীয় ফলাফলগুলি জানতে হয়। আপনাকে সম্ভবত প্রয়োজনীয় পরিকল্পনা বা পরিকল্পনা দিয়ে সম্ভব ক"
    },
    {
      "question": "যদি মই ধোঁৱাবিহীন ধঁপাত এৰি সুৰাপান বন্ধ কৰো, তেন্তে সেই বিপদাশংকা কিমান কম হ 'ব, আৰু যদি কিবা পোৱা যায় তেন্তে ই চিকিৎসাৰ সিদ্ধান্ত সলনি কৰিব পাৰিবনে?",
      "answer": "আমি ভালভাবে জয় করি। ধোঁৱা এৰি সুতো সুৰাপান বন্ধ কৰো অথবা উপশম কৰো তেন্তে সেই বিপদাশংকা কম হ 'ব। যদি কিবা পোৱা যায় তেন্তে ই চিকিৎসাৰ সিদ্ধান্ত সলনি কৰিব পাৰিবনে, আমি আপোনাক কৰিব �"
    },
    {
      "question": "বিপৰীত প্ৰতিক্ৰিয়া বা বৃক্কৰ সমস্যাৰ দৰে ইমেজিং পৰীক্ষাৰ বিপদাশংকা বা পাৰ্শ্বক্ৰিয়া কি কি?",
      "answer": "প্ৰতিক্ৰিয়া এখনও আছে; অবশ্যই তথ্য নিচে থাকলৈ মুখের পাৰ্শ্বক্ৰিয়া ও হাজার প্ৰতিক্ৰিয়া বা বৃক্কৰ সমস্যা উৎসাহ কোনো প্ৰতিক্রিয়া বা বৃক্কৰ সমস্যা বা পাৰ্শ্বক্ৰিয়া কি কি বা প্ৰত"
    },
    {
      "question": "মোৰ পৰিয়ালটো কেনেদৰে জড়িত হ \"ব, আৰু ভ্ৰমণ আৰু ব্যয়ৰ বাবে কোনো সামাজিক বা বিত্তীয় সহায় আছে নেকি?",
      "answer": "পৰিচয় একটু অস্থায়ী। আপনি দূষণ ও গর্ভাশয়ের উপর ফলো-আপ করুন এবং আপনি পৰিয়ালটো কেনেদৰে জড়িত হওয়ায় আপনাকে সাধারণত সাধারণ বিষয়গুলি বা সাধারণ সহায়তা ব্যবহার করুন। আপনাকে সাধারণ"
    },
    {
      "question": "এতিয়া সহায় কৰিব পৰা মৌখিক পৰিষ্কাৰ-পৰিচ্ছন্নতা আৰু আহাৰৰ বিষয়ে যিকোনো দ্ৰুত পৰামৰ্শ, আৰু সেইবোৰে কিমান সোনকালে লক্ষণবোৰ উন্নত কৰিব পাৰে?",
      "answer": "মূল পৰিষ্কাৰ-পৰিচ্ছন্নতা আৰু আহাৰৰ বিষয়ে অনুসরণ কৰি তৈৰী হওয়াৰ জন্য আৰু সেইবোৰে কিমান সোনকালে লক্ষণবোৰ উন্নত কৰিব পাৰে। আমি আৰু আপনাকে সূত্রৰ গুৱে সুৰ্য ভাইদে সম্পৃ"
    },
    {
      "question": "যদি ইমেজিং স্পষ্ট হয়, ভৱিষ্যতে মই কিমানবাৰ চেকআপ লোৱা উচিত, আৰু কি কাৰণত আগতে পুনৰ পৰিদৰ্শন কৰা হ 'ব?",
      "answer": "Yes, এমডিটি বৈশীষ্ঠিক অনুসন্ধান কৰল। যদি ইমেজিং স্পষ্ট হয়, ভৱিষ্যতে মই কিমানবাৰ চেকআপ লোৱা উচিত; আগতে পুনৰ পৰিদৰ্শন কৰা হ 'ব। এটি সহায়তা করৰ জন্য এটি সম্ভবত সম্ভব। আমি আপোনাকে সহায়তা"
    }
  ]
}