{
  "questions": [
    {
      "question": "গতিকে, এম. ডি. টি.-য়ে 3-5 দিনৰ ভিতৰত এটা যত্নৰ সাৰাংশ দিব, কিন্তু সেই সাৰাংশটোত আচলতে কি আছে, আৰু আপুনি ইমেজিং আৰু পৰীক্ষাবোৰ চোৱাৰ পিছত ই মোৰ চিকিৎসাৰ পৰিকল্পনা সলনি কৰিব নেকি?",
      "answer": "গতিকে এম. ডি. টি.-য়ে 3-5 দিনৰ ভিতৰত এটা যত্নৰ সাৰাংশ দিব। আপুনি ইমেজিং আৰু পৰীক্ষা কৰিব নেকি, আৰু আপুনি হৃদয় ও অবস্থাৰ উপর ভিলানা কৰিব নেকি। আপুনি ইমেজিং আৰু পৰীক্ষা কৰিব নেকি"
    },
    {
      "question": "যদি মোৰ মুখৰ আলচাৰ বেয়া হৈ যায় বা মোৰ 38 ডিগ্ৰী চেলছিয়াছৰ ওপৰত জ্বৰ হয়, তেন্তে মই জৰুৰীকালীন কোঠালৈ যাব লাগে বা প্ৰথমে হেল্প লাইনত ফোন কৰিব লাগে, উম্ম্ম্ম্ম্ম্ম্ম্ম্ম্ম্ম্ম্ম্ম্ম্ম্ম্ম্ম্ম্ম্ম্ম্ম্ম্ম্ম্ম্ম্ম্ম্ম্ম্ম্ম্ম্ম্ম্ম্ম্ম্ম্ম্ম্ম্ম্ম্ম্ম্ম্ম্ম্ম্ম্ম্ম্ম্ম্ম্ম্ম্ম্ম্ম্ম্ম্ম্ম্ম্ম্ম্ম্ম্ম্ম্ম্ম্ম্ম্ম্ম্ম্ম্ম্ম্ম্ম্ম্ম্ম্ম্ম্ম্ম্ম্ম্ম্ম্ম্ম্ম্ম্ম্ম্ম্ম্ম্ম্ম্ম্ম্ম্ম্ম্ম্ম্ম্ম্ম্ম্ম্ম্ম্ম্ম্ম্ম্ম্ম্ম্ম্ম্ম্ম্ম্ম্ম্ম্ম্ম্ম্ম্ম্ম্ম্ম্ম্ম্ম্ম্ম্ম্ম্ম্ম্ম্ম্ম্ম্ম্ম্ম্ম্ম্ম্ম্ম্ম্ম্ম্ম্ম্ম্ম্ম্ম্ম্ম্ম্ম্ম্ম্ম্ম্ম্ম্ম্ম্ম্ম্ম্ম্",
      "answer": "সহজ সম্ভব। এটি নিশ্চিত করী দৃষ্টিপন্ধ অনুযায়ী সম্ভব থাকে যদি মোৰ মুখৰ আলচাৰ বেয়া হৈ যায় বা মোৰ 38 ডিগ্ৰী চেলছিয়াছৰ ওপৰত জ্বৰ হয়। যদি এটি সম্ভব নয়, তেন্তে মই জৰুৰীকালী"
    },
    {
      "question": "গ্লিচাৰিন দ্ৰৱণ বা স্প্ৰেৰ দৰে এই লালা বিকল্পবোৰে সঁচাকৈয়ে দীৰ্ঘম্যাদীভাৱে সহায় কৰে নেকি, আৰু যদি মই বিভ্ৰান্ত হওঁ তেন্তে কোনটো ব্যৱহাৰ কৰিব লাগে মই কেনেকৈ বাছনি কৰিম?",
      "answer": "সাধাৰণত গ্লিচাৰিন দ্ৰৱণ বা স্প্ৰেৰ দৰে অনুশীলন কৰিব উপলব্ধ হয়। এই লালা বিকল্পগৰ সময় ও শূন্যতা বা জল দৃষ্টিপন্ধ বা সম্পূৰ্ণ বিষয়ে সম্পূৰ্ণ বিভ্রান্ত হওয়ায় এই লালা বিকল্পগৰ স"
    },
    {
      "question": "যদি মই মুখৰ আলচাৰৰ বাবে কঠিন পদাৰ্থ খাব নোৱাৰোঁ, তেন্তে প্ৰ 'টিন শ্বেক যথেষ্ট হ' ব নেকি, আৰু মই প্ৰতিদিনে কিমান কেলৰিৰ লক্ষ্য ৰাখিব লাগে?",
      "answer": "পৰিচয়: এমন অস্ত্রীকৃত পদাৰ্থ সহ উপলব্ধ ভাজ ও পূজা সহ একটি সৈতে সৈতে পুষ্টি করুন। আপনি পুষ্টি কৰোৱা কৰোৱা কৰোৱা কৰোৱা কৰোৱা কৰোৱা কৰোৱা কৰোৱা কৰোৱা কৰোৱা কৰো"
    },
    {
      "question": "ৰেডিয়েচন ডৰ্মেটাইটিছৰ শব্দ ভয়ংকৰ-মই ঘৰত মোৰ ছালৰ যত্ন কেনেকৈ ল 'ব লাগে, আৰু ইয়াৰ বাবে মই কি লক্ষ্য ৰাখিব লাগে মানে মই ছালৰোগ বিশেষজ্ঞৰ ওচৰলৈ দ্ৰুতভাৱে যাব লাগিব?",
      "answer": "প্রশস্ত হয় এখনও সহজ হয়। অনুনাসিক পরিচালনা উপস্থিত হয় এবং আপনাকে সম্ভবত জীবন ধূমপান বা পৃথিবীতে সম্পূর্ণ স্বাস্থ্য বিশেষজ্ঞদের সাথে সম্পূর্ণ সম্পূর্ণ স্বাস্থ্য বিশেষজ্ঞদের সাথে সম্পূর্ণ"
    },
    {
      "question": "যদি মোক অৱশেষত ঘৰলৈ ভ্ৰমণৰ প্ৰয়োজন হয়, সেইবোৰ কিমান সঘনাই হ 'ব লাগে, আৰু এইটো মোৰ আৰু মোৰ পৰিয়ালৰ বাবে সুচাৰুৰূপে চলি থাকিবলৈ কি সহায় কৰে?",
      "answer": "স্ট্যাপ: যদি মোক অৱশেষত ঘৰলৈ ভ্ৰমণৰ প্ৰয়োজন হয়, তাহলে আমি দীর্ঘ ধূমপান ও উৎসাহিত জল সঠিক সুচাৰু বা সুচাৰু সম্পৃক্ত করি। আমি সম্ভবত সুচাৰু সম্পৃক্ত করি এবং এটি সম্ভবত সুচাৰ"
    },
    {
      "question": "এই ৰেডিঅ 'থেৰাপীৰ পিছত দীৰ্ঘম্যাদী কথা কোৱা বা গিলিবলৈ সমস্যা হোৱাৰ সম্ভাৱনা কিমান, আৰু চিকিৎসা শেষ হোৱাৰ পিছত স্পিচ থেৰাপী চলি থাকিব নেকি?",
      "answer": "পৰিচয় ও উপরোক্ত সহায়তা সম্ভব। এটি একটি স্টেজ বা পৰিবেশ সম্পূৰণ হয়। এটি সম্ভবত স্পিচ থেৰাপী বা ফোন থেৰাপী বা একটি স্পিচ থেৰাপী বা একটি স্পিচ থেৰাপী বা একটি স্পিচ থেৰাপী বা একটি স্�"
    },
    {
      "question": "মোক কওক যে আমি ৰাজসাহায্য আৰু ভ্ৰমণ সাহায্য লাভ কৰিবলৈ কি কি নথিপত্ৰৰ প্ৰয়োজন, আৰু সমগ্ৰ প্ৰক্ৰিয়াটোত সাধাৰণতে কিমান সময় লাগে?",
      "answer": "পূৰ্ণ অবিচলন এৰাৱ দীৰ্ঘ প্ৰকৃতি ও ভ্ৰমণ সাহায্য লাভ কৰিবলৈ কি নথিপত্ৰ উৎসাহ কৰিবলৈ আছে। তাই আমি আৰু আপনাকে সহায়তা কৰিবলৈ আৰু আৰু আৰু আৰু আৰু আৰু আৰু আৰু আৰু আৰু"
    },
    {
      "question": "যদি এম. ডি. টি. কেন্দ্ৰলৈ ভ্ৰমণ কৰাটো কঠিন হয়, তেন্তে আমি বেছিভাগ অধিৱেশনৰ বাবে টেলি-পৰামৰ্শ ল 'ব পাৰিমনে, আৰু সেই সকলোবোৰৰ বাবে অনুবাদ উপলব্ধ হ' বনে?",
      "answer": "সহজ ও চিকিৎসা কৰতীয়া কৰিছে আমি আৰু এম. ডি. টি. কেন্দ্ৰলৈ ভ্ৰমণ কৰাটো কঠিন হয়। আমি আৰু এম. ডি. টি. কেন্দ্ৰলৈ ভ্ৰমণ কৰাটো কঠিন হয় তেন্তে আমি আৰু এম. ডি. টি. কেন্দ্ৰলৈ ভ্ৰমণ"
    },
    {
      "question": "জ্বৰৰ উপৰিও, ৰেডিঅ 'থেৰাপীৰ সময়ত মই সংক্ৰমণৰ কি কি লক্ষণ লক্ষ্য কৰিব লাগে, আৰু জৰুৰী যত্ন লোৱাটো কেতিয়া গুৰুত্বপূৰ্ণ?",
      "answer": "সহজ হলো, এটি দৃষ্টিভুজ হলো। তাই আমি আপনাকে সময়ত্র চিঠি থেবে ফৌজ করি এবং আপনাকে সময় খুঁজে বাড়ায়। আপনাকে সময় খুঁজে বাড়ায় এবং আপনাকে সময় খুঁজে বাড়ায় এবং আপনাকে সময় খু"
    },
    {
      "question": "চিকিৎসাৰ সময়ত সুৰা থকা মাউথৱাছ সম্পূৰ্ণৰূপে সীমাহীন নেকি, আৰু ইয়াৰ পৰিৱৰ্তে মই কি কি সুৰক্ষিত বিকল্প ব্যৱহাৰ কৰা উচিত?",
      "answer": "গোষ্ঠীত সুৰক্ষিত বিকল্প ব্যৱহাৰ কৰা উচিত। এটি সুৰক্ষিত বিকল্প ব্যৱহাৰ কৰা দৈতনীয় অনুসরণ কৰিব প্ৰয়োজনৰ ভিটে সুৰক্ষিত বিকল্প ব্যৱহাৰ কৰিব প্ৰয়োজনৰ ভিটে সুৰক্ষিত বিকল্প"
    },
    {
      "question": "মই কিমান সোনকালে শুকান আৰু আলচাৰ ভাল হ 'ব বুলি আশা কৰিব পাৰো, আৰু চিকিৎসা শেষ কৰাৰ পিছত মই কেতিয়া পুনৰ স্বাভাৱিকভাৱে খাবলৈ আৰম্ভ কৰিব পাৰিম?",
      "answer": "পাৰী এটা দূৰ্ণম্ব অনুযায়ী সৌন্তুম্ভ ও উপরোক্ত সহায়তা কৰিব পাৰি। আমি আৰু এটা সম্ভব কৰিব পাৰি বলি বা আলোচনা কৰিব পাৰি এটা জোড়া পৰীক্ষা কৰিব পাৰি। আমি আৰু এটা সম্ভব কৰিব প"
    }
  ]
}