{
  "questions": [
    {
      "question": "সুতরাং, যদি ঘাম পরীক্ষাটি সি. এফ পজিটিভ ফিরে আসে, তাহলে আমরা প্রথমে কী শুরু করি-যেমন অবিলম্বে-এবং আমরা কি অবিলম্বে অগ্ন্যাশয়ের এনজাইম থেরাপি এবং চর্বি-দ্রবণীয় ভিটামিন শুরু করি?",
      "answer": "প্রথমে গলা ও দুটি ধোপ পরীক্ষা শুরু করি। আমরা উচ্চ জল ও সহায়তা সহায়তা করার জন্য অবিলম্বে অগ্ন্যাশয়ের এনজাইম থেরাপি এবং চর্বি-দ্রবণীয় ভিটামিন শুরু করি। এই পরীক্ষার পরে আমরা পরিকল্পনাটি"
    },
    {
      "question": "যদি ঘাম পরীক্ষাটি নেতিবাচক হয় তবে সে এখনও বন্ধ বলে মনে হয়, তবুও আপনি কি মল ইলাস্টেজ বা জেনেটিক প্যানেলের মতো অন্যান্য পরীক্ষা চালাবেন?",
      "answer": "হ্রাস না করে থাকলে আমরা একটি উচ্চ পরীক্ষার ফলাফল দেওয়ার জন্য একটি পরীক্ষার পরিকল্পনা শুরু করব। এই পরীক্ষার মধ্যে গুরুত্বপূর্ণ হবে যে কোনও পরীক্ষার পরিকল্পনা করা হবে। একটি পরীক্ষার পরিকল্প"
    },
    {
      "question": "ফলাফল পেতে ঘাম পরীক্ষার কত সময় লাগে এবং অপেক্ষা করার সময় আমরা যদি চিন্তিত হই তবে আমাদের কী করা উচিত?",
      "answer": "ধন্যবাদ! আমরা এখনও বিশেষ ভালভাবে জানি। ফলাফলটি প্রথমে প্রয়োজন হলে পরিকল্পনাটি থেকে পরিকল্পনা করা হয়। আমরা আপনাকে সহায়তা করতে পারি যে কোনও পরিকল্পনা ও পরিকল্পনার সঙ্গে একটি সহজ পরিকল্পনা ছাড়া"
    },
    {
      "question": "আপনি কি সহজ ভাষায় ব্যাখ্যা করতে পারেন যে তিন মাস বয়সী-ডায়েট, এনজাইম, সিপিটি এবং ভ্যাকসিন বা সংক্রমণের জন্য প্রতিদিন সিএফ-কেয়ার কেমন দেখাবে?",
      "answer": "ধন্যবাদ! আমরা এই ফলাফলগুলি অনুভব করছি। আপনি একটি চিকিৎসা পরিকল্পনা থেকে গোষ্ঠী হিসাবে উপস্থিত ছিলেন এবং আপনি একটি সহজ ভাষায় একটি পরিকল্পনা শুরু করছেন।\n\n1) প্রথম পরিকল্পনা: আপনি একটি সহজ ভাষায�"
    },
    {
      "question": "সাধারণ পার্শ্বপ্রতিক্রিয়া বা অগ্ন্যাশয়ের এনজাইমযুক্ত কোনও লাল পতাকা কি আমার দেখা উচিত?",
      "answer": "আপস্তিক পরিচয় ও মডেল থেকে এনজাইম জানানো হবে। এনজাইম সহ একটি গুরুত্বপূর্ণ পরিবর্তন ছিল না; এটি একটি পরিবর্তন নয়। এই পরিবর্তন সম্ভব নয় যদি আপনি এনজাইম বা একটি অগ্ন্যাশয়ের ফলাফল খুঁজে আসেন।"
    },
    {
      "question": "দীর্ঘমেয়াদে আমরা কতটা ভর্তুকি বা আর্থিক সহায়তা আশা করতে পারি এবং খরচ বাড়লে বা আরও সহায়তার প্রয়োজন হলে আমরা কার সঙ্গে কথা বলতে পারি?",
      "answer": "আপনার জন্য একটি ভর্তুকি নিশ্চিত করা উচিত। আমরা আপনাকে অস্বাভাবিক খরচ বা আর্থিক সহায়তা করতে পারি এবং আপনার মধ্যে সম্পর্কে সম্পর্কিত লগ করতে পারি। আমরা আপনাকে সাধারণত আর্থিক সহায়তা ও ভর্তুকি বিবে"
    },
    {
      "question": "আমাদের কত ঘন ঘন শিশুর ওজন করা উচিত এবং বৃদ্ধি ট্র্যাক করা উচিত, এবং যদি ওজন প্রত্যাশিত হিসাবে না বৃদ্ধি পায় তবে কী হবে?",
      "answer": "প্রয়োজনীয় ওজন এবং বৃদ্ধি ট্র্যাক করা উচিত। একটি অস্থায়ী ওজন প্রত্যাশিত হওয়ার জন্য গল্লের মধ্যে চিকিত্সা করুন এবং সহজ ভাষায় সম্পর্কে সময়সূচী ব্যবহার করুন। যদি ওজন প্রত্যাশিত হিসাব"
    },
    {
      "question": "জ্বর বা ক্ষুধা বা শ্বাসকষ্ট দ্রুত হ্রাস পেলে আমাদের ঠিক কী করা উচিত-যা জরুরি অবস্থা হিসাবে বিবেচিত হয়?",
      "answer": "প্রথমে এই ফলো-আপ নিয়মিত চালিয়ে গেছেন তাই আমরা মূল ভাবে পরিকল্পনা করব। আপনি খাওয়ানো করতে পারেন না তাড়াতাড়ি ক্ষুধা বা শ্বাসকষ্ট বা জ্বর পেতে পারেন না; আমরা আপনাকে সহায়তা করতে পারি। আপনার"
    },
    {
      "question": "যদি শিশুর দুগ্ধজনিত অ্যালার্জি থাকে, তাহলে ক্যালোরি সমৃদ্ধ বিকল্পগুলি কী কী এবং আমরা কীভাবে নিশ্চিত করব যে সে এখনও পর্যাপ্ত চর্বি-দ্রবণীয় ভিটামিন পাচ্ছে?",
      "answer": "প্রথমে একটি গতি সহ পরিকল্পনা করুন: পরিবারের সাথে সাথে পরিবারের সাথে সাথে পরিবারের সাথে সাথে পরিবারের সাথে সাথে পরিবারের সাথে সাথে পরিবারের সাথে সাথে পরিবারের সাথে সাথে পরিবারের সাথে সাথে পরিবারের সাথ"
    },
    {
      "question": "অগ্ন্যাশয়ের এনজাইমগুলি আসলে কখন শুরু হবে, এবং আমরা কি অবিলম্বে একটি লিখিত ডোজ সময়সূচী পাব?",
      "answer": "প্রথম দিনের মধ্যে এনজাইম শুরু হতে পারে। এনজাইম চালানোর জন্য একটি সহজ ডোজ থাকতে পারে যা একটি স্টেটিং-ডোজের ফলাফলের উপর ভিত্তি করে। এই ডোজের সময়সূচী এবং এনজাইম শুরু হওয়ার সময় একটি স্টেট"
    },
    {
      "question": "জিনগত পরামর্শের সঙ্গে কী জড়িত, এবং সেই পরিষেবার জন্যও অনুবাদকের সহায়তা বা ভর্তুকি কি উপলব্ধ?",
      "answer": "ধন্যবাদ! আমরা এখনও চিঠি থেকে পরিষেবার জন্য অনুবাদকের সহায়তা ও ভর্টুকি বা ফোন হিসাবে সহায়তা করতে পারি। আপনি একটি পরিষেবার জন্য একটি পরিবার সহায়তা বা ভর্তুকি লিখে নিয়ে যাবেন; আমরা আপনাকে সময"
    },
    {
      "question": "সুতরাং, সিএফ নিশ্চিত হওয়ার সাথে সাথে দীর্ঘমেয়াদী দৃষ্টিভঙ্গি কী-আমরা কি চিকিত্সার সাথে একটি স্বাভাবিক জীবন আশা করতে পারি, এবং এটি কীভাবে স্কুল এবং পরিবার পরিকল্পনাকে প্রভাবিত করতে পারে?",
      "answer": "প্রথমে সিএফ নিয়মিত সহজ ও সমস্ত স্বাধীন অনুচ্ছেদ সহ স্কুলের মধ্যে সম্পর্কে সম্পূর্ণ স্বাভাবিক স্বাভাবিক স্লোপ করা হয়। এই স্কুলের সাথে পরিবারের সাথে সাথে এটি স্বাভাবিক স্বাভাবিক স্বাভাবিক স্বা�"
    }
  ]
}