{
  "questions": [
    {
      "question": "যদি শুক্রবারের ঘাম পরীক্ষা নেতিবাচক বা সীমানা রেখা হিসাবে পরিণত হয়, তাহলে পরে কী হবে-আমরা কি এখনও জেনেটিক পরীক্ষা শুরু করি, এবং কত তাড়াতাড়ি?",
      "answer": "পরিণত হলে আমরা জেনেটিক পরীক্ষা শুরু করি। অস্থিতি ও উপর থাকা দিনের ফলাফলগুলি এবং একজন পরিচালিত পরীক্ষাগুলি সহ একটি পরিকল্পনা তৈরি করব। এই পরীক্ষাগুলি সম্ভবত 1-2 সপ্তাহ ধরে সম্পর্কে আপনার সাথে"
    },
    {
      "question": "রাহুলের ওজন খুব বেশি বাড়ছে না। সিএফ কি কারণ হতে পারে, এবং অদূর ভবিষ্যতে আমাদের কী বৃদ্ধির গতিপথ আশা করা উচিত?",
      "answer": "Bangla answer:\n\n1. শক্তিশালার মানের জন্য চিকিৎসা থাকে না: আপনি এখনও সিএফ করতে পারেন না যদি আপনি একটি সহজ ওজন বোধ করেন।\n\n2. প্রয়োজনীয় পরিকল্পনা: আপনি পরিকল্পনা এবং সম্ভবত সিএফ করতে পারেন; যদি আপনি সিএফ করতে"
    },
    {
      "question": "ঠিক কখন আমাদের অগ্ন্যাশয়ের এনজাইম শুরু করা উচিত, এবং তাদের জলখাবারের পাশাপাশি খাবার দেওয়া কি নিরাপদ?",
      "answer": "প্রথমে সাধারণত মোট চালক হাটার ওষুধ শুরু করা হয়। আপনি এনজাইম শুরু করতে পারেন যদি আপনি গুরুত্বপূর্ণ ভাষার ফলাফল থাকেন এবং আপনি একটি সহজ পরিবর্তন প্রস্তুতি পাবেন। আপনি এনজাইম শুরু করতে পার"
    },
    {
      "question": "সিপিটি ঠিক কী, রাহুলের কতবার এর প্রয়োজন হবে, এবং আমরা কি আমাদের দৈনন্দিন রুটিনে এটি বাড়িতে করতে পারি?",
      "answer": "প্রয়োজনীয় সিপিটি হল যদি তথ্য অনুসরণ করা হয় এবং আপনি জানেন যে কোনও গুরুত্বপূর্ণ ভাল মডেল থাকে। আমরা আপনাকে সহায়ক ওপর ফোর্ম এবং চিকিৎসা শিখাবলে সহায়তা করব। আপনি এই সিপিটি পর্যবেক্ষণ �"
    },
    {
      "question": "কলঙ্ক এড়াতে এবং তারা যাতে তার রুটিনকে সমর্থন করে তা নিশ্চিত করতে আমাদের কীভাবে রাহুলের স্কুলের সাথে সিএফ সম্পর্কে কথা বলা উচিত?",
      "answer": "প্রশ্নের মধ্যে একটি অস্ত্রয় ছিল যে কখনও কখনও কলঙ্ক এড়াতে এবং তারা যাতে তার রুটিন সমর্থন করা হয়। আমরা সহজ ও সহজে সমর্থন করার জন্য আপনাকে সমর্থন করব এবং আপনাকে সম্ভবত স্কুলের সাথে সাধারণত সম্প"
    },
    {
      "question": "জেনেটিক পরীক্ষা আসলে আমাদের কী বলে? এটি কি অর্থপূর্ণ উপায়ে চিকিৎসা বা পূর্বাভাসকে পরিবর্তন করে?",
      "answer": "Bangla answer:\n\nজেনেটিক পরীক্ষা আসলে একটি নিশ্চিত পদক্ষেপ হয়। এটি মৌখিক পরীক্ষা ও প্রতিটি পরিকল্পনার সঙ্গে সম্পর্কিত একটি পরিকল্পনা ছড়িয়ে ফেলে দেওয়া হয়। এটি একটি প্রয়োজনীয় পরিকল্পনা নয়; এটি এ"
    },
    {
      "question": "ভর্তুকি এবং পরিবহন ভর্তুকি কীভাবে কাজ করে এবং কীভাবে আমরা ঘাম পরীক্ষার জন্য এনজিও সমর্থন পেতে পারি?",
      "answer": "পরিবহন ভর্তুকি এবং ভর্তুকি হল একটি অস্বাচ্ছদ্দ নিয়মিত পরিবহন এবং গোষ্ঠীর উপর নির্ধারণ করা শুরু করা হয়। এনজিও সমর্থন একটি স্টেটফোর্ম বা একটি স্লোভার ফোন হতে পারে যা আপনার সাথে সাথে সামগ্�"
    },
    {
      "question": "যদি সি. এফ নিশ্চিত করা হয়, তাহলে রাহুলের সি. এফ কেয়ার দলে কে থাকবে এবং আমরা তাদের কতবার দেখব?",
      "answer": "সি. এফ পরিবর্তন ও অভিভীय উপস্থিত হয়। আমরা সি. এফ কেয়ার দলের জন্য মডেল এবং গোষ্ঠীগুলি ধরব। আমরা সি. এফ কেয়ার দলের জন্য সহজ ফলো-আপ এবং ডায়েট সহ সি. এফ কেয়ার দলের জন্য সি. এফ কেয়ার দলে"
    },
    {
      "question": "আমরা যদি তাড়াতাড়ি রোগ নির্ণয় করি এবং চলমান সহায়ক যত্ন বজায় রাখি, তা হলে রাহুলের দীর্ঘমেয়াদী দৃষ্টিভঙ্গি কী? তিনি কি এখনও একটি স্বাভাবিক স্কুল জীবন এবং ক্রিয়াকলাপ চালাতে পারেন?",
      "answer": "প্রশ্নের উত্তর অনুসরণ করা হলে আমরা মৌখিক ও পরিষ্কার সহায়ক যত্ন বজায় রাখব। আপনি একটি স্কুল জীবন এবং ক্রিয়াকলাপ থাকবেন না; আমরা স্কুল ফলাফল এবং স্কুল পরিকল্পনা শুরু করব। আমরা স্কুল পরিক"
    },
    {
      "question": "ঘাম পরীক্ষার পরে কি সি. বি. সি বা মল পরীক্ষার মতো পরীক্ষাগার চলবে, এবং আমাদের কত ঘন ঘন পরীক্ষাগারে যেতে হবে?",
      "answer": "পরিকল্পনা নিশ্চিত করা হয় যে আপনি অনুসরণ করতে থাকবেন এবং আপনি পরিকল্পনাটি পরিকল্পনার উপর ভিত্তি করে পরীক্ষাগার করবেন। আপনি পরিকল্পনাটি পরিকল্পনার উপর ভিত্তি করে পরীক্ষাগার করতে পারেন এবং আপনি পর"
    },
    {
      "question": "কিছু ব্যবহারিক, সাংস্কৃতিকভাবে উপযুক্ত পুষ্টির নির্দেশিকা বা খাবারের ধারণা কী যা আমরা বাড়িতে শুরু করতে পারি?",
      "answer": "ধনো এবং মল হাইড্রেটেড করুন। গুরুত্বপূর্ণ হল জল অথবা চিলানো সামগ্রিক ভাষার ফল ও সামান্য সামগ্রিক খাবার থেকে পুষ্টি বজায় রাখুন। এই পদক্ষেপগুলি সামঞ্জস্য করার জন্য সাধারণত সাধারণত সাধারণ খাব"
    },
    {
      "question": "শুক্রবারে আমাদের ঠিক কী নিয়ে আসা উচিত এবং আমাদের কি আগে থেকে কোনও সম্মতি বা কাগজপত্র পূরণ করা দরকার?",
      "answer": "ধন্যবাদ! আমরা এখনও ভালভাবে জানতে পারি। আপনি অনুযায়ী একটি চিকিৎসা-এর পরিকল্পনা এবং সম্ভবত সম্মতি পূরণ করতে পারেন। আপনি একটি সহজ পরিকল্পনা এবং সম্ভবত সম্মতি পূরণ করতে পারেন; আমরা আপনাকে সম্ভবত স"
    }
  ]
}