{
  "questions": [
    {
      "question": "যদি ঘাম পরীক্ষাটি ইতিবাচক হয়, উহ, সিএফ কেয়ার প্ল্যানের প্রথম পদক্ষেপগুলি কী এবং আমরা কত তাড়াতাড়ি চিকিৎসা শুরু করি?",
      "answer": "ধন্যবাদ! এটি অন্যান্য পরীক্ষাগুলির জন্য একটি প্রথম পদক্ষেপ হল একটি প্রাথমিক পরীক্ষা যা ঘাম পরীক্ষা এবং প্রাথমিক পরীক্ষাওয়ান পরীক্ষা। আপনি একজন প্রাথমিক পরীক্ষার ফলাফল খুঁজে আসতে পারেন এবং"
    },
    {
      "question": "ছয় মাস বয়সে ঘাম পরীক্ষা কতটা নির্ভরযোগ্য, উম, মিথ্যা নেতিবাচক হতে পারে, এবং সিএফ নিশ্চিত করার জন্য অন্যান্য পরীক্ষা আছে কি?",
      "answer": "পরীক্ষা দিয়ে গলা ও খালের পরিবর্তন এবং ঘাম পরীক্ষার ফলাফল সহ একটি স্ট্যালিং করে। এই পরীক্ষার পরে আপনি একটি সিএফ-এর পরিকল্পনা করতে পারেন যা একটি স্থানীয় পরীক্ষার সাথে সাধারণভাবে সম্পর্কে সাধার"
    },
    {
      "question": "রাহুলের দৈনন্দিন জীবন কেমন হবে যদি তার সিএফ থাকে-খাওয়ানো, ক্রিয়াকলাপ, বৃদ্ধি, লবণ গ্রহণ এবং পরে স্কুল?",
      "answer": "প্রথমতে আপনি অস্বাভাবিতভাবে খাওয়ানো এবং মৌখিক পরিচয় প্রয়োজন হবে। আপনি সাধারণত পরিবারের সঙ্গে ক্রিয়াকলাপ করবেন; আপনি সাধারণত পরিবারের সঙ্গে ক্রিয়াকলাপ করবেন এবং আপনার সাথে সাথে সামগ্রিক �"
    },
    {
      "question": "আমরা খরচ এবং ভর্তুকি নিয়ে চিন্তিত; কী কী অর্থায়নের বিকল্প রয়েছে এবং আমাদের কী কী কাগজপত্রের প্রয়োজন?",
      "answer": "Bangla answer:\n\n1. সহায়তা ও ভর্তুকি: আমরা আপনাকে সহায়তা করতে শুরু করব। আপনি জানতে পারেন যে কোনও ভর্তুকি হল কী এবং কখন উপস্থিত হবে। আমরা আপনাকে মডেল এবং ফলাফলগুলি প্রদান করব।\n\n2. কী কাগজপত্র প্রয়োজ"
    },
    {
      "question": "যদি ঘাম পরীক্ষা নেতিবাচক হয়, তবে এটি কি সি. এফ-কে সম্পূর্ণরূপে উড়িয়ে দেয়, নাকি অন্যান্য অবস্থার কারণে কাশি এবং ওজন বৃদ্ধি খারাপ হতে পারে?",
      "answer": "ধন্যবাদ! আমরা এখনও সি. এফ-কে সম্পূর্ণরূপে উড়িয়ে দেয় না। গলা পরীক্ষার ফলাফল এবং ওজন বৃদ্ধির জন্য একটি সহজ পরিকল্পনা ছিল। এই পরীক্ষার পরে আমরা সি. এফ-কে সম্পূর্ণরূপে উড়িয়ে দেয় না; আম"
    },
    {
      "question": "টেলিমেডিসিন সহায়ক শোনাচ্ছে, এটি কি নেবুলাইজার ব্যবহার এবং বুকের ফিজিওথেরাপির মতো বিষয়ের জন্য ব্যক্তিগত প্রশিক্ষণকে প্রতিস্থাপন করতে পারে, নাকি আমাদের এখনও হাতে হাতে সেশনের প্রয়োজন হবে?",
      "answer": "প্রশিক্ষণ এবং প্রয়োজনীয় পদক্ষেপগুলি অনুসরণ করা উচিত। এটি একটি ভাল প্রয়োজনীয় প্রশিক্ষণ নয়; আমরা আপনাকে সম্ভবত প্রয়োজনীয় পদক্ষেপগুলি খুব বিশেষভাবে পরিচালনা করব। আপনি একটি স্পষ্ট"
    },
    {
      "question": "জেনেটিক ক্যারিয়ার পরীক্ষা-এটি কীভাবে করা হয়, কাকে পরীক্ষা করা উচিত এবং ফলাফলগুলি কীভাবে ভবিষ্যতের পরিবার পরিকল্পনাকে প্রভাবিত করবে?",
      "answer": "প্রথমে স্টেজ নিশ্চিত করা হয়। আপনি অস্থায়ী মডেল দেখতে পারেন যদি কোনও গুরুত্বপূর্ণ পরীক্ষা করা হয়। এই পরীক্ষার পরে আপনি একটি স্টেজ লিখে দেবেন এবং পরিকল্পনার পরিকল্পনা করতে পারেন। ফলাফলগুল"
    },
    {
      "question": "একটি শিশুর মধ্যে পার্শ্ব প্রতিক্রিয়া বা সিএফ মেডগুলির সাথে চ্যালেঞ্জগুলি সম্পর্কে কী-এনজাইম, ভিটামিন, নেবুলাইজার-আমাদের কী পর্যবেক্ষণ করা উচিত?",
      "answer": "প্রথমে আপনি একটি অস্বাভাবিক প্রতিক্রিয়া বা সিএফ মেডিকেল পরিকল্পনা করতে পারেন। এই পরিকল্পনাগুলি হল:\n\n1. ফলাফল খুব সহজ ছাড়াও সময় ও পরিবর্তন করে এবং একটি পরিকল্পনা সম্ভব।\n\n2. একটি সিএফ পরিকল্পনা বা"
    },
    {
      "question": "মলের চর্বি পরীক্ষার কথা উল্লেখ করা হয়েছিল-আমাদের কি ঘাম পরীক্ষার পাশাপাশি এটি প্রয়োজন, এবং এটি কীভাবে পরিচালনাকে প্রভাবিত করবে?",
      "answer": "পরীক্ষার সমস্যা নয়। আমরা অনুচত্ব ও পরিবর্তন থেকে পরীক্ষাগার পরিকল্পনা করব। ঘাম পরীক্ষা একটি সহজ পরীক্ষা ছিল, তবে এটি একটি স্ট্রোডিং হওয়ার জন্য নয়। এটি একটি স্ট্রোডিং নয়, তবে আমরা এটি পর"
    },
    {
      "question": "সময়ের সাথে সাথে রাহুলের বৃদ্ধি এবং পুষ্টি কীভাবে ট্র্যাক করা হবে, এবং উচ্চ ক্যালোরি ডায়েটেও ওজন বৃদ্ধি ধীর হলে কী হবে?",
      "answer": "প্রথমতে আপনি তাদের মধ্যে সহকারে সম্ভব ছোট গল্ফিংড নিয়ে আসতে পারেন। অন্যান্য জনগণ সম্ভব হলে সাধারণত সাধারণ গলফিংড বা সাধারণ গলফিংড ব্যবহার করতে পারেন। এই সময়ে আপনি প্রয়োজন অনুযায়ী সাধারণ গল"
    },
    {
      "question": "কে সি. এফ কেয়ার প্ল্যান মিটিংয়ের নেতৃত্ব দেয় এবং কত ঘন ঘন ফলো-আপ হবে; পুষ্টিবিদ, শ্বাসযন্ত্র থেরাপিস্ট এবং জেনেটিক কাউন্সেলরের ভূমিকা কী?",
      "answer": "ধন্যবাদ! আপনি অস্ত্রোপকম ও গুণ্ড চাকড়া প্রভুক্ষ এবং প্রাণপাণের পরিকল্পনা করছেন। আপনি প্রথম প্রশ্ন করতে পারেন যে কে সি. এফ কেয়ার প্ল্যান মিটিং করবেন এবং কত ঘন ঘন ফলো-আপ হবে। পুষ্টিবিদ, শ্বাস"
    },
    {
      "question": "যদি ফলাফল এখনও প্রস্তুত না হয়, তবে এর মধ্যে আমাদের কী করা উচিত-পুষ্টি পরিবর্তন বা শ্বাস-প্রশ্বাসের ব্যায়ামের মতো কোনও হোম কেয়ার শুরু করা?",
      "answer": "প্রথমে পুষ্টি পরিবর্তন ও শ্বাস-প্রশ্বাসের ব্যায়াম চালিয়ে গেছে। আমরা অভ্যাস করব যে কোনও খাদ্য বা জল থাকলে ভাল পুষ্টি নেই; একটি সহজ পুষ্টি সহ একটি সহজ পুষ্টি হবে। আমরা সাধারণত পুষ্টি পরিবর্তন �"
    }
  ]
}