{
  "questions": [
    {
      "question": "উম, ডক, আপনি জানেন, ঘাম পরীক্ষা হল সি. এফ-এর প্রধান পরীক্ষা, কিন্তু অন্তর্বর্তীকালীন জেনেটিক স্ক্রিনিংয়ে যদি 2-3 সপ্তাহ সময় লাগে এবং আমরা সি. এফ কেন্দ্র থেকে অনেক দূরে থাকি? সেই অন্তর্বর্তীকালীন পরীক্ষা কতটা নির্ভরযোগ্য, এবং বিলম্ব কি আমাদের পরিকল্পনায় গণ্ডগোল করতে পারে?",
      "answer": "আপস্তিতে ঘাম পরীক্ষা সি. এফ কেন্দ্রের পরিকল্পনা এবং চিকিৎসা পরিকল্পনা বিশেষভাবে সহজ ছিল। আমরা সি. এফ কেন্দ্র থেকে অনেক দূরে থাকতে পারি এবং আমরা সি. এফ কেন্দ্রের পরিকল্পনা থেকে অন্তর্বর্তীকালীন প"
    },
    {
      "question": "উম, যদি সি. এফ পরে নিশ্চিত করা হয়, তাহলে আমরা কখন সঠিকভাবে পার্ট এবং পুষ্টি পরিকল্পনা শুরু করব? মানে, রোগ নির্ণয়ের পর কি বিলম্ব হতে পারে?",
      "answer": "পরিকল্পনা শুরু করা হলে, আমরা পরিকল্পনার অনুসারে পরিকল্পনার জন্য পরিকল্পনার দিকে থাকব। আপনি পরিকল্পনার অনুযায়ী পরিকল্পনার সাথে পরিকল্পনা শুরু করবেন; আপনি পরিকল্পনার সাথে পরিকল্পনা শুরু করবেন"
    },
    {
      "question": "8 মাস বয়সী শিশুর জন্য পার্ট সাইড এফেক্ট বা নিরাপত্তা সম্পর্কে কী বলবেন? আমরা কিভাবে জানতে পারব যে ডোজটি সঠিক নাকি খুব বেশি?",
      "answer": "Bangla answer:\n\n1) পরিচয় ও উপর্যুগল দিয়ে জানানো হবে। পরিবারের সাথে সাথে অন্যান্য পরিবার সহ পরিকল্পনা করা হবে।\n\n2) ফলাফল এবং পরিকল্পনা সম্পর্কে আপনি পরিকল্পনাটি সম্পর্কে জানতে পারবেন; সম্ভবত পরিকল্পনাটি সম্প"
    },
    {
      "question": "সরকার কি কভার ঘাম পরীক্ষা এবং অন্তর্বর্তীকালীন জেনেটিক স্ক্রিনিং সমর্থন করবে, এবং পার্ট এবং ফলো-আপ পরিদর্শনের মতো চলমান খরচের কী হবে?",
      "answer": "হ্যাঁ, আমরা সরকার কভার ঘাম পরীক্ষা এবং অন্তর্বর্তীকালীন জেনেটিক স্ক্রিনিং সমর্থন করছি। পরিকল্পনাটি সময়সূচী, পরিকল্পনার উপর ভিত্তি করে এবং পরিকল্পনার উপর ভিত্তি করে একটি পরিকল্পনা তৈরি করা হয"
    },
    {
      "question": "বৃদ্ধির ডায়েরি এবং মলের ডায়েরিতে আমাদের ঠিক কী রাখা উচিত, যেমন, একটি টেম্পার বা কিট আছে যা আমাদের ব্যবহার করা উচিত?",
      "answer": "প্রথমে সাধারণত একটি টেম্পার বা কিছু কিট নিশ্চিত করা হয়। আপনি অস্থায়ী ভালভাবে জড়িত করতে পারেন যাতে আপনি সময়সূচী ও সময়শালা সম্পর্কে আপনার সাথে সাথে সম্পর্কে আপনার সাথে সম্পর্ক নিতে পারেন। �"
    },
    {
      "question": "গরম আবহাওয়ায়, শিশুর আরও লবণের প্রয়োজন হতে পারে, উম, আমরা কীভাবে এটি ডোজ করি এবং কোন লক্ষণগুলি ডিহাইড্রেশন দেখায়?",
      "answer": "প্রথমে সাধারণত মধ্যপর্যালাপ নিতে চাকড়া করুন। আমরা অস্থায়ী খাবার এবং ভাজক পরিবর্তন সম্পর্কে সাধারণত সাধারণ পরিকল্পনা নিতে পারি। আমরা আপনাকে সাধারণত প্রয়োজনীয় পরিবর্তন এবং সাধারণ পরিকল্পনা�"
    },
    {
      "question": "যদি আমরা সি. এফ সেন্টারে যাই এবং সি. এফ রেজিস্ট্রিতে নাম নথিভুক্ত করি, তাহলে আমাদের কোন সঠিক কাগজপত্র নিয়ে আসা উচিত এবং কখন সুবিধা শুরু হবে?",
      "answer": "আপনার পরিবারের জন্য সি. এফ সেন্টারে যাওয়ার জন্য অভিলাষ করুন। আপনার সি. এফ রেজিস্ট্রিতে নাম নথিভুক্ত করার জন্য আপনার সাথে সাথে এটি চিকিত্সা করার জন্য আপনার সহায়তা করতে পারে। আপনার সি. এফ সেন্টারে"
    },
    {
      "question": "ঘাম পরীক্ষা বা অন্তর্বর্তীকালীন জেনেটিক স্ক্রিনিং ছাড়া অন্য কোনও পরীক্ষা আছে কি যা ল্যাব বা ইমেজিংয়ের মতো সিএফ নির্ণয়ে সহায়তা করতে পারে?",
      "answer": "পরীক্ষা হল ঘাম পরীক্ষা (বা অন্তর্বর্তীকালীন জেনেটিক স্ক্রিনিং) ও ইমেজিং। এই পরীক্ষাগুলি দ্রুত বা সমস্ত উপসর্গগুলি সম্ভব থাকে যদি শিশুটি চিকিৎসক বা খাদ্য পরিবর্তন করে। এই পরীক্ষাগুলি সম্ভবত স"
    },
    {
      "question": "টেলি-পরামর্শগুলি কীভাবে কাজ করবে এবং আমরা কীভাবে ডায়েরি এবং প্রতিবেদনগুলি ভাগ করে নেব-অনলাইন আপলোড বা ব্যক্তিগতভাবে কাগজপত্র নিয়ে আসা?",
      "answer": "আপনার সাথে সাথে টেলিমেটিক ওয়াইন হল একটি অনলাইন ফোন পরিচয় এবং প্রতিবেদন দেওয়ার উপর নির্ভর করে। আমরা আপনাকে সহায়তা করতে পারি যে আপনি কীভাবে ডায়েরি এবং প্রতিবেদন খারাপ করছেন এবং আপনার সাথে"
    },
    {
      "question": "যদি শিশুর সিএফ থাকে এবং প্রাথমিক পুষ্টি এবং ফুসফুসের যত্ন সত্যিই দীর্ঘমেয়াদী ফলাফলকে পরিবর্তন করে তবে বাস্তবসম্মত পূর্বাভাস কী?",
      "answer": "প্রথমে আপনি অনুভব করতে হবে যে শিশুটি সিএফ থাকে এবং প্রাথমিক পুষ্টি এবং ফুসফুসের যত্ন সত্যিই দীর্ঘমেয়াদী ফলাফল এবং পরিবর্তন করে। আপনি জানতে পারবেন যে প্রাথমিক পুষ্টি এবং ফুসফুসের যত্ন স"
    },
    {
      "question": "সি. এফ নিশ্চিত হওয়ার আগে আমরা কি এখন উচ্চ-ক্যালোরি ফিড যুক্ত করার মতো কোনও পুষ্টির পদক্ষেপ শুরু করতে পারি, নাকি আমাদের আনুষ্ঠানিক নিশ্চিতকরণের জন্য অপেক্ষা করা উচিত?",
      "answer": "আপস্থিতি ও বৃদ্ধি পরিবর্তিত হয়। এখন পুষ্টির পদক্ষেপ শুরু করা হলে আমরা সি. এফ নিশ্চিত করতে পারি, তবে আমরা আপনাকে সহজ ছাড়া নিশ্চিত করতে পারি না। আমরা আপনাকে সি. এফ নিশ্চিত করার পরে আপনাকে সি. এফ"
    },
    {
      "question": "যদি কাশি আরও খারাপ হয় বা মলের পরিবর্তন হয়, তাহলে সাহায্য পাওয়ার দ্রুততম উপায় কী এবং বাড়ি থেকে দূরে ক্লিনিকগুলিতে যাওয়ার সময় আমরা কীভাবে টি. বি নিয়ে বিভ্রান্তি এড়াতে পারি?",
      "answer": "সহজ ফলাফল জন্য চিকিৎসা অনুচ্ছেদ করার জন্য একটি সাধারণ সহায়তা সহায়তা সহায়তা করছে যা ক্লিনিকের সাথে সাথে সাধারণত 1-2 সপ্তাহ। কাশি খারাপ হওয়ার পরে আমরা ক্লিনিকে আগে গলা ব্যথা বা ক্লিনিকের সাথে স"
    }
  ]
}