{
  "questions": [
    {
      "question": "সুতরাং ডক্টর, যদি ঘাম পরীক্ষা সি. এফ নিশ্চিত করে, তাহলে লক্ষ্মীর দৈনন্দিন জীবনে অবিলম্বে কী কী পরিবর্তন ঘটে, আপনি জানেন, আমরা প্রথমে কী করতে শুরু করি?",
      "answer": "ধন্যবাদ! এখনও গোচর ঘাম পরীক্ষা সি. এফ নিশ্চিত করে থাকলে, আপনি উভয় পরিবর্তনগুলি খুব সহজ হবে:\n\n1. ফলাফল পর্যবেক্ষণের সাথে সাথে প্রশ্ন করা হবে।\n\n2. সি. এফ পরীক্ষার পরে আপনি প্রয়োজন অনুযায়ী সি."
    },
    {
      "question": "আমরা দুজনেই যদি বাহক হই, তাহলে ভবিষ্যতের গর্ভাবস্থার আসল ঝুঁকি কী? আমি বলতে চাচ্ছি, যেমন, সংখ্যা?",
      "answer": "ধন্যবাদ! এটি প্রয়োজনীয় নয়। আপনি বাহক হওয়ার জন্য মৌখিক অবস্থা ও উপর থাকা সময় খুঁজে ফিরে আসতে পারে। আমরা আপনাকে সহায়তা করতে পারি যে কোনও ধরণের লক্ষণগুলি শুরু করতে পারে যাতে আপনি সময"
    },
    {
      "question": "3 মাস বয়সী শিশুর জন্য ঘাম পরীক্ষার সময় ঠিক কী ঘটে-এটি কি বেদনাদায়ক, ফলাফলের জন্য কতক্ষণ অপেক্ষা করতে হবে, কোনও প্রস্তুতি?",
      "answer": "Bangla answer:\n\n1) এই পরীক্ষার সময় আপনি খাওয়ানো না করে। এটি চিকিৎসা থাকে না, তাই এটি সহজ ছাড়া না হয়।\n\n2) পরীক্ষার উপর ভিত্তি করে এখনও গলা বা বালুক পরীক্ষা না করা হয় না; এটি একটি প্রয়োজনীয় পরী"
    },
    {
      "question": "7 দিনের ডায়েরি-আমাদের কতটা কঠোর হতে হবে? এবং যদি আমরা একটি দিন মিস করি কিন্তু সৎ হওয়ার চেষ্টা করি?",
      "answer": "প্রথমে পরিবর্তনগুলি খাওয়ার জন্য অস্থায়ী হবে। আমরা সহজ ফলাফল প্রদান করব এবং আপনার সাথে সাথে সময় স্থাপন করব। যদি কোনও ধরণের পরিবর্তন ঘটে, আমরা সময় স্থাপন করব এবং আপনার সাথে সাথে সম্ভাব্য পর"
    },
    {
      "question": "ভারী তৈলাক্ত মল-আমরা কীভাবে জানব যে এটি দৈনন্দিন জীবনে সিএফ, এবং আমাদের কি কোনও এনজাইম বা ভিটামিন পরিপূরক শুরু করা উচিত?",
      "answer": "প্রথমে এই অস্থিতি হল একটি ভারী তৈলাক্ত মল। এটি সহজ চালিয়ে গেছে যদি আপনি একটি স্পষ্ট ফলো-আপ খাওয়ানো এবং একটি স্পষ্ট পরিধান খাওয়ানো করেন; এখন আমরা এটি সম্পৃক্ত করতে পারি।\n\n1) প্রধান পরিকল্পন"
    },
    {
      "question": "টিবি প্রথমে বাদ দেওয়া হয়, তারপর ঘাম পরীক্ষা করা হয়; ডায়েরি শুরু করা থেকে ফলাফল পেতে পুরো প্রক্রিয়াটি কত সময় নেয়?",
      "answer": "ধন্যবাদ! এই পরিকল্পনার উপর ভিত্তি করে আমরা টিবি প্রথমে বাদ দেওয়া হয়। ঘাম পরীক্ষা চলমান অস্বাভাবিক ও সহজ ছাড়া গুরুত্বপূর্ণ। ফলাফল প্রয়োজন অনুযায়ী প্রাথমিকভাবে পরিকল্পনাটি সম্ভব কখনও কখ"
    },
    {
      "question": "খরচ এবং ভর্তুকি-সাহায্য পাওয়ার সম্ভাবনা কত, এবং আমাদের কোন নথির প্রয়োজন?",
      "answer": "প্রধান পরিচয়গুলি:\n\n1. অভ্যাগ্যঃ মৌখিক খরচ এবং ভর্তুকি এবং উপর্যুহাল থাকে। আপনি জানতে পারেন যদি আপনি একটি স্ট্যান্ডার্ড ফোন বা ইমেজিং করেন; যদি আপনি একটি স্ট্যান্ডার্ড ফোন বা ইমেজিং করেন, তাহল"
    },
    {
      "question": "যদি ঘাম পরীক্ষা নেতিবাচক বা অমীমাংসিত হয় কিন্তু লক্ষণগুলি অব্যাহত থাকে, তাহলে পরবর্তী কী? আমরা কি জেনেটিক পরীক্ষার জন্য যাই?",
      "answer": "পরিকল্পনা এবং সময়সূচী দেওয়ার জন্য আমরা গোড়ের পরিকল্পনা এবং উপসর্গগুলি শুরু করব। আমরা পরিকল্পনাটি সহজ করার জন্য একটি পরিকল্পনা এবং ফলাফল খুব সহজভাবে পরিকল্পনা করতে সহায়তা করব। আমরা পর"
    },
    {
      "question": "যদি আমাদের শহরে কোনও সিএফ ক্লিনিক না থাকে, তবুও আমরা কি বড় হাসপাতালগুলিতে রেফারেলের মাধ্যমে পরীক্ষা এবং যত্ন নিতে পারি, এবং কে অর্থ প্রদান করে?",
      "answer": "আপনার জন্য একটি সিএফ ক্লিনিক নয়, তবে আমরা আপনাকে সাধারণ পরীক্ষাগুলি এবং যত্নের উপসর্গগুলি পরিচালনা করতে পারি। আমরা আপনাকে সাধারণ পরীক্ষাগুলি এবং যত্নের উপসর্গগুলি পরিকল্পনা করতে পারি এবং আপ"
    },
    {
      "question": "কোনও সিএফ পারিবারিক গোষ্ঠী বা সহায়তা গোষ্ঠী কি আছে যেখানে আমরা টিপস এবং আবেগগত সহায়তার জন্য যোগ দিতে পারি?",
      "answer": "প্রয়োজনীয় সিএফ পারিবারিক গোষ্ঠী হল একটি অভিভাষা ও সহায়তা গোষ্ঠী যা মৌখিক পরিচালনা এবং উপসর্গ সহায়তা করে। আমরা আপনাকে সহায়তা করার জন্য সহায়তা গোষ্ঠী থেরাপি এবং সহায়তা গোষ্ঠী �"
    },
    {
      "question": "রোগ নির্ণয়ের পরে চিকিৎসা আসলে কখন শুরু হয় এবং কত ঘন ঘন আমাদের ফলো-আপ হবে?",
      "answer": "ধন্যবাদ! সাধারণত রোগ নির্ণয় পরে বৃদ্ধি ও অভ্যাগত মডেল থেকে শুরু হয়। তাই আপনি একটি সহজ পরিকল্পনা লিখে দেবেন এবং আপনি জানতে পারেন যে কী ভালো ছিল এবং কত ঘন ঘন আপনি ফলো-আপ করছেন। আমরা আপনাকে �"
    },
    {
      "question": "বাড়িতে আমাদের কোন প্রাথমিক সতর্কতা লক্ষণগুলি পর্যবেক্ষণ করা উচিত যার অর্থ আমাদের হাসপাতালে ছুটে যাওয়া উচিত?",
      "answer": "সহজ এবং নিশ্চিত জ্ঞান পর্যবেক্ষণ করার মাধ্যমে আমরা প্রথমে আপনার বাড়িতে কী লক্ষ্য রাখছেন এবং আপনার কীভাবে গল্ফিংড করছেন তা পরিণাম করতে পারে। আপনার সাথে সাথে আমরা আপনার সাথে সাথে প্রশ্ন এবং ভাবনা"
    }
  ]
}