{
  "questions": [
    {
      "question": "সুতরাং, উম, আমরা দুজনেই যদি সি. এফ জিনের বাহক হই, তাহলে আমাদের শিশুর সি. এফ দিয়ে শেষ হওয়ার প্রকৃত সম্ভাবনা কী, এবং শুধুমাত্র একজন বাবা-মা বহন করলেও একটি শিশু কি সি. এফ হতে পারে?",
      "answer": "সাধারণত একজন বাবা-মা বহন করে শিশুকে সি. এফ চালিয়ে গেছে। এখনও অন্যান্য মাথা বহন করা হয় না; একজন বাবা-মা বহন করে শিশুকে সি. এফ চালিয়ে গেছে এবং এটি সি. এফ দিয়ে শেষ হওয়ার প্রকৃত সম্ভাবনা ছিল"
    },
    {
      "question": "যদি ঘামের পরীক্ষা নেতিবাচক হয় কিন্তু কাশি বা তৈলাক্ত মল দেখা দিতে থাকে, তাহলে আমাদের পরবর্তী কী করা উচিত, আপনি জানেন, আপনি কী পরামর্শ দেবেন?",
      "answer": "সহজ সময়ে এই পরিকল্পনা অনুসরণ করতে পারে। গোড়টি পরিবর্তিত হওয়ার পরিকল্পনা করতে পারে যদি কাশি বা তৈলাক্ত মল দেখা দিতে থাকে। আপনি পরিবারের সঙ্গে একটি পরিকল্পনা লিখে ফোন করুন এবং আপনার সাথে সাথ"
    },
    {
      "question": "একটি শিশুর জন্য তৈলাক্ত, ভারী মলের অর্থ কী এবং তাকে সাহায্য করার জন্য আমাদের অবিলম্বে হজম সম্পর্কে কী করা উচিত?",
      "answer": "প্রথমতে তৈলাক্ত মল নিয়মিতভাবে চালানো হয়। এই মলগুলি সহজ ও সহজে গুণ্ট হতে পারে এবং এটি সাধারণত প্রাথমিক ফলাফলের সাথে সাহায্য করে। এখনও এটি সাধারণত প্রাথমিক ফলাফলের সাথে সাহায্য করে না; তাই আমরা"
    },
    {
      "question": "যদি শিশুর সত্যিই সি. এফ থাকে, তাহলে আমাদের কী ধরনের চিকিৎসা আশা করা উচিত-যেমন দৈনন্দিন রুটিন, ওষুধ এবং উন্নতি দেখতে কতক্ষণ আগে?",
      "answer": "প্রথমে পরিবর্তন জড়িত ছিল না; আমরা সি. এফ থাকলে অনুভব করতে পারি। আমরা সি. এফ থাকলে সহজ মানুষের সাথে সাথে সাধারণত সাধারণ পরিকল্পনাগুলি বিবেচনা করব। আমরা সি. এফ থাকলে সাধারণত সাধারণ পরিকল্পনাগুলি ব"
    },
    {
      "question": "সি. এফ কি একেবারেই সংক্রামক, এবং আমাদের কীভাবে দৈনন্দিন জীবন, স্কুল এবং সি. এফ আক্রান্ত শিশুর সাথে ভ্রমণ পরিচালনা করা উচিত?",
      "answer": "Bangla answer:\n\n1. সি. এফ কে হয়?\n- সি. এফ সহজ অথবা সহজ স্টেট ছিল। যদি সি. এফ সহজ হয়, তাহলে সি. এফ সহজ স্টেট হতে পারে; যদি সি. এফ সহজ না হয়, তাহলে সি. এফ সহজ স্টেট হতে পারে।\n\n2. সি. এফ কিছু সমস্যাগুলি কি হয�"
    },
    {
      "question": "আমরা কি ভবিষ্যতের গর্ভাবস্থায় সি. এফ-এর জন্য পরীক্ষা করতে পারি বা আমাদের পরবর্তী শিশু প্রভাবিত হতে পারে কিনা তা পরীক্ষা করতে পারি, এবং এর সাথে কী জড়িত থাকবে?",
      "answer": "Bangla answer:\n\nপ্রথমে আপনি অনুচ্ছেদ করতে পারেন যে আপনি মৌখিক পরীক্ষা করছেন বা আপনার পরিবারের সাথে পরীক্ষা করছেন। আপনি পরিবারের সাথে পরীক্ষা করতে পারেন যে আপনি সি. এফ-এর জন্য পরীক্ষা করছেন বা আপনার পরিবারের"
    },
    {
      "question": "যদি ঘাম পরীক্ষা স্থানীয়ভাবে উপলব্ধ না থাকে-আমরা কীভাবে এগিয়ে যাব, এবং আপনি কি আমাদের নথিগুলি পর্যালোচনা করে ডাক্তারকে সিদ্ধান্ত নিতে পারেন যে কী করতে হবে?",
      "answer": "ধন্যবাদ! আমরা এখনও ভালভাবে জানছি। আপনি অস্ত্রোপকম ও খাদ্য পরীক্ষা চালিয়ে যাবেন; আমরা আপনাকে সহায়তা করতে পারি যে কোনও সময়ে আপনার সাথে সাথে সাথে সাথে আপনার সাথে সাথে সম্ভবত সামগ্রিক পরীক্ষা কর"
    },
    {
      "question": "আমাদের ঠিক বাড়িতে কী লগ ইন করা উচিত-আমাদের কতবার শিশুর ওজন করা উচিত, মল সম্পর্কে কী এবং কোন লক্ষণগুলির অর্থ হল আমাদের হাসপাতালে ছুটে যাওয়া উচিত?",
      "answer": "ধন্যবাদ! আমরা আপনাকে নিচের ভিত্তিতে এই পরিকল্পনাটি সহজ করতে পারি।\n\n1) প্রথম ফলাফল খুব সহজ হয়েছে যদি ওজন বেশি বেড়ে গেছে এবং মল সম্পর্কে কোনও প্রশ্ন ঘটে। এখন আমরা প্রয়োজন হলে আপনাকে হাসপাতালে য"
    },
    {
      "question": "আমাদের অন্যান্য সন্তান বা পরিবারের সদস্যদের কি পরীক্ষা করানো উচিত যদিও তারা ভাল বোধ করছে, এবং আমরা কীভাবে আত্মীয়দের সাথে এই বিষয়ে কথা বলতে পারি?",
      "answer": "পরীক্ষা হল সাধারণত পরিবারের সদস্যদের জন্য একটি সহজ পরীক্ষা। আমরা সাধারণত পরিবারের সদস্যদের সাথে চিঠি বা ফোন ব্যবস্থা করি এবং আপনার সাথে সাথে আপনার সাথে সাথে সম্পর্কে আলাদা কথা বলতে পারি। আপনার সাথ"
    },
    {
      "question": "আপনার কি এখানে ঘাম পরীক্ষা বা জেনেটিক পরীক্ষার খরচ এবং অপেক্ষার সময় সম্পর্কে কোনও ধারণা আছে, এবং বীমা সেগুলি কভার করে কিনা?",
      "answer": "ধন্যবাদ! আমরা এই ভালো গুরুত্বপূর্ণ ফলাফলগুলি শুরু করতে চাই। আপনি একজন প্রশিক্ষিত প্রশিক্ষিত প্রশিক্ষিত হলে একটি পরীক্ষার পরিকল্পনা থাকবে। আপনি একটি প্রশিক্ষিত প্রশিক্ষিত প্রশিক্ষিত প্রশিক্ষিত �"
    },
    {
      "question": "যদি সি. এফ নিশ্চিত করা হয়, সঠিক চিকিৎসা শুরু করার পরে আমরা কত দ্রুত উন্নতি আশা করতে পারি এবং প্রাথমিক লক্ষণগুলি কী কী?",
      "answer": "প্রথমে বিশেষজ্ঞ সি. এফ-এর জন্য অভিভাগ ও সহায়তা করে এবং আপনার মধ্যে সম্পর্কে সম্পর্ক রাখতে পারে। আপনি সি. এফ নিশ্চিত করার পরে আপনি সি. এফ-এর সম্পর্কে সম্পৃক্ত সমস্ত প্রচারক সম্পর্কে সম্পর্ক রাখতে প"
    },
    {
      "question": "আপনি কি আমাদের সেই তথ্য পুস্তিকা দিতে পারেন এবং সম্ভবত কিছু নির্ভরযোগ্য উৎস নির্দেশ করতে পারেন যাতে আমাদের পুরো পরিবার সিএফ আরও ভালভাবে বুঝতে পারে?",
      "answer": "হ্যাঁ, আমরা আপনাকে সেই তথ্য পুস্তক দিতে পারি। আপনার পুরো পরিবারের জন্য অন্যান্য উপসর্গ হল চিকিৎসা ও পরিষ্কার মাধ্যমে কিছু নির্ভরযোগ্য উৎস। আমরা আপনাকে সম্ভবত সিএফ ফলাফল এবং সম্ভবত সম্ভব সম্পর্কে"
    }
  ]
}